$MeshFormat
4.1 0 8
$EndMeshFormat
$Entities
3 6 3 1
1 0.5 0 0 0 
2 0.3 0.05 1 0 
3 0 -0.1 2 0 
1 -0.5000000999999999 -0.5000000999999999 -1e-07 0.5000000999999999 0.5000000999999999 1e-07 0 2 1 -1 
2 -0.1000001 -0.1500001 0.9999999000000001 0.3000001 0.2500001 1.0000001 0 2 2 -2 
3 -0.2000001 -0.2000001 1.9999999 1.000000000028756e-07 1.000000000028756e-07 2.0000001 0 2 3 -3 
4 -0.5217937381401798 -0.5181481814126403 -1e-07 0.5000001000000194 0.5181481814126425 1e-07 0 2 1 -1 
5 -1.000000000583867e-07 -0.1000000999999999 -9.999999994736442e-08 0.5000000999999999 0.09476336234184937 2.0000001 0 2 1 -3 
6 -0.204358841957557 -0.2036297321509793 1.99999989999891 1.000000006828872e-07 0.003629732150979614 2.000000100000863 0 2 3 -3 
1 -0.7418500898093821 -0.6775458972315771 -1.000000000583867e-07 0.5000001000000194 0.6775458972314212 2.000000100000863 0 4 4 5 -6 -5 
2 -0.5217937381401798 -0.5181481814126403 -1e-07 0.5000001000000194 0.5181481814126425 1e-07 0 1 -4 
3 -0.204358841957557 -0.2036297321509793 1.99999989999891 1.000000006828872e-07 0.003629732150979614 2.000000100000863 0 1 -6 
1 -0.7418500898093821 -0.6775458972315771 -1.000000000583867e-07 0.5000001000000194 0.6775458972314212 2.000000100000863 0 3 1 2 -3 
$EndEntities
$Nodes
13 1160 1 1160
0 1 0 1
1
0.5 0 0
0 2 0 1
2
0.3 0.05 1
0 3 0 1
3
0 -0.1 2
1 1 0 39
4
5
6
7
8
9
10
11
12
13
14
15
16
17
18
19
20
21
22
23
24
25
26
27
28
29
30
31
32
33
34
35
36
37
38
39
40
41
42
0.4938441702975689 0.07821723252011538 0
0.4755282581475768 0.1545084971874736 0
0.445503262094184 0.2269952498697733 0
0.4045084971874738 0.2938926261462364 0
0.3535533905932739 0.3535533905932736 0
0.2938926261462367 0.4045084971874736 0
0.2269952498697736 0.4455032620941838 0
0.1545084971874739 0.4755282581475767 0
0.07821723252011568 0.4938441702975688 0
3.636830773662308e-16 0.5 0
-0.07821723252011507 0.4938441702975689 0
-0.1545084971874734 0.4755282581475769 0
-0.2269952498697732 0.4455032620941841 0
-0.2938926261462363 0.4045084971874738 0
-0.3535533905932734 0.3535533905932741 0
-0.4045084971874734 0.293892626146237 0
-0.4455032620941837 0.2269952498697738 0
-0.4755282581475767 0.1545084971874742 0
-0.4938441702975687 0.07821723252011636 0
-0.5 9.494107596574928e-16 0
-0.493844170297569 -0.07821723252011471 0
-0.4755282581475772 -0.1545084971874724 0
-0.4455032620941844 -0.2269952498697723 0
-0.4045084971874747 -0.2938926261462352 0
-0.3535533905932748 -0.3535533905932728 0
-0.2938926261462377 -0.4045084971874729 0
-0.2269952498697751 -0.4455032620941831 0
-0.1545084971874759 -0.4755282581475761 0
-0.07821723252011771 -0.4938441702975685 0
-2.756383769036427e-15 -0.5 0
0.07821723252011227 -0.4938441702975694 0
0.1545084971874707 -0.4755282581475778 0
0.2269952498697705 -0.4455032620941854 0
0.2938926261462343 -0.4045084971874753 0
0.3535533905932721 -0.3535533905932754 0
0.4045084971874728 -0.2938926261462377 0
0.4455032620941833 -0.2269952498697747 0
0.4755282581475765 -0.1545084971874747 0
0.4938441702975688 -0.07821723252011599 0
1 2 0 15
43
44
45
46
47
48
49
50
51
52
53
54
55
56
57
0.2847759065022574 0.1265366864730178 1
0.2414213562373098 0.1914213562373093 1
0.1765366864730184 0.2347759065022572 1
0.1000000000000006 0.25 1
0.02346331352698292 0.2347759065022577 1
-0.0414213562373088 0.1914213562373102 1
-0.08477590650225691 0.126536686473019 1
-0.1 0.05000000000000127 1
-0.08477590650225783 -0.02653668647301678 1
-0.04142135623731052 -0.09142135623730847 1
0.02346331352698094 -0.1347759065022569 1
0.09999999999999908 -0.15 1
0.1765366864730172 -0.1347759065022577 1
0.2414213562373092 -0.09142135623730978 1
0.2847759065022573 -0.02653668647301825 1
1 3 0 7
58
59
60
61
62
63
64
-0.02928932188134513 -0.02928932188134536 2
-0.09999999999999969 0 2
-0.1707106781186544 -0.02928932188134491 2
-0.2 -0.09999999999999937 2
-0.1707106781186553 -0.1707106781186543 2
-0.1000000000000005 -0.2 2
-0.02928932188134539 -0.1707106781186549 2
1 4 0 39
65
66
67
68
69
70
71
72
73
74
75
76
77
78
79
80
81
82
83
84
85
86
87
88
89
90
91
92
93
94
95
96
97
98
99
100
101
102
103
0.4938441595498767 0.07821723156528569 0
0.475528249388963 0.1545084968377041 0
0.4455032628394401 0.226995253300817 0
0.404508501596999 0.2938926314914005 0
0.3535533926791644 0.3535533938515061 0
0.2938926252437531 0.4045084968943184 0
0.2269952478981299 0.4455032600891819 0
0.1545084955255739 0.4755282566440022 0
0.07821723126301287 0.4938441697157988 0
-1.120690602818275e-09 0.4999999992560844 0
-0.07821723342250776 0.4938441685696563 0
-0.1545084979233752 0.4755282560302958 0
-0.2269952510450817 0.4455032611041194 0
-0.293892628591075 0.404508498366511 0
-0.3535533944302077 0.3535533935811427 0
-0.4045085012141867 0.2938926294555073 0
-0.445503264132507 0.2269952521312913 0
-0.4755282564781888 0.1545084980481259 0
-0.4938441650053103 0.07821723259049404 0
-0.4999999932047504 -4.447830992404533e-15 0
-0.4938441650053091 -0.07821723259050284 0
-0.4755282564781864 -0.1545084980481346 0
-0.4455032641325033 -0.2269952521312995 0
-0.4045085012141818 -0.2938926294555149 0
-0.353553394430202 -0.3535533935811492 0
-0.2938926285910682 -0.4045084983665163 0
-0.2269952510450741 -0.4455032611041235 0
-0.1545084979233675 -0.4755282560302985 0
-0.07821723342250018 -0.4938441685696573 0
-1.120683212896267e-09 -0.4999999992560843 0
0.07821723126302013 -0.4938441697157972 0
0.15450849552558 -0.4755282566439998 0
0.2269952478981344 -0.4455032600891793 0
0.293892625243756 -0.4045084968943163 0
0.3535533926791663 -0.3535533938515045 0
0.4045085015969999 -0.2938926314913999 0
0.4455032628394405 -0.2269952533008174 0
0.475528249388963 -0.1545084968377047 0
0.4938441595498765 -0.07821723156528611 0
1 5 0 25
104
105
106
107
108
109
110
111
112
113
114
115
116
117
118
119
120
121
122
123
124
125
126
127
128
0.4882412061077104 0.01169464672609983 0.07824941002373173
0.4757849364045662 0.02203176621814956 0.1565819853533718
0.4626407360031373 0.03101744668328884 0.2349688326155875
0.4488189630246751 0.03865966467883659 0.3133816413988589
0.4343307201691593 0.04496820181624714 0.3917928032842858
0.4191877849104711 0.04995454937940086 0.4701755101299083
0.4034025353473708 0.05363180466368483 0.5485038532643182
0.3869878809738903 0.05601455847405358 0.6267528811694955
0.3699571809183303 0.05711877952949128 0.7048987059840681
0.3523241776563525 0.05696169194520308 0.7829185258499954
0.3341029290736383 0.05556165324031657 0.8607906557623108
0.3153077256377288 0.05293802992766376 0.9384946192271245
0.2959530433067388 0.04911107639137668 1.016011088395331
0.2760534631424778 0.04410181225813429 1.093321968829286
0.2556236257134534 0.03793190744747767 1.17041034671238
0.2346781750032322 0.03062357010641601 1.247260489111003
0.213231703766922 0.02219943785645533 1.323857845161358
0.1912987074072838 0.01268247548072251 1.400189023702566
0.1688935479399943 0.002095881604539555 1.476241746054557
0.1460304205222385 -0.00953699784816741 1.55200480246079
0.1227233122967938 -0.02219275557084446 1.627468044079039
0.09898597224955294 -0.03584799970023413 1.702622346223688
0.07483189866568146 -0.05047941561688461 1.777459526781671
0.05027431509850159 -0.06606382883600151 1.851972313259989
0.02532614287609219 -0.08257826682209764 1.926154327612706
1 6 0 7
129
130
131
132
133
134
135
-0.0292893134592832 -0.02928931392342639 1.999999999999997
-0.1000000031868764 -5.87801644057062e-09 2
-0.1707106781299806 -0.02928931906951922 1.999999999999999
-0.19999999864095 -0.1000000000000002 2
-0.1707106781299802 -0.1707106809304812 2
-0.1000000031868757 -0.1999999941219836 2
-0.02928931345928278 -0.1707106860765728 1.999999999999998
2 1 0 531
136
137
138
139
140
141
142
143
144
145
146
147
148
149
150
151
152
153
154
155
156
157
158
159
160
161
162
163
164
165
166
167
168
169
170
171
172
173
174
175
176
177
178
179
180
181
182
183
184
185
186
187
188
189
190
191
192
193
194
195
196
197
198
199
200
201
202
203
204
205
206
207
208
209
210
211
212
213
214
215
216
217
218
219
220
221
222
223
224
225
226
227
228
229
230
231
232
233
234
235
236
237
238
239
240
241
242
243
244
245
246
247
248
249
250
251
252
253
254
255
256
257
258
259
260
261
262
263
264
265
266
267
268
269
270
271
272
273
274
275
276
277
278
279
280
281
282
283
284
285
286
287
288
289
290
291
292
293
294
295
296
297
298
299
300
301
302
303
304
305
306
307
308
309
310
311
312
313
314
315
316
317
318
319
320
321
322
323
324
325
326
327
328
329
330
331
332
333
334
335
336
337
338
339
340
341
342
343
344
345
346
347
348
349
350
351
352
353
354
355
356
357
358
359
360
361
362
363
364
365
366
367
368
369
370
371
372
373
374
375
376
377
378
379
380
381
382
383
384
385
386
387
388
389
390
391
392
393
394
395
396
397
398
399
400
401
402
403
404
405
406
407
408
409
410
411
412
413
414
415
416
417
418
419
420
421
422
423
424
425
426
427
428
429
430
431
432
433
434
435
436
437
438
439
440
441
442
443
444
445
446
447
448
449
450
451
452
453
454
455
456
457
458
459
460
461
462
463
464
465
466
467
468
469
470
471
472
473
474
475
476
477
478
479
480
481
482
483
484
485
486
487
488
489
490
491
492
493
494
495
496
497
498
499
500
501
502
503
504
505
506
507
508
509
510
511
512
513
514
515
516
517
518
519
520
521
522
523
524
525
526
527
528
529
530
531
532
533
534
535
536
537
538
539
540
541
542
543
544
545
546
547
548
549
550
551
552
553
554
555
556
557
558
559
560
561
562
563
564
565
566
567
568
569
570
571
572
573
574
575
576
577
578
579
580
581
582
583
584
585
586
587
588
589
590
591
592
593
594
595
596
597
598
599
600
601
602
603
604
605
606
607
608
609
610
611
612
613
614
615
616
617
618
619
620
621
622
623
624
625
626
627
628
629
630
631
632
633
634
635
636
637
638
639
640
641
642
643
644
645
646
647
648
649
650
651
652
653
654
655
656
657
658
659
660
661
662
663
664
665
666
0.295962106757586 -0.01402749101300453 0.9734470220031525
0.2141069256465273 -0.03731339774933427 1.268525957740259
0.1343002530599976 0.06585900463771004 1.519231275763464
0.3143806465563887 0.1232669575231444 0.8972998161704931
0.2074572956651395 0.09363267987674206 1.288332942174757
0.3354280531666316 -0.01810217411440711 0.8047808116034197
-0.4613616268364199 0.03630994869208355 0.05783160004325572
-0.3112333090500661 0.3565249898170377 0.05830013635309186
-0.2965663087936795 -0.355912641278673 0.05386380573451414
0.3709328082812724 0.1255873687177992 0.6609583720203345
-0.1137686001838448 0.4700374042020647 0.05150201552645654
0.02842860692022967 -0.466211160738303 0.06079416136011672
0.4017302127771186 -0.02700133862795135 0.5083291953011396
0.07093587166585445 -0.1047840941312126 1.722883847214832
0.1958893368783427 0.4482354421136082 0.06602473080705014
0.06095999281169229 0.02899328012930203 1.737113788767112
0.307098918683523 -0.3676873110722283 0.05792387474930893
0.4209597553833344 0.1162702061737689 0.4254864369681348
0.4485108030208172 -0.03087521500862643 0.2832091999699399
-0.4263632817201954 -0.1745724864981174 0.05664228153333885
0.3734245410272514 0.3190432463893466 0.07818726483985371
0.451433923975346 0.1036805814304889 0.2643200630554716
0.2732697229984209 0.1162189882852161 1.053394547564981
-0.1773014730363103 -0.0667249582036111 1.933047200355277
-0.1296981797470949 -0.1716977394908444 1.935386811640875
0.1180464844693177 -0.08125274539205375 1.573726681607727
0.1654751571034253 -0.05895381578344022 1.424673048946216
0.2543451227336764 -0.02676725365565568 1.123394968174042
0.3700358115946651 -0.003563992572144808 0.6740358949451514
0.03886212823039441 0.4809839011830787 0.07431175463735495
0.4477815766259794 -0.1854772071642663 0.06653488410587961
0.1933526896403301 -0.4264717028008185 0.07214630282736947
-0.4012268598584748 0.2428780632877124 0.05701524316607458
-0.101141899383945 -0.4541598550550681 0.05712506610192707
0.4549819150396662 0.1884596838892801 0.06768304598851806
0.01225363747705135 -0.0101835956465045 1.894750052130919
0.02052982005056664 -0.136482597655451 1.865019144487603
0.4771074982829184 -0.04464456066486706 0.121713005193553
0.4782957962931383 0.08536095658511868 0.1077853133410452
-0.05139402786949217 0.01276512757211011 1.934299345676426
-0.1309940312511464 0.001669238174085712 1.932714117983286
-0.1539913328598566 -0.03561120353147566 1.865935045685596
-0.1535192338917085 -0.1182693642292842 1.882680423324197
-0.1398800388680118 -0.08534507361779629 1.805345768314261
-0.1302597896573649 -0.006026822498736515 1.79761071708147
-0.1268392007514268 -0.05599051573330725 1.733876977394283
-0.09640535423594246 -0.1256126272841334 1.753786749831677
-0.09259268531041802 -0.1010075800581938 1.679054249628021
-0.1137480249203298 -0.02527939521795298 1.661977695404
-0.08913870587156411 -0.07571254354636758 1.604011509268129
-0.1004871953454344 0.003142844609680348 1.588443181942557
-0.03671459893668941 -0.1291195180572297 1.629405376235173
-0.08640146665849294 -0.04937173170122247 1.529282850557695
-0.087827110708372 0.0304913668154886 1.5137910552209
-0.08387608696900595 -0.0225661534428392 1.453857129897504
-0.07573515697833386 0.05793911434089635 1.43697658728862
-0.08175962771205149 0.005108987988148036 1.378195820618544
-0.05557927625510457 -0.06890939707619541 1.393767356368322
-0.06411099531110412 -0.04463547835503083 1.319967807232421
-0.07998468010529602 0.03188349722133076 1.303229946439723
-0.07207581379323963 -0.01998493956706438 1.244535971189177
-0.07872717257916821 0.05943124619869571 1.225864640641098
-0.08029299737185323 0.005568951012699771 1.167958548662924
-0.05702149974321574 0.1068496388469269 1.287028070866213
-0.0471484214081672 0.1349031602354408 1.207609045501417
-0.04838734239763389 -0.0646755377589994 1.182553372837752
-0.06486439933777199 -0.04486733887806227 1.107674627695436
-0.08882471003517101 0.0299612648300562 1.090070990546321
-0.08192670283894979 -0.02331768198353816 1.033545023506131
-0.03762987630738017 -0.08807676072056655 1.047955132549965
-0.06284950659504548 -0.07164667505163201 0.9741191441701988
-0.0989344859410505 -0.002074277776104246 0.9594989117292667
-0.08776547657946188 -0.05438395566923521 0.9003859345239078
-0.1166101510148405 0.01968750174911954 0.8852270595037013
-0.113736331423815 -0.03456909080670743 0.8266201452755666
-0.135160986082534 0.04045446027405847 0.8100365233132667
-0.1391413845796737 -0.01503361966628481 0.754476686872168
-0.1543249364857843 0.06105714275081273 0.7368418829382236
-0.1650855935184326 0.004576184985322647 0.6819147736997219
-0.1749669970498658 0.08106380197282197 0.6627562078240612
-0.1195829359675808 0.09679189199292612 0.8656496643454528
-0.1924003606989034 0.02608642839084255 0.6080277029717118
-0.1968957468789148 0.1007993452389414 0.5890753528449605
-0.2191445333644595 0.04433304765476237 0.5373242926014077
-0.2011127599753287 -0.02969742255384363 0.5549623319949595
-0.102717448661622 -0.08399655048644319 0.7677977994642498
-0.2203549586910389 0.1204283204576479 0.5152544160065864
-0.1853331028544322 0.1744503972236194 0.5622109112567582
-0.2338750980487163 -0.01222130812091569 0.4844603488624419
-0.204978933577954 -0.08389025186970539 0.4978972233843818
-0.2059379338030863 0.1932218511524888 0.4880359420059199
-0.1591705388623863 0.2417843285481344 0.5296588826531339
-0.178335125147643 0.2596885655214096 0.454888032889464
-0.1212016881722546 0.3002064911913598 0.4919314179866477
-0.1042227696130706 0.2837837852022786 0.5658065936795355
-0.05641043303653567 0.3316031961276721 0.5252197872819186
-0.03915311136418618 0.3157862515148738 0.6010542048461357
0.01482740469024461 0.3508206001077278 0.5545469884742116
-0.002834816581160204 0.3676118324865328 0.4789660674264754
0.03234428342483278 0.334355560474452 0.6302522214478764
-0.245074166241071 -0.06676538679718913 0.4263727961550275
-0.2058499585445985 -0.1370852051194056 0.4364169686938245
-0.1611817982538485 -0.1490427690177382 0.5055724968266668
-0.1554540228848945 -0.1980895837673926 0.4372813259016411
-0.1059197285172403 -0.206230603699173 0.4997151114337438
-0.09394466585268144 -0.2477932422622478 0.4325565674749139
-0.03976190346972215 -0.2495607244206111 0.488962627964125
-0.02469205651866089 -0.2845075511673809 0.420621896471845
0.03273637062270257 -0.2770812017416281 0.47295154076382
0.07213157599336574 0.373380997778252 0.5044485032119542
-0.2276595500659307 0.2127675180192992 0.4144354360505297
0.04855882953547756 -0.3070862798587045 0.4013856684760604
0.1078320554564023 -0.2888564503326195 0.4506692880143647
0.09178979076980759 -0.2637188855027501 0.5241157507414849
0.05358926177723122 0.3918656002149862 0.4279106731631215
0.1301135705971751 0.3840905784522695 0.4513332318776356
-0.1986651502624643 0.2782124249414341 0.3806816674990237
-0.03513585307045835 -0.1152540858032452 0.9067051823751303
-0.2058785604020898 -0.1954318582903121 0.3618607249538562
0.1237037394303667 -0.3145651227402407 0.3774327886739324
0.1818354434773001 -0.2852766184706483 0.4226000893554216
0.1479346936560222 0.3635610179685623 0.5259325064360477
-0.01471052603221005 -0.3199059891895256 0.3476164893264478
-0.2505710721237252 0.2330607281925421 0.3409231745619331
0.2039325401640566 0.3612179080617897 0.4696571461482542
0.1863347370719975 0.3844085267160112 0.3943520413223949
0.1970075958502293 -0.3077372024839142 0.3481492281285387
0.2515285519591958 -0.2676062227899864 0.3893124376875262
0.2376618999762376 -0.2480983599845092 0.4649267105810184
-0.2207772891183488 0.2974639850453996 0.3054241734728613
-0.02223551563770906 0.3007668109041303 0.677221948637193
0.04979640831064826 0.318044261324003 0.7060737017517116
0.2564438488651791 0.3496173447381869 0.4105624899831087
0.2401619856882865 0.3745105470932281 0.3376911314409802
0.16912385697383 0.4057208518049889 0.3213243431465509
0.2661824468549274 -0.2879529655563814 0.3128540112245275
0.140814560964173 -0.3392727879894928 0.3075618041816809
0.2704842221400894 0.3240242010001371 0.4827002226135769
0.3043770667677002 0.3298949624996982 0.3511442216948949
-0.05210294697348119 -0.2120905832766202 0.5650488833506709
-0.1602405669806031 0.3351898090304392 0.3413385697993324
-0.2696730115498043 0.1621495077783885 0.3706166999417053
-0.295545609824805 0.1838719225686599 0.2992000330334793
-0.3054777340397576 0.1095202997078067 0.3238815341883153
-0.3350640301638077 0.132326682434368 0.2543494220022401
-0.3362744606468439 0.05609968584824654 0.2746630205726908
-0.005567461522933543 0.2864960630162203 0.7536712421417477
0.06725822849821368 0.301617611568555 0.7819496626007731
0.1256995524572489 0.3165944453957648 0.7300171618022779
0.3015839013876045 -0.2194031377886899 0.4276509726930331
0.2890259352216772 -0.2018925702781757 0.5040867133151726
0.1433109273583834 0.2957656349206015 0.8048377778187543
0.08482699166650542 0.2846752112580294 0.8577865685375657
0.1998771461330262 0.294530966305423 0.748061039410157
-0.1805951528886418 0.3535336046748327 0.26788153343235
-0.1138600925536733 0.3824552680414868 0.2986421974321727
-0.05735254585380607 0.078317049388699 1.574893470497213
0.2895021135729246 0.3570066867934915 0.2780937508135557
0.3470042596479422 0.3044559145090302 0.2889194548275671
-0.01241886216042229 -0.1025520863883924 1.338186345708829
0.1620747392450584 0.2739276849108382 0.8746323092641597
0.1030272103299139 0.26711924174987 0.931522901466306
0.02091658298532861 0.2587366907962593 0.8999443956262136
0.04449141256937519 0.2460290505387851 0.9839824231736074
-0.3223365660541395 0.205684956620675 0.2282819551340813
-0.07012910631784872 0.2541132202448486 0.7203289226209422
0.1205761514697156 0.2469774788884876 1.007629608373295
0.06266646389329593 0.2322645985172813 1.058942666950806
-0.005141398245368215 0.2139292167774872 1.025085298932455
0.004665638009439334 -0.1164954229599383 1.414791499759407
-0.00299896460962323 0.1620368552493716 1.269007054458456
-0.3651803929250347 0.1554114298790628 0.1852473307139847
0.3586391071300623 0.2730041189676597 0.3618842719021948
-0.0134468976613762 0.1417417910880215 1.34481444061194
-0.1348029375486992 0.4005895523989948 0.2232558488427925
-0.06254568672132409 0.4195371493357837 0.2515182856331394
0.13793291151972 0.2240357855872262 1.082949472656463
-0.2016346853847279 0.3727633222507326 0.1943182689220471
-0.0533299855947415 0.2446742882323518 0.7897472455495461
0.3446666975437188 -0.1629978333071496 0.4623421367139436
0.3568974027209927 -0.1798758118468522 0.3851671542052966
0.333010831528553 -0.1461644004665606 0.5398903333155757
0.2769953988486008 -0.1850033823840685 0.580868278229718
0.1831511260788382 0.3190536731159455 0.6748661935332637
0.2503322929278085 0.2840382592256073 0.6887606009496758
0.2656960565502918 0.2514679948070535 0.7621404411850706
0.07950367402707151 0.2155590399103323 1.13660120346248
0.1546480937860141 0.1973291141155233 1.156245138019217
0.0543141171701876 0.1685097006296575 1.323975361949698
0.04624111848251095 0.1503693886369904 1.397533183738735
0.3340896417742691 0.3329611147907851 0.2171428012365272
0.3821938377945382 0.2766345323290999 0.2282772904353881
0.2735606560055508 0.3824492411563881 0.20486767768617
0.3870999282706113 -0.1199089387447465 0.4173411804719699
-0.3029323050108643 0.03283973494997854 0.3422811296524343
-0.3253311348640248 -0.02074332716170859 0.2888637709196284
-0.3631165000623877 0.002323147183684655 0.2235757969062577
-0.3449094759375502 -0.0737044249801718 0.2338305293873971
-0.3869350366099454 -0.05135519775250365 0.1710199572208024
-0.3628025814347412 -0.1261440375789775 0.1771518681434962
-0.3157545039551952 -0.1467867658893482 0.2374333835802379
-0.328253378922879 -0.1968691299038308 0.1779385910876139
-0.2760973089032818 -0.21473313717609 0.2349538990540727
-0.2848360531250559 -0.2623226354647631 0.1720412044804896
-0.227562673065658 -0.2761569074983201 0.2253923251573026
-0.2347481946249317 -0.3200241955205561 0.1598905880054862
-0.1721762270182157 -0.3295176315336043 0.2086009382836216
-0.1689893445790116 -0.288163552722157 0.2755905798828989
-0.1100367813347674 -0.3358435313925719 0.2522261922136416
-0.1106102287832872 -0.3735382766283435 0.1865435688712225
-0.04544773264418475 -0.372354934680412 0.2253964834062339
-0.3401948997272481 -0.2483588841641643 0.1163928785916789
-0.04258131931821094 0.4022367830128947 0.3254303579050296
0.01226965950588602 0.4283572209357721 0.2752445664562566
-0.008544404393980513 0.4464756236328665 0.200079542458665
0.06813615687812546 0.4441595619848692 0.2217654792093098
-0.04634415788360328 -0.4077373591342784 0.1585564786436603
0.02274843728817803 -0.3970946797562624 0.1957627312366407
-0.1079243459005221 0.195296307583501 0.7572874610051141
-0.124240712840943 0.2091323713548188 0.6803879715031068
0.320805684383506 -0.1317320105999536 0.6153278540401677
0.2656677540558967 -0.1689515120860202 0.6573337727993031
0.2115445952137643 -0.2114168850004437 0.6172379881773959
0.199728309477418 -0.1942452705928622 0.6946616857000245
0.2547359372719313 -0.1534987511664065 0.7353373385385509
0.1885364576795329 -0.1786786396497558 0.7711438551027991
0.1273582390592308 -0.2029595370636098 0.7263570492305046
0.1158941756247068 -0.1853814765702163 0.8038685323686198
0.1776459669549431 -0.1642486893404612 0.8495689974801253
0.05355711332520182 -0.1918187851463374 0.754697999808657
0.06484647462208852 -0.2138785222505116 0.6790173071564262
-0.006234279218591519 -0.1867569406051464 0.7024060094213321
0.1048422883154925 -0.1698180424240501 0.8806751202924685
0.1670272672266524 -0.1518196485520966 0.9267354527694025
0.09385981897372074 -0.1560093377382664 0.9589643622905821
0.156538700742615 -0.1408724319828439 1.005832503749664
0.2335634316815535 -0.1262869244752404 0.891824377500845
0.2372649738286684 0.3107205502110669 0.6169966583146673
0.3044114641471831 0.2556137407983671 0.6331441427621198
0.1931871717290853 0.2190516106681829 1.025622588949507
0.08479604747267536 -0.1448418840539971 1.034877139542846
0.1465472314116017 -0.131961903192406 1.083452764409798
0.07313598569580555 -0.1356545582270934 1.111278605063185
0.1379424303992594 -0.1247446314466149 1.159242231358745
0.3998007989648054 -0.1354097710081148 0.3399587412351315
0.3689827714046561 -0.1974148724686169 0.3087662343878975
0.4115939542596061 -0.1527536252794686 0.2630233663724482
0.3815832081030199 -0.2152434950657621 0.2317987679621306
0.1150567884985009 0.147901023504198 1.364015110142757
0.06131320866682344 -0.1243359216911788 1.359254226844788
0.04621306244933905 -0.1235338389955135 1.265829337633429
0.4278364999355971 -0.1641495073763718 0.1812874803992526
0.3930171843939672 -0.234746921167786 0.1559813908664124
0.3424655834134199 -0.275041043702325 0.1977480050089927
-0.3999618645595995 0.02654870615670235 0.1598093637074421
0.1028224766001305 0.1966044127567753 1.208217598648896
0.2106007239423679 -0.106691096020202 1.045391704996164
-0.01175807000433905 -0.1634756245394225 0.7738989661475604
0.1147871523354736 -0.1182518376365153 1.299908356642374
-0.348810852231664 0.2283582390186356 0.1592622518368689
-0.2994217910534798 0.2740488774324227 0.1965930566014857
-0.1075748235573026 -0.2968489999515506 0.3243028505816099
-0.1564660998620504 0.4183740820623543 0.1503766195307303
-0.223841349508392 0.3914703124973776 0.1226831307237406
-0.2647514731569259 -0.1685391101428413 0.2997537670598765
0.3193592364908513 0.3601862228621143 0.1444087362969262
0.2549486772991325 0.4080469635982418 0.128582333548053
0.204023708171577 0.4212864011889454 0.1898401626681623
0.02274950696705655 -0.3608256122958833 0.2718499466281692
0.4223728537235423 -0.06391539215602746 0.3695349425912117
0.3566197948907858 -0.2913992461029987 0.1279869095737582
0.2990708930053551 -0.3263895315010907 0.1647482897135584
0.09121274821815435 -0.3821282541741049 0.224376617541878
0.09100494116122031 -0.4121391877024355 0.1593548921389494
0.158612417923588 -0.3849516004490921 0.1894207990900758
0.1086617053871492 0.1226867002983773 1.445714336292515
0.03523128200982183 0.131630991243477 1.473016831661198
0.1764739659183641 0.1559557555211447 1.239527887579824
0.2120023525360663 0.1523750057736269 1.168294855290809
0.01084965130183334 -0.1314027348577637 0.9833002138785569
-0.4085391704885747 -0.1047279431436311 0.1173239038643085
0.3661274780327759 -0.08398222545701191 0.5676473674034076
0.0196887235326053 0.1896952161211627 1.189356799218199
-0.04416270704818721 0.154938260027246 1.13139006568347
-0.09104699636582084 0.1846945594670686 0.8373978904611123
0.0924185367876289 -0.117469307078499 1.438489691927414
0.02066232260574169 -0.1269106498917333 1.498588253522155
-0.3212688756618293 0.3018377732361039 0.1228669331209345
-0.09376615271358874 0.02801412019862037 1.855963861791962
-0.068935480663779 0.04655785991246512 1.791709207786631
-0.287148318279781 -0.04421322309464849 0.3540892011766018
0.004332975585666803 -0.2156672267603443 0.6247297766357693
-0.06221195921320964 -0.1743814729199678 0.6446289490094954
-0.1138753657902204 -0.1623130203970458 0.5741118444056963
-0.1241644715583689 -0.1169213914735167 0.6402307889831105
0.06147638812126501 -0.1290645944870636 1.181693978514403
-0.3958647733889807 0.187334545871016 0.1106939468679634
0.4439364180595056 -0.09601595557730727 0.2284645500367546
0.08846862760406488 0.4252454898854626 0.295671255280183
-0.269486786767083 0.009501840709085066 0.4105003050930642
-0.2548102196006257 -0.117991445393238 0.3651762317366972
0.07665024319441296 -0.2380572338606291 0.6015387682248453
0.03249739186766534 0.4105777597760535 0.3495315178012938
0.0478421889548214 0.4628531654457491 0.1478546704135553
-0.02613545312315296 0.4632500367344977 0.1320049565120484
0.1247518673401271 0.4490619113119491 0.1701345055258523
-0.07305085910738095 -0.09626267883801867 0.8379204957986317
-0.2476991087614986 0.06441819080726344 0.4648444549320244
-0.2212798557349315 -0.2355445435247421 0.2865799747235296
-0.137247581346772 -0.249513845527029 0.3761657751412377
-0.02242753037987757 0.3852374679139859 0.4004647737653725
0.03734863391427742 0.006005377845268943 1.821123708308924
0.4651886263952303 0.09554235808674909 0.1858822915629307
0.4428831984864888 0.1661499627372545 0.2146324223260563
0.4285172553649953 0.1725245688174324 0.2904582184792807
0.4362802467065561 0.1125732389727782 0.3444507681111951
0.4047888859983539 0.1954950748178292 0.3717747127401814
0.3936532194408588 0.1821441245674442 0.4608146037510847
-0.2676607118584911 0.3359674014524985 0.1598004429953804
-0.06554957642931897 0.08298423171650764 1.361412214433286
-0.02456834474205339 0.1222157533298821 1.419683593893208
-0.03794860860884469 0.1021676631570454 1.495510411223759
0.01876446337923807 0.1121917111962681 1.550635891676592
-6.693250686117327e-05 0.09219334252065728 1.630431768370169
0.07677459626486939 0.08211846177435908 1.598968245595516
-0.07070192610269702 0.06067113349612678 1.657822404054995
-0.1068028725184846 0.02159229325486053 1.726092547672578
-0.007877799242822062 0.07302489495637712 1.707516056068251
0.3883373436026538 0.122173205430572 0.5841388925262425
0.3578778350665152 0.1895790850579683 0.6105107805206941
0.3374725013422024 0.1913576512539693 0.6902193315685643
0.3378318915050253 0.2418332852793916 0.5552729449786222
0.3518176719145763 0.1287668540009851 0.7406427880903533
0.3333642261412632 0.1265812307353352 0.8192728923722958
0.2954235598549039 0.1857654913622331 0.8545617035648053
0.2753190188233542 0.1799261218461531 0.9319367065884063
0.2356979929442457 0.2347560752960751 0.8896506108525631
0.2823309135572309 -0.3078884720849585 0.2370186198894798
0.2144598661713829 -0.3295256737126602 0.2749745022091801
-0.07892241531802392 0.08476610694997026 1.146269182595171
-0.0815925430936459 0.1054866828667256 1.069983924494897
0.2939564491490722 0.1199364679118875 0.9766910919934422
-0.1654518476376262 -0.09816237798003877 0.571311106024998
-0.166405109109478 0.1569197985804624 0.6353033166559048
-0.1493134354805076 0.138437501677087 0.709367908727752
-0.1417731180537835 0.22371970070895 0.6052441973870861
-0.4029712254169466 0.1050799249915278 0.1407296581559638
-0.4426895022635976 0.1186310748106293 0.06868100165092592
-0.2436319980226376 0.316655732592913 0.2322500648595227
-0.07375045780924591 0.3489037372674177 0.4482411157490216
0.1845337934995671 0.08480501559009898 1.364358942063181
0.1609077150278692 0.07504608934349347 1.440317452728346
-0.08729201880615498 0.2680925255324076 0.6423609933287792
-0.108056677889418 0.07497792543101586 0.940573404586842
-0.08980008180402649 0.1523797013656873 0.9164046590202115
-0.04583390835722069 0.2149442194293788 0.9042343735772111
0.2099695528301643 -0.08883250420558374 1.126200972194866
0.1901536387220447 -0.08769825873437614 1.209732371202312
0.2208129175453872 -0.1162966336537241 0.9704330557767493
-0.1400844283957235 0.3175179060726426 0.4163118868431376
-0.09476799612484091 0.3650472842774038 0.3722995777474152
-0.03447339618416331 -0.1442591237660239 1.706500810702776
-0.03073416421498664 -0.1583480125407856 1.789079679769779
-0.1016111178013434 -0.1483601908366333 1.82741329925529
0.3286112945632502 -0.2564576241620666 0.2730401102737566
0.1375122899219151 -0.2223355369320303 0.6493806580185328
0.1525348320832579 -0.2422454979369014 0.5735097199931823
-0.04056704286101235 -0.1116553958548998 1.549205550376014
0.04278660643966334 -0.130575514656145 1.576870770217439
0.03038493577912623 -0.1370450666294543 1.670543488932579
-0.005611677334334458 -0.1066908516800662 1.12753190617638
-0.2446588831784132 0.1408618140599543 0.4425107943383914
-0.02968920057747925 -0.08555991676086794 1.26079521274532
0.242019174591931 -0.1407112196556396 0.813404703246306
0.2996045858564175 -0.09893324183069728 0.773964568591763
0.3107522748251745 -0.1142746838027912 0.6944853334637034
-0.1334157141265449 0.1209091091794932 0.7847096750610051
0.0448739930178558 -0.1725823391911653 0.8280453498972047
0.03142720816792628 -0.1539507495057692 0.8997876294878291
0.4044213034663332 0.120741494305214 0.5067731745696173
-0.07163527652360679 -0.1391456566158584 0.7183044011769354
0.2283161545518429 -0.355417966713714 0.1971481175052475
0.2565988449887278 -0.3749312009089181 0.1176805150239488
-0.2743931835532489 0.2535929738428894 0.2684329967030891
-0.3696422096994973 0.07971452383419424 0.2075858911485414
0.0655068409541292 -0.3361698337004691 0.3326195157032292
-0.08345516445293948 0.4364572400464397 0.1797135205214271
0.3149721930406906 -0.2376873631571807 0.350085733996096
-0.3791668331843691 -0.181853910701977 0.1174624224717518
0.1084826565878736 0.4052585370607167 0.372647292046523
0.1661528373269999 0.3418059822936517 0.6008590866311163
0.2200282232962896 0.3377212679215638 0.5417452501977184
0.341759711617537 -0.04899028971662685 0.7297776919136034
0.291516757998232 -0.07982573842771136 0.8546870935562566
0.01171022058627291 0.27551829412353 0.8215210625684629
0.3767017389732915 -0.1001569222901157 0.4954683839103817
0.09008238597050111 0.3550010444595278 0.5797131383030046
-0.4267188125774861 -0.02797006324918066 0.1112529157780771
0.2227350480956164 0.398595260251026 0.2626756176055887
0.1080053478599275 0.3361669598839399 0.6550023823824416
0.1478764198676173 0.4279238556042285 0.244526499049887
0.2242314575889059 -0.2293424400725096 0.5409374839244816
0.166769908340592 -0.263863665862994 0.4964610944926616
0.1773780603423868 0.2491877667938371 0.9481504288550999
-0.3022576524265294 -0.0966960351052327 0.2958360351953284
0.01833853648872725 -0.2466338219277075 0.5472104182619568
0.3731652708290375 0.3037660020570598 0.157938650747403
0.4188105098709275 0.2347433511384528 0.1697440437334879
-0.2764663899174298 0.08642804429266548 0.3939233822934209
-0.1764362515621845 -0.3708202486959524 0.1424980358822948
0.2180847519844303 0.1797729294215863 1.087618089132383
0.3175563059912477 0.301531812154985 0.4224574465183929
0.04471602141251585 -0.1212028054604973 1.796150333869249
0.08762072693317156 0.03596608195534053 1.671000976418735
-0.04633703028071117 -0.09264158709033921 1.471533607204134
0.3131919250262913 0.3787129492670553 0.06829145617117811
0.09420633841294211 -0.0932546194845419 1.647781373670476
0.1896155661598421 -0.04834707841036387 1.347219705419759
0.1422113721800599 -0.06955950377297455 1.498420339198232
0.3144492321187159 0.1924605132253126 0.7738816253763998
0.3151529943525816 -0.0147760913552851 0.8934706287525777
0.2752651583418102 -0.02065122357740954 1.048251903560835
0.4563784739392258 0.1602150722984031 0.1358400558679432
0.3858426265872791 -0.01384998334257009 0.5937476515438935
0.4229000480501378 -0.01214424228799858 0.4248502499843511
0.4067254258231675 -0.2506614692913698 0.08192565000916657
0.4220797697111803 0.2550005752934595 0.06385383978833352
-0.0849762902704026 0.1277916001298355 0.9959794210537334
0.02099927317212592 -0.4311194018230091 0.1278780820266337
0.1262197244452371 0.4705457853610538 0.06642883456368938
-0.04566766770818567 0.4800064761281831 0.06384038506349436
0.2754178539633673 -0.07327427344037575 0.9322248561277878
0.4732247459645091 -0.1087543593130529 0.07472707031818061
-0.09772758248586866 0.05196495309231509 1.016545117207282
-0.2367010216978066 -0.3643574150942075 0.09988743115232207
-0.1813663443034371 -0.4194411239189376 0.06715355414467068
0.3918735416056142 0.2434550636990029 0.3003555376248389
-0.177869614701365 0.4397455034936303 0.07101137805480398
-0.4505340500832778 -0.1022920986798971 0.05564899498113329
0.2137404707540126 0.2688754420894945 0.8199566207128828
-0.113870833884674 -0.4116877203947685 0.1206654974226243
0.1176107563317142 0.1704880948555415 1.289242770051525
0.2569276122178502 -0.405334140000841 0.05022238581607576
-0.3598870216080657 0.3034613984757751 0.05829497246812486
0.2531271359137561 0.1734860082208752 1.011973275070483
-0.04287325196654425 -0.4431085324038074 0.09557961624863985
0.1154731320952722 -0.4554113201387755 0.0614331832170744
0.2834083194025366 0.2960215694544807 0.5568010397765736
0.3781074934724036 0.1819914235779466 0.5364189201002971
0.2593764006418641 -0.06821353740445611 1.00751446889033
-0.0501426956740105 0.1917310483808708 0.967092920819336
-0.4685607323289054 -0.03493505856443575 0.04501827626893444
-0.1374984666021879 -0.06233806968581316 0.6975364288185859
-0.2929688868172969 -0.3084902589080769 0.1112995745968495
-0.3471610266450658 -0.2981790875971124 0.06127812976161524
-0.3928714135443299 -0.2386558460667046 0.05789904540622285
0.1369684140708043 -0.102435337454847 1.357960588146884
0.258213452177762 0.4193992372836112 0.0531762078346901
-0.002262641445157505 -0.150392190635719 1.936216348508343
-0.04710174484238913 -0.1732295533946682 1.878958324554147
0.2356143829115526 -0.03038684246491463 1.193357785357384
0.3262637110958337 0.2751242382259202 0.4896966747944124
0.2308868371994349 0.09893251460626901 1.212068602565078
-0.2525943373381756 0.4028000803237342 0.05949860252535431
0.365121243884941 0.244470575454641 0.4308513279380811
-0.0007650699667409904 0.05048467135102695 1.779441682246219
-0.05285755099161968 -0.3402770792078686 0.2839124038749929
0.1455157412854767 -0.4181225550030854 0.1240574907833654
0.008984091194090809 0.2040983475886072 1.101371916993503
0.360179211193692 -0.3174399362518611 0.06268495840927481
-0.01985281339327503 0.03495255299043009 1.842315401608315
0.1245688185961767 -0.1210715560925426 1.231756074646716
0.4489699191456767 -0.1498802814218574 0.1228289343863165
0.2543483997194003 0.1068421196951692 1.128119439006902
0.02093248437459982 -0.1267872216262902 1.057769449511103
-0.1701353042142077 -0.04246491376292442 0.6269371451146586
0.08937411032217213 -0.1147681082327931 1.517071644931811
-0.06594057752929611 -0.1854760088624263 1.939659592825562
0.464403211956828 -0.03184206440380793 0.2002428500654398
0.3511908936594336 -0.07247048108982328 0.647942354901567
-0.02052463932513709 -0.1422174893468957 0.8362835263310472
-0.04868079897443605 0.1666794743341337 1.062161113881652
0.08303083178226811 0.1095193400883442 1.517754837768259
0.4874799601349457 -0.04900578947079633 0.06003321144917938
0.1755937117739144 0.4437189904896749 0.129705145990619
-0.2483299760940754 -0.3994654835241822 0.04431250754816077
-0.1707499713779155 -0.1319874163481971 1.942484465012624
0.0002693999037231345 -0.1072100333289877 1.203589941607343
-0.4333235650811909 0.1872468069796484 0.04831705751231261
-0.07624526010829463 -0.2827656994351525 0.3810113671853353
0.4155609860832448 0.2202324445246594 0.2401200167354162
0.4762010276322459 0.1273805333171721 0.05928758772275425
0.4282326338884833 -0.0969183453329162 0.2955512680618268
-0.4278999852884527 0.0545103578128991 0.1101738647744195
0.1599736782462738 -0.359452524263024 0.2477769449324639
0.1215396107254736 0.03436704168448221 1.594195861724695
0.2964705741502461 0.2400673213143612 0.7075481999019464
0.05834506304472622 0.1844430967910585 1.25836696598863
0.2297506726268888 0.2149414787959267 0.9635386150739587
0.169181617188999 -0.09103717523721032 1.282000744301726
-0.03727736333189999 -0.4736538002155438 0.04297468439232706
0.2669203184220801 0.2314141103901177 0.8211223183613378
0.3637978559152513 0.2251779823583995 0.4950252252128812
-0.1043661021964456 0.4510871649912026 0.1164275218668356
0.0202486627277737 -0.1428951916452518 1.74171213469787
0.16270589366977 0.1322725049563911 1.325657578344506
0.07729116597485053 -0.4391660572458941 0.1068432793884822
0.3569732475854968 0.009412851910508335 0.7428708538765253
-0.006466243941775319 0.2317405732648942 0.9512870161269709
0.0008960411335313858 -0.03249594481857127 1.949085181620047
0.437774404373307 -0.004078018343841176 0.3576665336184767
-0.05801520007322483 0.05899012015094969 1.736675539420423
-0.3664235742726381 0.2538966321404801 0.1038406079602293
0.458426287909244 -0.0983232063825234 0.159068912973583
0.04138259441747086 0.07102923688123992 1.676430655724285
0.4270670158962518 -0.1976958184061231 0.1209181308835492
0.2454577721065466 -0.06350939914563612 1.075453993074898
-0.06142205867152975 -0.1250342798840996 0.7857844172812487
0.4342708876271127 0.2212812520740305 0.1119152762711073
-0.2726887552846794 0.3618796974494278 0.1075617691605732
-0.1039190012698023 -0.1661658816805287 1.883387785995235
0.1465248030115064 0.1137561431159783 1.400975557445816
0.196257716861127 -0.394402631800013 0.1396169127697144
0.09055951721455029 -0.3565726755433784 0.2826262881202658
0.4043038493895672 0.2707881910894425 0.1186100221122716
0.4884943512133336 0.06404243083787282 0.05541858180540529
-0.1696485655938779 -0.257183452142891 0.3230583018802057
0.4027322245229526 -0.06812126646193771 0.4483001018606616
0.09608216935374969 0.465263269752039 0.1188559856210352
0.3179011415904101 -0.3363248973011006 0.1082577022296476
-0.03495476245019412 0.2405826709819432 0.8495649271735861
2 2 0 140
667
668
669
670
671
672
673
674
675
676
677
678
679
680
681
682
683
684
685
686
687
688
689
690
691
692
693
694
695
696
697
698
699
700
701
702
703
704
705
706
707
708
709
710
711
712
713
714
715
716
717
718
719
720
721
722
723
724
725
726
727
728
729
730
731
732
733
734
735
736
737
738
739
740
741
742
743
744
745
746
747
748
749
750
751
752
753
754
755
756
757
758
759
760
761
762
763
764
765
766
767
768
769
770
771
772
773
774
775
776
777
778
779
780
781
782
783
784
785
786
787
788
789
790
791
792
793
794
795
796
797
798
799
800
801
802
803
804
805
806
-0.08759861087697085 -0.4069955285825814 0
0.1007328644835013 0.4248661821230753 0
0.4170381873999855 -0.102280612193831 0
-0.4226738785218617 0.09702442726702927 0
-0.3671020463004756 -0.2266980464622623 0
-0.232278655007268 0.366195546001525 0
0.2249414302588735 -0.3670710503239495 0
0.3703535424982133 0.2281254954929307 0
-0.4339406405396188 -0.02604338218039776 0
0.418616030867421 0.1005008207593121 0
0.2249541461914656 0.3663470370840207 0
-0.1029963384161277 0.421677539862073 0
-0.2307992591436822 -0.3597536667678797 0
0.1026696827286727 -0.420870200877284 0
0.3273632113924814 -0.2795945939535665 0
-0.3744330904679686 0.2288292517197871 0
0.4352983409621553 0.02685453852810055 0
0.363770673307126 0.04599526864058943 0
0.3436043505730576 0.1215757178957423 0
0.2886618811501961 0.06565445582760134 0
0.2653441414403408 0.140567002373633 0
0.2123596979682948 0.0850913800652045 0
0.2338352176846289 0.009634188945721109 0
0.1577806287906941 0.02914720351339907 0
0.1366953030487638 0.1047190832550837 0
0.081852124442924 0.04869808584222214 0
0.1029240008062549 -0.0268783925807068 0
0.02694426313773407 -0.007342205344690883 0
0.005868112809258752 0.06823309815904453 0
-0.04904208727887582 0.01219210837788059 0
-0.02796432353493605 -0.06338273678143179 0
-0.1039523729550712 -0.04384891090067584 0
-0.07011935244774992 0.08776709788229561 0
-0.01520832753865164 0.143808329009908 0
-0.08287476901542812 -0.1194238031205781 0
-0.006886186777116055 -0.1389574754941629 0
-0.1588632559081845 -0.09989010317285264 0
-0.179940893751575 -0.02431522066540909 0
-0.09119672854874916 0.1633420563502271 0
-0.06179705342598341 -0.1949986632178487 0
0.01419154663303207 -0.214532330558104 0
-0.03628573564491488 0.2193832800880618 0
-0.2348518260307758 -0.08035642719298347 0
-0.2137741906690804 -0.1559313104211975 0
-0.2559294670156698 -0.004781545581832169 0
-0.1122742844140331 0.2389169630230381 0
-0.1671852273332171 0.1828757538391262 0
0.03970291971496748 0.1998496289010848 0
0.01862527056453017 0.2754245080333079 0
0.09461389172273371 0.2558908229070553 0
0.06910249930341084 -0.1584911165896628 0
0.09018015863562723 -0.2340659944070818 0
0.1450911062981545 -0.1780247817763887 0
-0.04071938645030848 -0.2705735373573326 0
-0.1167079709749625 -0.2510398655368804 0
-0.2010185183687528 0.05125966578828035 0
-0.2759155901771758 0.07109775810694879 0
0.1662270023117917 -0.2511468774693747 0
0.2204949859969203 -0.1965672246318433 0
0.1999625265797159 -0.12180204075772 0
0.2773720501827436 -0.1404698333994345 0
-0.3076022705035666 -0.05991964655095976 0
-0.1854558660047756 0.2557002687885437 0
-0.2399769632547405 0.2027121470346465 0
0.1141148358838373 -0.3034358785051745 0
-0.1239466226272949 0.3062709593459449 0
-0.2540019691773422 0.2848748073223159 0
-0.0986155276588595 -0.3261705023344012 0
-0.02686299743235887 -0.346763789807125 0
0.07353623121894559 0.3314657224305527 0
-0.003632197616647792 0.347554836782539 0
0.1542950377519702 0.321758999160333 0
0.171326084077331 0.2376572235902724 0
0.2438253221030497 -0.2797232251861516 0
-0.173638892527451 -0.3052003702588953 0
0.3098993907599555 -0.009775453359798609 0
-0.02218732344407359 -0.4246529933041275 0
0.3843422975659688 -0.02661987154653894 0
0.3327001502141603 -0.08482416607004012 0
0.352866100614818 -0.1576440194622633 0
0.2554491625952102 -0.065607580957418 0
0.1913413793085164 0.1608595663699214 0
0.2437942851339406 0.2159306138065042 0
0.1789941687847499 -0.04632608531363227 0
0.06076696451227054 0.1242706806514948 0
-0.2213814341822008 0.126935737353718 0
-0.2894830970638632 0.1482375504478318 0
0.04802228819789056 -0.08291696947262067 0
-0.1250301317946274 0.03172593641453596 0
-0.1459885654458828 0.1073177079380305 0
-0.0565632058799006 0.2940177726853287 0
-0.1377856316046254 -0.1754649895825753 0
-0.1930332201940219 -0.2311927433523029 0
-0.2837328819976164 -0.2136649672800033 0
-0.2476074985958766 -0.2875474033760951 0
0.03392963487259903 -0.2885757504492 0
-0.3271517948951382 0.01641471848339051 0
-0.2897627749834921 -0.1363976385289631 0
-0.3574478176586335 -0.1127481267926184 0
0.1240134762519956 -0.1024498900450689 0
0.1157410903974305 0.1805411676124854 0
0.2301285928216699 0.2920679029903259 0
0.3101314709895848 0.2733256688406289 0
0.2951177960147063 -0.2137291568030298 0
0.05636408427388589 -0.370672039631729 0
-0.3507940500898623 0.1024406483982114 0
0.1479760456203515 -0.3675446437172762 0
-0.1620260065292343 -0.3865252641796966 0
-0.4465243457395014 0.03891668990073211 0
-0.1728567880731731 0.3994054123338167 0
0.1639853763114721 0.3996815477317153 0
-0.02459667272624899 0.420936736223922 0
0.2887151963354654 -0.3368901520418977 0
0.3937190215581237 0.1708464129877747 0
-0.4032203597216198 0.1633024055590478 0
0.04012331126669588 0.4445173060925082 0
-0.3242965064308174 -0.2856756019930831 0
-0.3297788680297202 0.2877482558006724 0
0.3742675963909297 -0.2243212582470261 0
-0.4027396951944293 -0.1659684541434693 0
-0.4246216521800386 -0.09786414251627823 0
0.2825320455851275 0.3379604999321601 0
-0.0682242942176976 0.360522470329056 0
0.3150602793298936 0.1925338117996964 0
-0.2900298574383291 -0.3382077128169447 0
-0.2927011030471227 0.3393761002144335 0
0.04301273474016437 -0.4420078805570044 0
0.1817537816982774 -0.3139767601337659 0
-0.3027883647758869 0.2265097734494428 0
0.4475674255164027 -0.035568136028497 0
-0.3674001414443028 -0.03587042681990268 0
-0.3392229691001746 -0.1712346861924546 0
-0.1855237963168039 0.3267270805367019 0
-0.3914141418717144 0.03214711250817712 0
0.1186093228543453 0.3661828096268795 0
0.4165701617237113 -0.1736015034186556 0
0.0474429402820396 0.3845831564583171 0
0.1738547743992041 -0.4201034882607657 0
-0.3441437924238402 0.1738639259148642 0
-0.1307095679302196 0.3629206924815185 0
2 3 0 4
807
808
809
810
-0.1111326436825008 -0.07312341691245053 1.999999999999999
-0.08495253261818352 -0.1363277633439074 2
-0.05489201387612598 -0.08179604256227216 2
-0.1447683020136751 -0.1190240279348953 2
3 1 0 350
811
812
813
814
815
816
817
818
819
820
821
822
823
824
825
826
827
828
829
830
831
832
833
834
835
836
837
838
839
840
841
842
843
844
845
846
847
848
849
850
851
852
853
854
855
856
857
858
859
860
861
862
863
864
865
866
867
868
869
870
871
872
873
874
875
876
877
878
879
880
881
882
883
884
885
886
887
888
889
890
891
892
893
894
895
896
897
898
899
900
901
902
903
904
905
906
907
908
909
910
911
912
913
914
915
916
917
918
919
920
921
922
923
924
925
926
927
928
929
930
931
932
933
934
935
936
937
938
939
940
941
942
943
944
945
946
947
948
949
950
951
952
953
954
955
956
957
958
959
960
961
962
963
964
965
966
967
968
969
970
971
972
973
974
975
976
977
978
979
980
981
982
983
984
985
986
987
988
989
990
991
992
993
994
995
996
997
998
999
1000
1001
1002
1003
1004
1005
1006
1007
1008
1009
1010
1011
1012
1013
1014
1015
1016
1017
1018
1019
1020
1021
1022
1023
1024
1025
1026
1027
1028
1029
1030
1031
1032
1033
1034
1035
1036
1037
1038
1039
1040
1041
1042
1043
1044
1045
1046
1047
1048
1049
1050
1051
1052
1053
1054
1055
1056
1057
1058
1059
1060
1061
1062
1063
1064
1065
1066
1067
1068
1069
1070
1071
1072
1073
1074
1075
1076
1077
1078
1079
1080
1081
1082
1083
1084
1085
1086
1087
1088
1089
1090
1091
1092
1093
1094
1095
1096
1097
1098
1099
1100
1101
1102
1103
1104
1105
1106
1107
1108
1109
1110
1111
1112
1113
1114
1115
1116
1117
1118
1119
1120
1121
1122
1123
1124
1125
1126
1127
1128
1129
1130
1131
1132
1133
1134
1135
1136
1137
1138
1139
1140
1141
1142
1143
1144
1145
1146
1147
1148
1149
1150
1151
1152
1153
1154
1155
1156
1157
1158
1159
1160
0.08292708309650271 0.05175780319120715 0.3499825511093203
0.1029774310934909 0.06051431556515019 0.6244517542841542
-0.02934320898582072 -0.1044940774141344 0.2254612560026519
-0.0909847264730973 0.1226745299606796 0.2230231086980252
0.2035449346428355 -0.08015615320388317 0.2181402044227558
0.2227124744594195 0.132749229624167 0.2097433368704319
0.1038482628693666 0.0541719691553836 0.8502282455663357
0.21091747417804 0.1132306676627927 0.4767781188640059
0.09598963849097603 0.04481818076911566 1.038157411036162
0.06491279930647779 0.2315160795825129 0.272667824606256
0.1278590129276351 -0.07230394583460467 0.4887648450722427
-0.03343767338075004 0.08366460548533389 0.4955718533633516
-0.1821749382236077 -0.02450579191744243 0.1787078972977799
0.05829721101968266 0.04070739949925314 0.1751485076871175
-0.03153018172183709 -0.07209616035774111 0.4084381849068052
0.09820838897449541 -0.2130454310376473 0.1738198156457449
0.268339712163647 0.02623708560345877 0.3384645644414407
0.07189725316220004 0.2110786272904764 0.44437740319373
0.103685579219629 -0.1494596362872793 0.3382330899118633
-0.05187257431103733 0.2713032659533494 0.1632602518353088
-0.06739684861395241 0.1793377066486942 0.3712943520903751
0.3164530023397029 0.01476696512213481 0.157464092833064
0.2026149511580812 0.2075245601570229 0.3488124569882891
0.08238815890134522 0.03031202746993637 1.197220145084307
0.02783610588139411 -0.01193592485056026 0.7356853670030661
0.2065542464650717 0.04095348332859079 0.7364817719401475
-0.1365430662650911 0.0115524026072752 0.3254415574998905
-0.05738474145295566 -0.2344947737280536 0.148450950038914
0.1106687788487931 0.1606723778521997 0.740214661968342
0.1651631051291577 0.2708410090544656 0.1555100435231696
-0.2073440515787894 0.1675593265513141 0.1422411354099248
0.2339239352013658 -0.002469707828503375 0.5749865855241512
-0.007207483585801921 -0.05349275106349438 0.5585222997624433
0.1389562333256132 0.1971698766195584 0.5768383229280805
0.05692198277074906 0.1790772314743066 0.1401585243846232
0.2284948505890409 -0.101492280406405 0.3905845639971632
0.00375326671232655 0.1626512657236033 0.6091091912898746
0.1078930722970474 -0.08219893765760805 0.6394098644439185
0.2366566255103693 -0.1966165126169916 0.1420722679601677
0.06149788175086192 0.01898416301866927 1.338166759630253
-0.1816541885563356 -0.1628566747022056 0.1398877611286371
0.08815220356599721 -0.08438003171888625 0.1301827680901326
0.3218814173708214 0.1540575176040774 0.1257580750460989
0.1843830637114325 0.02146727186677575 0.1318257124235021
-0.05701805564143669 -0.01251331671434134 0.1316970427362724
-0.04546963484599016 0.04359199699867315 0.6402390877143943
0.09460741424731593 0.05463632850416811 0.4935407043975952
0.2373674176058279 0.1210626367473384 0.6312592394918757
0.1377808780583529 -0.05585869822236209 0.7896441044298278
-0.0166793690508809 0.01346415260611245 0.2769339179163273
-0.02241245567820441 -0.1760208563276076 0.3325783572226019
-0.2703932407221647 0.05550112891031328 0.1282717169752869
0.1699071427708762 -0.001719850846100657 0.9445704031931311
0.0556751667004012 0.3348634058193909 0.1284138529013588
-0.2121928185495461 0.08426726010218277 0.2396091969730466
0.1437008699618005 0.122498779690017 0.9496572641224219
0.3304364325841964 -0.1242309558935335 0.114944426972091
-0.009429014639381894 0.1119583661897437 0.7443583378137058
-0.1509233198996442 -0.1084598262962897 0.2745126030559084
0.1904034517505743 -0.2003577058749509 0.2604351446573231
-0.1140784415487986 0.2387809036459436 0.269164951195274
0.08451532304284158 -0.05805484539071987 0.2534800140482792
0.01556250621326659 0.04822995239422181 0.9406023302640811
0.1696836455251137 0.03274339154812508 0.2623037491541008
0.3050948595622235 0.1442366117229423 0.3065617350466041
-0.1335999794672646 0.08814335128430095 0.4227846819206143
0.2855878129098122 -0.01067145146193798 0.459001658549805
0.3174784434363304 -0.05527674841373135 0.2594337648078864
0.04829302548099635 -0.1572982127065062 0.4481261910249758
-0.04256282978098735 0.2059356428612566 0.4885890891995753
0.24973471380763 0.247800029369307 0.2405583020743684
0.1890806195930025 0.2334505055514276 0.4713370192849875
-0.03706311664027053 0.1062004542719536 0.1154269150338516
-0.1659304757301847 0.2807721771433701 0.1186539071670289
0.03833145040933418 0.00641605140142194 1.46118594923872
0.1664135279385041 -0.2849304444079498 0.1120519903098994
-0.2724387771744617 -0.07445152528925449 0.1150788614268145
-0.1054099132660353 -0.01258327805768873 0.483242430599215
0.1752926885921383 0.01078993373645785 0.4155719703383091
-0.1481354775577212 0.06602112520524016 0.110740218491242
0.009435941826745467 0.1283893994293281 0.2955491216512208
0.1951652613630975 0.1275391323400915 0.8201459546919675
0.04825124010967574 -0.3073912376176239 0.1180850559718735
0.005569007468102349 0.2738891074881828 0.3673381776582189
0.1612802806510207 0.1354545007442815 0.1101928050904083
0.04598118775390655 0.1559249690212552 0.8383763475600549
-0.04402008907637413 -0.1258436124223413 0.1093643160940835
0.1081209625572374 0.1294015316514377 0.2328185220600543
0.01964603212931254 -0.02661998874901761 0.8511649517855306
-0.02852158266971287 0.06107932002974222 0.3819691388111962
0.1216452616239192 0.2888589735818459 0.3722830301747126
-0.1666912174748197 0.1510094438338952 0.3211594956042008
0.2139161872532039 -0.05568646014696245 0.6748094969461986
-0.007904648285096707 0.3177175514387807 0.2574750601218584
0.2227328925654772 -0.08879449799493047 0.1063993686813619
0.1541954768200245 0.3067173474445418 0.263829733090038
-0.0958812166358088 -0.2048973838892006 0.2510332631444945
0.0585728438014915 -0.2357827351274268 0.2785272967187667
0.1947362891374606 -0.1082484293058339 0.5722381199519977
0.07771502156446072 -0.05313997171190012 0.3900146539420802
0.3506912190046085 0.05276701105738264 0.2582690530464092
-0.1551104090076982 -0.2652249869494372 0.103927835243467
0.2743645442525043 0.2563705074588245 0.1306943572885088
0.1018747963563155 0.1610694399925824 0.3499926694164867
0.04372530992134285 0.244368000658617 0.5461636954053012
0.2931928164284119 0.08469692512622001 0.5438411692745686
0.1564367764126978 -0.1743800190449635 0.4322318858065338
-0.1069268455468332 0.1897008885038207 0.1049772976583928
0.01020161998848274 -0.01933159885604582 1.607682452530703
0.2083960135399978 0.02134955287427461 0.8444327987504502
0.2848365061678412 0.1685778034151032 0.4137724827207932
0.0630032641734162 -0.1385595774087781 0.5558550211737692
0.2740428784261471 -0.1451325526825066 0.3022048136042977
0.191158894516729 0.1000869732463903 0.3563653435572381
0.07611412323271635 0.2241075224845408 0.6601891390615096
0.1599286847766082 0.02511892278118196 1.122602685436101
0.09255492904369084 0.1092425164272374 1.124513422000817
0.01713633726704838 0.03300506686663224 1.111111687270493
0.1830879996896732 0.2024898736361923 0.6738816269788576
0.1615975043410231 -0.05159570436138561 0.3256118203361859
-0.1352371751660372 -0.07469716073830555 0.09922886497487235
0.05033408155696015 0.1296161401987282 0.996772359968636
-0.04570645498664642 0.3612263049332237 0.1049567636463421
-0.02164833140353759 -0.04185059403094325 1.731385990006009
0.2476543176441019 0.1852772137161031 0.5465389034972808
0.07135048906486327 -0.04036653390896577 0.9735010814975062
-0.08655869797582058 0.1183825261080858 0.5791545868351639
-0.2229375082808089 -0.01325813084560337 0.2735131116642538
0.1045071173551326 0.0572266666440285 0.7464583118768225
-0.01307225071390716 0.190739432753808 0.2157911040244507
0.03925220834249307 -0.1841652085137036 0.0948482996883738
0.1492870146045056 -0.1615532290665985 0.1012107950560739
0.04772143666723802 0.1431022467904031 0.5179717834615732
0.2532284612962363 0.0860414930856206 0.0933671371363603
-0.1341028021515328 -0.08254811849050414 0.3776000810582034
0.01357821093667012 -0.00420997805574562 0.4708790952135672
0.3771112528919188 0.0722626454771189 0.09815625405634187
0.3193316000279771 -0.05626687749848788 0.3730584818027881
0.2548208634023795 -0.1034266858102932 0.4894943227469162
-0.09976359272555901 0.02108337016498567 0.218103722413547
0.3247243787714834 0.1866898829932723 0.2192423773965136
0.1189408957675367 -0.06949045729348954 0.888567921551048
-0.05162521931061775 -0.32435156138446 0.09777513491111117
-0.2727253755724575 -0.1746486726528992 0.09510504828404215
0.2751593217367546 0.03148917970894637 0.6617488045970029
0.008707483497081846 -0.08126627324072713 0.3161730503731716
-0.01896725409990738 0.07195012713824092 0.8423067158471325
-0.03889845397873726 -0.1280390148051556 0.4947324945991614
0.04789246562797808 0.1141219754148993 0.4212476936206081
0.08727854471477173 -0.01859979078770872 0.5638845586752373
0.00506803567424105 -0.09482659977424246 0.6538154932556149
0.1964275089760301 0.04357873826210484 1.030546749987197
-0.1987433943796114 0.1958658525023386 0.2377483497192663
0.2856685031654397 -0.1350522949903641 0.2035428509629664
-0.06396193511863102 -0.07515572391940858 1.883119072964079
0.07689756170935567 0.08804347007356109 0.09046913911661411
0.3793924067335784 -0.03791898997912312 0.09964159752531247
0.3268622081368165 0.07285247598531344 0.411517329602854
-0.2275488099789339 -0.1080924505296019 0.2100457348116898
0.2427799939236817 0.135234666927585 0.7312515357384438
-0.3003894826490653 0.1502692209941171 0.1021710898905242
0.1788094830655586 0.07882853534874484 0.5637231699446779
0.1611821132986654 0.208353637750175 0.2592123140769955
0.08663184239811123 -0.03756330862704563 1.094751551623236
0.07303528406982615 -0.09889380372559886 0.7296707635577535
0.0002745195990698363 0.2384827636789068 0.0880464526485092
-0.006220869406550471 -0.2815498782618365 0.2191047946126776
0.02195828838504382 0.05376403476560367 0.5702807094011559
0.03364380936582723 -0.01121316426431369 0.09683401561614434
0.1484164368450832 0.353581809974043 0.09498270502462217
0.05657990049944588 -0.149209837984224 0.2342480716430656
0.2621174991213698 0.02063335069206779 0.2370869336259328
-0.08900012699716786 0.09456369536098314 0.3150308817963273
-0.1204189717876584 0.1500519122411106 0.495031980570552
0.2266818022122504 0.08538294468643073 0.9152384001425491
-0.2099390466439094 -0.007126823867008487 0.08901133392276277
-0.2514151643898397 0.2396339615841423 0.09095647223575407
0.1333719475418864 0.1810647238968442 0.8727530714179199
-0.05771838601214078 0.03030779583362407 0.7339441198960662
-0.1159655911834105 -0.1106763587886896 0.1856186474468759
-0.2759632974503416 -0.02166838867872023 0.1940874421651654
0.07707033839532604 0.3477221565365332 0.2219923943390421
0.1241070239841084 0.2198346539501498 0.08635023235411871
0.2079329155439832 -0.190668782361333 0.3536561768820787
-0.07281377817814931 -0.1576639236933133 0.4110363566196426
0.007956456947616652 0.03225813098542253 1.25882135852539
0.1110365404174289 0.283170648552786 0.4918678509253735
0.283724004929587 -0.252786056870872 0.08411080380207211
0.04276623253544374 0.2607283877282925 0.1855713648784888
-0.1309142002788492 0.3049480839195365 0.2033802441663492
0.03547292260535836 -0.006303671488937025 0.6417961360953622
0.02485027145637227 0.1992468802899907 0.7352330644264772
-0.08767943475561447 0.2697862362826295 0.3541771806657296
-0.1702672609505053 0.0002688424225770342 0.4141867194013777
-0.105943837438169 0.02625334449744008 0.5695408925106329
0.1611379840418923 0.104532012738144 0.6839687651965599
-0.06181666430745542 0.1316054031858091 0.6688490954466538
0.1323274245217188 0.1312435954147861 1.042404205812856
0.0543560480365661 0.1214986038328204 0.6763839187079635
0.1323447949999861 0.01047870228962826 1.27550705507572
0.1360051841372973 -0.004400450264426564 0.6833455991511752
0.1635825030748336 -0.2738936765869425 0.2064516475621171
0.2687989285875845 -0.01209524614194613 0.08285317551486486
0.006343886130119636 0.004964207905551125 1.02276585632825
-0.2096169314992636 0.06899273167158487 0.3314535129585333
-0.07797625993729596 -0.05429795543116703 0.2951817594150942
-0.1097665668685733 -0.1866445362673822 0.08718499664941445
0.05023320861972951 -0.2168714879033963 0.375668194373161
0.1344292941072734 0.1436860366747184 0.4347442850108576
0.2407801860676981 0.1785641360566226 0.08583042896304943
0.1719827363348314 0.006293792201621004 0.5074561413029751
0.1512634872473725 -0.03745341595403841 1.028160006921553
0.00905997358369208 0.2775544506142315 0.4599986332807719
0.3730657560399332 0.1044820010867847 0.1848348823612544
0.1382024161141006 -0.2419152459893223 0.323479482408652
0.065262698995115 0.3320471966482373 0.312637983576551
-0.003181365308735765 0.09971545315848787 0.2092684903952473
-0.1332946876990144 0.3581630289982256 0.08893036308315753
0.02407168724701522 -0.04406918707568756 0.1818787606438947
-0.02942829861525485 0.2225695619756503 0.3000696871403625
-0.2742907137715354 0.1250167188409217 0.1869451030239234
0.1438904878059511 -0.1663547778430724 0.5227334808015363
0.3393936213268138 0.2266486378099497 0.0812295497700473
0.188841324183645 0.2006189549318919 0.7648630385621797
-0.1555240282745025 -0.2343767911971088 0.1892901684000786
0.3664118405206768 -0.07408195089974134 0.1835174073654166
0.08135925713870264 0.08753196266005961 1.269967879411615
0.1344385887183454 -0.1320843449357917 0.1915226857237839
0.05994240254696263 0.1792261219139167 0.923305592972312
0.05945548139712066 0.05984473377396111 0.2632768764971786
-0.3356451506189907 -0.006143650737167897 0.09881743387750457
-0.1116297335233398 -0.1664721806620383 0.3305965425836915
0.2246098698634333 0.2885212960054056 0.316646515023357
0.1358235348822203 -0.03188909937082305 0.1848941925616316
-0.1461231539809819 0.1761569062242518 0.4135015120109167
-0.08579095549493872 0.2726499214842353 0.08114447081338531
0.26375659850185 0.07416571060210425 0.7973084465113788
0.1413082679539116 -0.03523639972499395 0.07929240140366413
0.1597521382993457 -0.1160198658912378 0.7135345355904481
0.2283266397621142 -0.03954963880850412 0.7772621891120517
0.02094733730248696 0.1868640572474655 0.375823654975835
0.2496043096781057 -0.05760824422724599 0.3164658843554201
0.03304937237738056 -0.03515700554520694 1.164741052371534
-0.1315507482511084 0.2184740135578127 0.1848889322589848
0.3564978318023404 0.0267092537784466 0.3423802043294431
0.01083037604263347 -0.07960875287065369 0.7848380070073848
0.2399930665020557 0.2632109364179032 0.4059109382707813
0.1370550411264831 0.1896722093247214 0.1753519747708955
0.2672753280708849 -0.2194136184010733 0.2215945442765005
0.2370406134845694 0.3280548492085776 0.08519839655433911
0.3086460694406258 0.1620278060433753 0.4939043915908508
-0.001342230299255509 -0.1708418304870191 0.1717128153391149
0.07846704883707134 -0.2947038379244815 0.199633933250507
-0.05582918399455838 0.3539827732973293 0.193174879628816
-0.067905555687637 -0.04495522936905726 0.6274461422394367
-0.08516911018834555 -0.004416109261494064 0.3944316342527897
0.2397627740934156 0.09062601769833106 0.2843732728146404
-0.04489453033481472 -0.05246392705486428 0.7108821904707348
-0.06198101534819395 0.207814067084985 0.5736586116640753
0.04195570798650676 -0.08317376923275389 0.4925966149933172
0.09035712625983422 0.219988726006241 0.8002080949218192
0.3157298363334571 -0.0007554976376732657 0.5415157405294977
0.2936567008473698 0.2321007309702099 0.3165526763251861
-0.2184145068684986 0.1065171104735278 0.08315289623210284
-0.2366869427643273 -0.2515908609545203 0.07808054343275972
0.2710740042555601 -0.05717829808179003 0.1701080574973622
0.1550589076500182 -0.1232863376916612 0.2744943085641772
0.02322037176752351 0.09215059580533225 1.176170877101431
0.1005881511332004 0.04830917988165662 0.9524979721330514
-0.005687837075781743 -0.2549897738697807 0.07676396733350452
0.1982070507927346 0.2553547503227816 0.5541017609530434
0.01780262670493177 -0.004672030774676213 0.3530209714785713
-0.007309089732979251 0.1260071798204345 0.9093308509416016
0.1934599603104084 0.03996835467499001 0.6383513885783171
-0.1435789743437569 0.06840065513781163 0.5053734534060755
0.09624375794708867 -0.2462065096534942 0.08386655550198861
0.2796734229518132 -0.07453587947662957 0.5663617893836146
0.1064889031922198 0.2732487885446701 0.5974903191033702
0.0798810198920125 -0.04684946550572781 1.236866779839667
0.2420599404537934 0.06390669454951405 0.4145070768855798
0.1010601025931275 -0.361600833749587 0.07448663058561393
0.1339219674243544 0.07959914634898058 0.1685604066539427
-0.1109916649127446 -0.09558498635212384 0.4598429554129055
0.2160987025905165 0.3186215040048547 0.205498474568906
0.1324143153677613 0.1347282598326384 0.5193648864673702
0.2894771067231227 0.0932399637849516 0.1753096751142001
-0.2223083046977055 0.2460116516731853 0.1726725431915977
-0.0761423738102535 0.04536068919885421 0.07241576966982341
0.1494447364493854 0.08435990062526709 1.185363571997566
-0.0969637500824974 0.2424757236687294 0.4342635971718781
-0.08863211804682353 -0.07468563102491084 0.5404155593426708
0.1949893407964006 -0.06201412549150458 0.8518863732130258
0.05392829914406812 -0.0373394630232624 1.534702121644093
-0.01165130118972127 -0.1972222875257814 0.2514092498266713
-0.002835206879617871 0.03407303154604004 1.391926270772025
0.08273292923682896 0.1367649753354073 0.5944933180274942
0.2192101078541268 0.2083430399813925 0.1726100306940025
0.1065739646376783 0.01613060736776289 1.4106966567393
0.3960402388809395 0.02338534416546791 0.1838654150515575
0.2012278785935665 0.2523526698590416 0.08216079406354329
-0.02950173596496802 0.1422304011516303 0.4359776193729074
0.1476379789394903 -0.09412572002253022 0.4105206701555567
0.005477967641902132 0.2455795559945003 0.6206557951429028
0.08028008922615135 0.396533100706171 0.07521374535600794
-0.2076913522879909 -0.1135081328242364 0.0744014358343266
-0.01851816482744745 -0.135113375874675 0.5819776371281806
0.1298796684055291 -0.04036180595621494 1.168144413495781
0.04923466199613553 -0.0458683042579804 1.393564725810603
0.1599264935403181 -0.02789991236395992 0.603577983909715
-0.002053672154008993 0.08586235038025578 1.047396935347404
-0.0224251842506992 -0.07226385095330368 1.809915414520145
-0.16074153144117 0.1101406404225275 0.1798741418048676
0.3190038358675065 -0.1957965072455011 0.1566971564297049
0.02416338100330792 -0.09109824340141294 0.07854755469250269
-0.337104618063355 0.07680535339283498 0.07996050418534413
0.1737353585851345 0.105543726779138 1.109210143236445
0.02133540950709432 0.1463059086732191 0.0736419465803077
0.1324516073479147 -0.1530895721931819 0.6038774447742938
-0.2030441864235135 -0.04297227942607419 0.3497694572599498
0.2384888595209588 -0.16731857636714 0.4396144427159194
0.2345595960204411 0.1763415452180236 0.2786305957292495
0.1479936523509137 0.3597620741493535 0.1787092417995297
0.04229497159074103 0.04032504961664988 0.7974977983181146
-0.1871927005458898 -0.1752986809315003 0.2394684808868555
0.0007953490227916513 0.02992816712011594 1.534577239977179
0.2326886570138385 -0.2770924120262946 0.1610106438340536
0.2769890665688841 -0.1718046602261002 0.0754716082291952
-0.1088041537285513 -0.2956428886806344 0.1634007368220594
0.278069999181625 0.007020323516987073 0.7369751876948976
-0.02146557277609474 0.02164466337660968 0.1962565141156986
0.1450329782990844 0.218369822957157 0.4049097262861716
0.07873890017993415 -0.09900085746414791 0.824649752750922
-0.1316644393654936 -0.3417663218170253 0.07636945475990273
-0.04345508757951419 0.002099625811229959 0.8087949300157719
-0.3344278692713487 -0.1194799352516763 0.08054526301052703
0.1519880051770444 0.06494949030695163 0.07207548139343274
-0.1766989362757136 0.2149176941664733 0.07338285849440668
0.132378359887834 0.09324698387727912 0.3010929663291911
-0.0331014975618848 0.1839287546132 0.1376616555473712
-0.2221794761495205 0.311661575717554 0.07006194223167053
0.1998473814416571 -0.05390927667154251 0.4571673115551131
0.07421538895694545 0.02007191669521829 0.4236098134160942
0.1150984142842708 0.1241240729676269 0.8118760447493976
0.03274966394188573 -0.1332627189363496 0.3728192033075498
-0.1030992827160381 0.120177365198428 0.06603114437588187
0.1274825308584655 0.2367928715928707 0.7206791202875262
0.3854788197340199 0.1492759325307637 0.07693104407855719
0.01358039803261019 0.05459729207592662 0.6933153498993431
0.01452801236597242 -0.3688309934030088 0.07241616485525124
-0.1463334156422026 -0.03031823182125176 0.2579756776717831
$EndNodes
$Elements
13 5849 1 5849
0 1 15 1
1 1 
0 2 15 1
2 2 
0 3 15 1
3 3 
1 1 1 40
4 1 4 
5 4 5 
6 5 6 
7 6 7 
8 7 8 
9 8 9 
10 9 10 
11 10 11 
12 11 12 
13 12 13 
14 13 14 
15 14 15 
16 15 16 
17 16 17 
18 17 18 
19 18 19 
20 19 20 
21 20 21 
22 21 22 
23 22 23 
24 23 24 
25 24 25 
26 25 26 
27 26 27 
28 27 28 
29 28 29 
30 29 30 
31 30 31 
32 31 32 
33 32 33 
34 33 34 
35 34 35 
36 35 36 
37 36 37 
38 37 38 
39 38 39 
40 39 40 
41 40 41 
42 41 42 
43 42 1 
1 2 1 16
44 2 43 
45 43 44 
46 44 45 
47 45 46 
48 46 47 
49 47 48 
50 48 49 
51 49 50 
52 50 51 
53 51 52 
54 52 53 
55 53 54 
56 54 55 
57 55 56 
58 56 57 
59 57 2 
1 3 1 8
60 3 58 
61 58 59 
62 59 60 
63 60 61 
64 61 62 
65 62 63 
66 63 64 
67 64 3 
1 4 1 40
68 1 65 
69 65 66 
70 66 67 
71 67 68 
72 68 69 
73 69 70 
74 70 71 
75 71 72 
76 72 73 
77 73 74 
78 74 75 
79 75 76 
80 76 77 
81 77 78 
82 78 79 
83 79 80 
84 80 81 
85 81 82 
86 82 83 
87 83 84 
88 84 85 
89 85 86 
90 86 87 
91 87 88 
92 88 89 
93 89 90 
94 90 91 
95 91 92 
96 92 93 
97 93 94 
98 94 95 
99 95 96 
100 96 97 
101 97 98 
102 98 99 
103 99 100 
104 100 101 
105 101 102 
106 102 103 
107 103 1 
1 5 1 26
108 1 104 
109 104 105 
110 105 106 
111 106 107 
112 107 108 
113 108 109 
114 109 110 
115 110 111 
116 111 112 
117 112 113 
118 113 114 
119 114 115 
120 115 116 
121 116 117 
122 117 118 
123 118 119 
124 119 120 
125 120 121 
126 121 122 
127 122 123 
128 123 124 
129 124 125 
130 125 126 
131 126 127 
132 127 128 
133 128 3 
1 6 1 8
134 3 129 
135 129 130 
136 130 131 
137 131 132 
138 132 133 
139 133 134 
140 134 135 
141 135 3 
2 1 2 1160
142 65 661 1 
143 1 619 103 
144 104 619 1 
145 1 661 104 
146 3 594 128 
147 128 645 3 
148 3 645 129 
149 135 594 3 
150 66 627 65 
151 627 661 65 
152 67 170 66 
153 170 627 66 
154 68 562 67 
155 67 562 170 
156 69 156 68 
157 156 562 68 
158 70 551 69 
159 69 551 156 
160 71 593 70 
161 70 593 551 
162 72 150 71 
163 150 593 71 
164 73 565 72 
165 72 565 150 
166 74 165 73 
167 165 565 73 
168 75 566 74 
169 74 566 165 
170 76 146 75 
171 146 566 75 
172 77 573 76 
173 76 573 146 
174 78 599 77 
175 77 599 573 
176 79 143 78 
177 143 599 78 
178 80 579 79 
179 79 579 143 
180 81 168 80 
181 168 579 80 
182 82 624 81 
183 81 624 168 
184 83 483 82 
185 483 624 82 
186 84 142 83 
187 142 483 83 
188 85 587 84 
189 84 587 142 
190 86 574 85 
191 574 587 85 
192 87 155 86 
193 155 574 86 
194 88 591 87 
195 87 591 155 
196 89 590 88 
197 590 591 88 
198 90 144 89 
199 144 590 89 
200 91 621 90 
201 90 621 144 
202 92 571 91 
203 571 621 91 
204 93 169 92 
205 169 571 92 
206 94 636 93 
207 93 636 169 
208 95 147 94 
209 147 636 94 
210 96 582 95 
211 95 582 147 
212 97 167 96 
213 167 582 96 
214 98 578 97 
215 97 578 167 
216 99 152 98 
217 152 578 98 
218 100 605 99 
219 99 605 152 
220 101 561 100 
221 561 605 100 
222 102 166 101 
223 166 561 101 
224 103 568 102 
225 102 568 166 
226 103 619 568 
227 105 173 104 
228 104 174 105 
229 173 619 104 
230 104 661 174 
231 105 448 106 
232 106 614 105 
233 105 614 173 
234 174 448 105 
235 107 154 106 
236 106 157 107 
237 154 614 106 
238 106 448 157 
239 107 451 108 
240 108 646 107 
241 107 646 154 
242 157 451 107 
243 108 153 109 
244 109 560 108 
245 108 451 153 
246 560 646 108 
247 110 148 109 
248 109 515 110 
249 148 560 109 
250 153 515 109 
251 110 464 111 
252 111 559 110 
253 110 559 148 
254 110 515 464 
255 111 145 112 
256 112 164 111 
257 111 464 145 
258 164 559 111 
259 112 468 113 
260 113 643 112 
261 145 468 112 
262 112 643 164 
263 114 141 113 
264 113 469 114 
265 141 643 113 
266 468 469 113 
267 114 139 115 
268 115 556 114 
269 114 469 139 
270 114 556 141 
271 116 136 115 
272 115 477 116 
273 136 556 115 
274 139 477 115 
275 116 158 117 
276 117 557 116 
277 116 557 136 
278 116 477 158 
279 118 163 117 
280 117 609 118 
281 158 609 117 
282 163 557 117 
283 119 596 118 
284 118 598 119 
285 118 596 163 
286 118 609 598 
287 120 137 119 
288 119 140 120 
289 137 596 119 
290 119 598 140 
291 120 486 121 
292 121 553 120 
293 120 553 137 
294 140 486 120 
295 122 162 121 
296 121 487 122 
297 162 553 121 
298 486 487 121 
299 122 138 123 
300 123 554 122 
301 122 487 138 
302 122 554 162 
303 124 161 123 
304 123 631 124 
305 138 631 123 
306 161 554 123 
307 124 549 125 
308 125 552 124 
309 124 552 161 
310 124 631 549 
311 126 149 125 
312 125 151 126 
313 149 552 125 
314 125 549 151 
315 126 447 127 
316 127 548 126 
317 126 548 149 
318 151 447 126 
319 127 171 128 
320 128 172 127 
321 127 447 171 
322 172 548 127 
323 171 645 128 
324 128 594 172 
325 129 175 130 
326 129 645 175 
327 130 176 131 
328 175 176 130 
329 131 159 132 
330 131 176 159 
331 132 622 133 
332 159 622 132 
333 133 160 134 
334 133 622 160 
335 134 613 135 
336 160 613 134 
337 135 613 594 
338 136 567 556 
339 557 585 136 
340 136 585 567 
341 493 596 137 
342 137 635 493 
343 553 635 137 
344 138 487 411 
345 411 618 138 
346 138 618 460 
347 460 631 138 
348 469 470 139 
349 470 471 139 
350 471 477 139 
351 140 598 413 
352 413 641 140 
353 140 641 486 
354 510 528 141 
355 141 529 510 
356 528 643 141 
357 141 556 529 
358 142 629 483 
359 142 587 533 
360 533 629 142 
361 143 579 423 
362 423 655 143 
363 143 655 599 
364 570 589 144 
365 144 621 570 
366 589 590 144 
367 464 465 145 
368 465 466 145 
369 466 468 145 
370 146 639 566 
371 573 639 146 
372 564 581 147 
373 147 642 564 
374 581 636 147 
375 582 642 147 
376 417 531 148 
377 148 559 417 
378 531 663 148 
379 148 663 560 
380 505 552 149 
381 149 640 505 
382 548 640 149 
383 402 593 150 
384 150 620 402 
385 565 620 150 
386 151 601 447 
387 463 601 151 
388 151 650 463 
389 549 650 151 
390 518 578 152 
391 152 665 518 
392 605 665 152 
393 451 452 153 
394 452 453 153 
395 453 515 153 
396 405 628 154 
397 154 646 405 
398 433 614 154 
399 154 628 433 
400 155 524 416 
401 416 574 155 
402 155 591 524 
403 401 542 156 
404 156 551 401 
405 542 660 156 
406 156 660 562 
407 448 449 157 
408 449 450 157 
409 450 451 157 
410 477 580 158 
411 158 580 546 
412 546 609 158 
413 176 177 159 
414 177 178 159 
415 178 622 159 
416 160 622 178 
417 178 656 160 
418 160 656 613 
419 161 552 504 
420 504 612 161 
421 161 612 554 
422 162 554 421 
423 421 592 162 
424 162 592 553 
425 163 596 492 
426 492 652 163 
427 163 652 557 
428 528 615 164 
429 164 643 528 
430 164 615 559 
431 165 440 439 
432 439 664 165 
433 165 566 440 
434 165 664 565 
435 166 651 561 
436 568 608 166 
437 608 651 166 
438 167 578 518 
439 518 658 167 
440 167 603 582 
441 167 658 603 
442 168 624 432 
443 432 648 168 
444 168 648 579 
445 169 576 571 
446 169 581 576 
447 169 636 581 
448 558 627 170 
449 170 654 558 
450 562 654 170 
451 171 606 175 
452 175 645 171 
453 447 606 171 
454 498 548 172 
455 172 595 498 
456 594 595 172 
457 568 619 173 
458 173 649 568 
459 614 649 173 
460 174 558 448 
461 174 627 558 
462 174 661 627 
463 175 424 176 
464 175 606 424 
465 176 424 177 
466 177 179 178 
467 177 180 179 
468 177 424 180 
469 179 499 178 
470 499 656 178 
471 180 181 179 
472 181 182 179 
473 182 499 179 
474 180 462 181 
475 424 425 180 
476 425 462 180 
477 181 183 182 
478 181 184 183 
479 181 462 184 
480 183 497 182 
481 497 498 182 
482 498 499 182 
483 184 185 183 
484 185 187 183 
485 187 497 183 
486 184 186 185 
487 184 461 186 
488 184 462 461 
489 186 188 185 
490 185 503 187 
491 188 503 185 
492 186 189 188 
493 186 292 189 
494 186 461 292 
495 187 505 497 
496 503 504 187 
497 504 505 187 
498 189 190 188 
499 190 550 188 
500 188 550 503 
501 189 191 190 
502 189 457 191 
503 292 457 189 
504 191 192 190 
505 192 193 190 
506 193 550 190 
507 191 455 192 
508 191 456 455 
509 191 457 456 
510 192 194 193 
511 192 195 194 
512 192 455 195 
513 194 295 193 
514 295 305 193 
515 305 550 193 
516 195 196 194 
517 196 508 194 
518 194 508 295 
519 195 197 196 
520 195 199 197 
521 195 455 199 
522 197 198 196 
523 198 201 196 
524 201 508 196 
525 197 475 198 
526 199 200 197 
527 200 475 197 
528 198 202 201 
529 198 203 202 
530 198 475 203 
531 199 306 200 
532 199 309 306 
533 199 455 309 
534 306 418 200 
535 418 419 200 
536 419 475 200 
537 202 506 201 
538 506 623 201 
539 201 623 508 
540 203 204 202 
541 204 205 202 
542 205 506 202 
543 203 569 204 
544 475 476 203 
545 476 569 203 
546 204 206 205 
547 204 207 206 
548 204 569 207 
549 206 415 205 
550 415 610 205 
551 205 610 506 
552 207 208 206 
553 208 253 206 
554 253 415 206 
555 207 209 208 
556 207 489 209 
557 207 569 489 
558 209 210 208 
559 210 442 208 
560 208 442 253 
561 209 211 210 
562 209 216 211 
563 209 489 216 
564 211 212 210 
565 212 221 210 
566 221 442 210 
567 211 213 212 
568 211 512 213 
569 216 512 211 
570 213 214 212 
571 214 588 212 
572 212 588 221 
573 213 215 214 
574 213 480 215 
575 213 512 480 
576 215 217 214 
577 217 611 214 
578 214 611 588 
579 215 218 217 
580 215 479 218 
581 215 480 479 
582 216 490 420 
583 420 512 216 
584 489 490 216 
585 218 219 217 
586 219 220 217 
587 220 611 217 
588 218 222 219 
589 218 223 222 
590 218 479 223 
591 219 224 220 
592 222 443 219 
593 219 443 224 
594 224 225 220 
595 225 478 220 
596 478 611 220 
597 221 653 442 
598 221 588 516 
599 516 653 221 
600 223 226 222 
601 226 507 222 
602 222 507 443 
603 223 227 226 
604 223 481 227 
605 479 481 223 
606 224 236 225 
607 224 435 236 
608 224 443 435 
609 236 237 225 
610 237 238 225 
611 238 478 225 
612 227 228 226 
613 228 246 226 
614 246 507 226 
615 227 229 228 
616 227 230 229 
617 227 481 230 
618 229 495 228 
619 228 252 246 
620 228 495 252 
621 230 231 229 
622 231 485 229 
623 485 495 229 
624 230 232 231 
625 230 488 232 
626 481 488 230 
627 232 233 231 
628 233 234 231 
629 234 485 231 
630 232 235 233 
631 232 266 235 
632 232 488 266 
633 233 245 234 
634 235 532 233 
635 233 532 245 
636 245 250 234 
637 250 446 234 
638 446 485 234 
639 266 267 235 
640 267 535 235 
641 235 535 532 
642 236 436 237 
643 236 435 426 
644 426 436 236 
645 237 239 238 
646 237 254 239 
647 237 436 254 
648 239 240 238 
649 240 429 238 
650 429 478 238 
651 239 241 240 
652 239 445 241 
653 254 445 239 
654 241 242 240 
655 242 275 240 
656 275 429 240 
657 241 243 242 
658 241 625 243 
659 445 625 241 
660 243 244 242 
661 244 541 242 
662 242 541 275 
663 243 247 244 
664 243 258 247 
665 243 625 258 
666 247 248 244 
667 248 249 244 
668 249 541 244 
669 245 251 250 
670 245 257 251 
671 245 532 257 
672 252 259 246 
673 259 277 246 
674 277 507 246 
675 247 255 248 
676 247 521 255 
677 258 521 247 
678 248 538 249 
679 255 256 248 
680 256 538 248 
681 249 502 437 
682 437 541 249 
683 249 538 502 
684 251 525 250 
685 438 446 250 
686 250 525 438 
687 257 260 251 
688 260 261 251 
689 261 525 251 
690 252 265 259 
691 252 276 265 
692 252 495 276 
693 253 514 415 
694 442 616 253 
695 253 616 514 
696 254 436 400 
697 400 444 254 
698 444 662 254 
699 254 662 445 
700 255 262 256 
701 255 272 262 
702 255 521 272 
703 262 263 256 
704 263 264 256 
705 264 538 256 
706 257 527 260 
707 526 527 257 
708 257 532 526 
709 397 602 258 
710 258 625 397 
711 404 521 258 
712 258 602 404 
713 265 519 259 
714 259 278 277 
715 259 519 278 
716 260 268 261 
717 260 273 268 
718 260 527 273 
719 268 269 261 
720 269 270 261 
721 270 525 261 
722 262 271 263 
723 262 474 271 
724 272 474 262 
725 263 285 264 
726 271 523 263 
727 263 523 285 
728 285 286 264 
729 286 537 264 
730 537 538 264 
731 276 290 265 
732 290 484 265 
733 484 519 265 
734 266 282 267 
735 266 301 282 
736 266 488 301 
737 282 283 267 
738 283 284 267 
739 284 535 267 
740 268 274 269 
741 273 547 268 
742 268 547 274 
743 269 534 270 
744 274 293 269 
745 293 534 269 
746 434 525 270 
747 270 536 434 
748 534 536 270 
749 271 474 473 
750 473 500 271 
751 500 523 271 
752 272 630 474 
753 521 659 272 
754 272 659 630 
755 527 583 273 
756 273 597 547 
757 583 597 273 
758 274 294 293 
759 274 308 294 
760 274 547 308 
761 427 428 275 
762 275 541 427 
763 428 429 275 
764 276 291 290 
765 276 496 291 
766 495 496 276 
767 278 279 277 
768 279 544 277 
769 277 544 507 
770 278 280 279 
771 278 300 280 
772 278 519 300 
773 280 281 279 
774 281 330 279 
775 330 544 279 
776 280 520 281 
777 300 307 280 
778 307 520 280 
779 281 331 330 
780 281 332 331 
781 281 520 332 
782 282 530 283 
783 301 314 282 
784 314 530 282 
785 283 287 284 
786 283 288 287 
787 283 530 288 
788 287 289 284 
789 289 319 284 
790 319 535 284 
791 285 315 286 
792 285 316 315 
793 285 523 316 
794 315 317 286 
795 317 318 286 
796 318 537 286 
797 288 296 287 
798 287 575 289 
799 296 575 287 
800 288 297 296 
801 288 298 297 
802 288 530 298 
803 289 320 319 
804 289 321 320 
805 289 575 321 
806 291 310 290 
807 310 313 290 
808 313 484 290 
809 291 311 310 
810 291 348 311 
811 291 496 348 
812 292 458 457 
813 292 459 458 
814 292 461 459 
815 294 326 293 
816 326 328 293 
817 328 534 293 
818 308 572 294 
819 294 327 326 
820 294 572 327 
821 295 385 305 
822 295 386 385 
823 295 508 386 
824 297 539 296 
825 296 539 472 
826 472 575 296 
827 298 299 297 
828 299 302 297 
829 302 539 297 
830 298 644 299 
831 491 644 298 
832 298 666 491 
833 530 666 298 
834 299 303 302 
835 299 304 303 
836 299 644 304 
837 300 395 307 
838 300 396 395 
839 300 519 396 
840 301 354 314 
841 301 355 354 
842 301 488 355 
843 303 312 302 
844 312 375 302 
845 375 539 302 
846 304 604 303 
847 303 322 312 
848 303 604 322 
849 586 617 304 
850 304 644 586 
851 304 617 604 
852 385 421 305 
853 421 422 305 
854 422 550 305 
855 309 324 306 
856 324 633 306 
857 306 633 418 
858 395 432 307 
859 432 482 307 
860 482 520 307 
861 452 572 308 
862 308 600 452 
863 547 600 308 
864 309 325 324 
865 309 456 325 
866 455 456 309 
867 311 522 310 
868 310 398 313 
869 310 522 398 
870 348 349 311 
871 349 350 311 
872 350 522 311 
873 322 323 312 
874 323 546 312 
875 312 546 375 
876 398 399 313 
877 399 454 313 
878 454 484 313 
879 354 420 314 
880 420 666 314 
881 314 666 530 
882 316 329 315 
883 315 531 317 
884 329 531 315 
885 316 380 329 
886 316 381 380 
887 316 523 381 
888 317 356 318 
889 317 417 356 
890 317 531 417 
891 356 357 318 
892 357 358 318 
893 358 537 318 
894 320 373 319 
895 373 526 319 
896 526 535 319 
897 321 632 320 
898 320 374 373 
899 320 632 374 
900 555 632 321 
901 321 637 555 
902 575 637 321 
903 322 391 323 
904 322 418 391 
905 322 604 418 
906 391 413 323 
907 413 414 323 
908 414 546 323 
909 325 384 324 
910 384 577 324 
911 577 633 324 
912 325 411 384 
913 325 412 411 
914 325 456 412 
915 327 542 326 
916 326 401 328 
917 326 542 401 
918 327 543 542 
919 327 626 543 
920 572 626 327 
921 401 402 328 
922 402 403 328 
923 403 534 328 
924 380 405 329 
925 405 663 329 
926 329 663 531 
927 331 426 330 
928 426 435 330 
929 435 544 330 
930 332 333 331 
931 333 540 331 
932 331 540 426 
933 332 334 333 
934 332 390 334 
935 332 520 390 
936 334 335 333 
937 335 336 333 
938 336 540 333 
939 334 416 335 
940 390 533 334 
941 334 533 416 
942 335 337 336 
943 335 524 337 
944 416 524 335 
945 337 338 336 
946 338 400 336 
947 400 540 336 
948 337 339 338 
949 337 347 339 
950 337 524 347 
951 339 340 338 
952 340 444 338 
953 338 444 400 
954 339 341 340 
955 339 589 341 
956 347 589 339 
957 341 342 340 
958 342 343 340 
959 343 444 340 
960 341 545 342 
961 341 570 545 
962 341 589 570 
963 342 344 343 
964 342 345 344 
965 342 545 345 
966 344 397 343 
967 397 662 343 
968 343 662 444 
969 345 346 344 
970 346 602 344 
971 344 602 397 
972 345 352 346 
973 345 576 352 
974 545 576 345 
975 352 353 346 
976 353 404 346 
977 404 602 346 
978 524 591 347 
979 347 590 589 
980 347 591 590 
981 348 438 349 
982 348 446 438 
983 348 496 446 
984 349 351 350 
985 349 434 351 
986 349 438 434 
987 351 439 350 
988 439 440 350 
989 440 522 350 
990 434 536 351 
991 351 441 439 
992 351 536 441 
993 352 564 353 
994 352 581 564 
995 576 581 352 
996 353 408 404 
997 353 409 408 
998 353 564 409 
999 355 480 354 
1000 354 512 420 
1001 480 512 354 
1002 479 480 355 
1003 355 481 479 
1004 355 488 481 
1005 356 511 357 
1006 417 615 356 
1007 356 615 511 
1008 357 359 358 
1009 357 360 359 
1010 357 511 360 
1011 359 501 358 
1012 501 502 358 
1013 502 537 358 
1014 360 361 359 
1015 361 362 359 
1016 362 501 359 
1017 360 509 361 
1018 360 510 509 
1019 360 511 510 
1020 361 363 362 
1021 361 364 363 
1022 361 509 364 
1023 363 365 362 
1024 365 366 362 
1025 366 501 362 
1026 364 368 363 
1027 363 513 365 
1028 368 513 363 
1029 364 369 368 
1030 364 372 369 
1031 364 509 372 
1032 365 367 366 
1033 365 393 367 
1034 365 513 393 
1035 367 427 366 
1036 427 437 366 
1037 437 501 366 
1038 393 516 367 
1039 367 428 427 
1040 367 516 428 
1041 369 370 368 
1042 370 514 368 
1043 368 514 513 
1044 369 371 370 
1045 369 494 371 
1046 372 494 369 
1047 371 376 370 
1048 376 415 370 
1049 415 514 370 
1050 371 377 376 
1051 371 392 377 
1052 371 494 392 
1053 372 567 494 
1054 509 529 372 
1055 529 567 372 
1056 374 583 373 
1057 373 527 526 
1058 373 583 527 
1059 374 466 465 
1060 465 467 374 
1061 374 632 466 
1062 467 583 374 
1063 375 634 539 
1064 546 580 375 
1065 580 634 375 
1066 377 378 376 
1067 378 610 376 
1068 376 610 415 
1069 377 379 378 
1070 377 492 379 
1071 392 492 377 
1072 379 431 378 
1073 431 506 378 
1074 506 610 378 
1075 379 607 431 
1076 492 493 379 
1077 493 607 379 
1078 381 382 380 
1079 382 628 380 
1080 380 628 405 
1081 381 383 382 
1082 381 500 383 
1083 381 523 500 
1084 383 387 382 
1085 387 433 382 
1086 433 628 382 
1087 383 388 387 
1088 383 389 388 
1089 383 500 389 
1090 411 657 384 
1091 384 641 577 
1092 384 657 641 
1093 386 394 385 
1094 394 592 385 
1095 385 592 421 
1096 386 607 394 
1097 431 607 386 
1098 386 623 431 
1099 508 623 386 
1100 388 651 387 
1101 387 649 433 
1102 608 649 387 
1103 387 651 608 
1104 389 406 388 
1105 406 561 388 
1106 561 651 388 
1107 389 407 406 
1108 389 473 407 
1109 389 500 473 
1110 390 520 482 
1111 482 629 390 
1112 390 629 533 
1113 391 577 413 
1114 418 633 391 
1115 391 633 577 
1116 392 652 492 
1117 494 585 392 
1118 585 652 392 
1119 513 616 393 
1120 393 653 516 
1121 616 653 393 
1122 394 635 592 
1123 607 635 394 
1124 396 423 395 
1125 423 648 395 
1126 395 648 432 
1127 396 454 423 
1128 396 484 454 
1129 396 519 484 
1130 397 625 445 
1131 445 662 397 
1132 398 573 399 
1133 522 639 398 
1134 398 639 573 
1135 399 655 454 
1136 573 599 399 
1137 599 655 399 
1138 436 540 400 
1139 401 551 402 
1140 402 620 403 
1141 551 593 402 
1142 441 536 403 
1143 403 620 441 
1144 403 536 534 
1145 408 659 404 
1146 404 659 521 
1147 405 646 560 
1148 560 663 405 
1149 407 665 406 
1150 406 605 561 
1151 406 665 605 
1152 473 517 407 
1153 517 518 407 
1154 518 665 407 
1155 409 410 408 
1156 410 630 408 
1157 630 659 408 
1158 409 603 410 
1159 564 642 409 
1160 409 642 603 
1161 517 630 410 
1162 410 658 517 
1163 603 658 410 
1164 412 618 411 
1165 487 657 411 
1166 456 457 412 
1167 457 458 412 
1168 458 618 412 
1169 413 598 414 
1170 577 641 413 
1171 414 609 546 
1172 598 609 414 
1173 533 574 416 
1174 559 615 417 
1175 418 604 419 
1176 419 476 475 
1177 419 617 476 
1178 604 617 419 
1179 490 491 420 
1180 491 666 420 
1181 421 612 422 
1182 554 612 421 
1183 422 504 503 
1184 503 550 422 
1185 422 612 504 
1186 454 655 423 
1187 579 648 423 
1188 424 606 425 
1189 425 647 462 
1190 425 606 601 
1191 601 647 425 
1192 426 540 436 
1193 427 541 437 
1194 428 430 429 
1195 428 516 430 
1196 430 478 429 
1197 430 611 478 
1198 516 588 430 
1199 588 611 430 
1200 431 623 506 
1201 432 483 482 
1202 432 624 483 
1203 433 649 614 
1204 438 525 434 
1205 443 544 435 
1206 437 502 501 
1207 441 664 439 
1208 440 639 522 
1209 566 639 440 
1210 620 664 441 
1211 442 653 616 
1212 507 544 443 
1213 446 496 485 
1214 601 606 447 
1215 448 558 449 
1216 449 626 450 
1217 449 558 543 
1218 543 626 449 
1219 450 452 451 
1220 450 572 452 
1221 450 626 572 
1222 452 600 453 
1223 453 584 515 
1224 453 638 584 
1225 600 638 453 
1226 459 460 458 
1227 460 618 458 
1228 459 650 460 
1229 461 463 459 
1230 463 650 459 
1231 549 631 460 
1232 460 650 549 
1233 462 647 461 
1234 461 647 463 
1235 463 647 601 
1236 464 584 465 
1237 515 584 464 
1238 465 584 467 
1239 466 555 468 
1240 466 632 555 
1241 467 597 583 
1242 584 638 467 
1243 467 638 597 
1244 468 555 469 
1245 469 555 470 
1246 470 472 471 
1247 470 637 472 
1248 555 637 470 
1249 472 634 471 
1250 471 580 477 
1251 471 634 580 
1252 539 634 472 
1253 472 637 575 
1254 474 517 473 
1255 474 630 517 
1256 563 569 476 
1257 476 617 563 
1258 483 629 482 
1259 485 496 495 
1260 486 657 487 
1261 641 657 486 
1262 489 563 490 
1263 489 569 563 
1264 490 586 491 
1265 563 586 490 
1266 586 644 491 
1267 492 596 493 
1268 493 635 607 
1269 567 585 494 
1270 497 640 498 
1271 505 640 497 
1272 498 595 499 
1273 498 640 548 
1274 595 656 499 
1275 502 538 537 
1276 504 552 505 
1277 510 529 509 
1278 511 528 510 
1279 511 615 528 
1280 514 616 513 
1281 517 658 518 
1282 532 535 526 
1283 556 567 529 
1284 533 587 574 
1285 543 660 542 
1286 558 654 543 
1287 654 660 543 
1288 570 571 545 
1289 571 576 545 
1290 597 600 547 
1291 592 635 553 
1292 557 652 585 
1293 562 660 654 
1294 563 617 586 
1295 565 664 620 
1296 568 649 608 
1297 570 621 571 
1298 603 642 582 
1299 594 613 595 
1300 613 656 595 
1301 597 638 600 
2 2 2 318
1302 1 683 65 
1303 103 796 1 
1304 1 796 683 
1305 65 676 66 
1306 65 683 676 
1307 66 780 67 
1308 676 780 66 
1309 67 674 68 
1310 67 780 674 
1311 68 769 69 
1312 674 769 68 
1313 69 788 70 
1314 769 788 69 
1315 70 677 71 
1316 70 788 677 
1317 71 777 72 
1318 677 777 71 
1319 72 668 73 
1320 72 777 668 
1321 73 782 74 
1322 668 782 73 
1323 74 778 75 
1324 74 782 778 
1325 75 678 76 
1326 75 778 678 
1327 76 776 77 
1328 678 776 76 
1329 77 672 78 
1330 77 776 672 
1331 78 792 79 
1332 672 792 78 
1333 79 784 80 
1334 79 792 784 
1335 80 682 81 
1336 80 784 682 
1337 81 781 82 
1338 682 781 81 
1339 82 670 83 
1340 82 781 670 
1341 83 775 84 
1342 670 775 83 
1343 84 675 85 
1344 84 775 675 
1345 85 787 86 
1346 675 787 85 
1347 86 786 87 
1348 86 787 786 
1349 87 671 88 
1350 87 786 671 
1351 88 783 89 
1352 671 783 88 
1353 89 791 90 
1354 783 791 89 
1355 90 679 91 
1356 90 791 679 
1357 91 774 92 
1358 679 774 91 
1359 92 667 93 
1360 92 774 667 
1361 93 743 94 
1362 667 743 93 
1363 94 793 95 
1364 743 793 94 
1365 95 680 96 
1366 95 793 680 
1367 96 804 97 
1368 680 804 96 
1369 97 673 98 
1370 97 804 673 
1371 98 779 99 
1372 673 779 98 
1373 99 681 100 
1374 99 779 681 
1375 100 785 101 
1376 681 785 100 
1377 101 802 102 
1378 785 802 101 
1379 102 669 103 
1380 102 802 669 
1381 669 796 103 
1382 734 735 667 
1383 667 774 734 
1384 735 743 667 
1385 777 801 668 
1386 668 803 782 
1387 801 803 668 
1388 669 745 744 
1389 744 796 669 
1390 669 746 745 
1391 669 802 746 
1392 670 781 772 
1393 772 800 670 
1394 670 800 775 
1395 760 783 671 
1396 671 798 760 
1397 786 798 671 
1398 733 792 672 
1399 672 799 733 
1400 776 799 672 
1401 740 779 673 
1402 673 794 740 
1403 773 794 673 
1404 673 804 773 
1405 674 790 769 
1406 780 790 674 
1407 775 800 675 
1408 675 797 787 
1409 675 800 797 
1410 683 684 676 
1411 684 685 676 
1412 685 780 676 
1413 677 768 738 
1414 738 777 677 
1415 677 788 768 
1416 678 806 776 
1417 778 789 678 
1418 789 806 678 
1419 679 761 741 
1420 741 774 679 
1421 679 791 761 
1422 771 773 680 
1423 680 793 771 
1424 773 804 680 
1425 740 770 681 
1426 681 779 740 
1427 770 785 681 
1428 682 805 781 
1429 784 795 682 
1430 795 805 682 
1431 683 744 684 
1432 683 796 744 
1433 684 686 685 
1434 684 742 686 
1435 684 744 742 
1436 686 687 685 
1437 687 790 685 
1438 685 790 780 
1439 686 688 687 
1440 686 689 688 
1441 686 742 689 
1442 688 748 687 
1443 748 749 687 
1444 749 790 687 
1445 689 690 688 
1446 690 691 688 
1447 691 748 688 
1448 689 750 690 
1449 742 747 689 
1450 747 750 689 
1451 690 692 691 
1452 690 693 692 
1453 690 750 693 
1454 692 751 691 
1455 691 767 748 
1456 751 767 691 
1457 693 694 692 
1458 694 695 692 
1459 695 751 692 
1460 693 754 694 
1461 750 766 693 
1462 693 766 754 
1463 694 696 695 
1464 694 697 696 
1465 694 754 697 
1466 696 699 695 
1467 699 700 695 
1468 700 751 695 
1469 697 698 696 
1470 698 755 696 
1471 696 755 699 
1472 697 701 698 
1473 697 702 701 
1474 697 754 702 
1475 701 703 698 
1476 703 704 698 
1477 704 755 698 
1478 699 705 700 
1479 699 756 705 
1480 755 756 699 
1481 705 708 700 
1482 708 714 700 
1483 714 751 700 
1484 702 706 701 
1485 701 758 703 
1486 706 758 701 
1487 702 707 706 
1488 702 717 707 
1489 702 754 717 
1490 703 709 704 
1491 703 710 709 
1492 703 758 710 
1493 709 711 704 
1494 711 722 704 
1495 722 755 704 
1496 705 712 708 
1497 705 713 712 
1498 705 756 713 
1499 707 720 706 
1500 720 721 706 
1501 721 758 706 
1502 717 718 707 
1503 718 762 707 
1504 707 762 720 
1505 712 757 708 
1506 708 715 714 
1507 708 757 715 
1508 710 764 709 
1509 709 728 711 
1510 709 764 728 
1511 758 759 710 
1512 759 760 710 
1513 760 764 710 
1514 711 723 722 
1515 711 763 723 
1516 728 763 711 
1517 713 729 712 
1518 729 732 712 
1519 732 757 712 
1520 713 730 729 
1521 713 752 730 
1522 713 756 752 
1523 715 716 714 
1524 716 767 714 
1525 714 767 751 
1526 715 736 716 
1527 715 737 736 
1528 715 757 737 
1529 736 738 716 
1530 738 739 716 
1531 739 767 716 
1532 717 719 718 
1533 717 766 719 
1534 754 766 717 
1535 719 724 718 
1536 724 731 718 
1537 731 762 718 
1538 719 725 724 
1539 719 726 725 
1540 719 766 726 
1541 720 734 721 
1542 720 735 734 
1543 720 762 735 
1544 734 741 721 
1545 741 759 721 
1546 721 759 758 
1547 723 752 722 
1548 752 756 722 
1549 722 756 755 
1550 723 753 752 
1551 723 772 753 
1552 763 772 723 
1553 725 740 724 
1554 724 794 731 
1555 740 794 724 
1556 726 727 725 
1557 727 770 725 
1558 725 770 740 
1559 726 747 727 
1560 726 750 747 
1561 726 766 750 
1562 745 746 727 
1563 727 747 745 
1564 746 770 727 
1565 728 797 763 
1566 764 765 728 
1567 765 797 728 
1568 730 733 729 
1569 729 799 732 
1570 733 799 729 
1571 730 795 733 
1572 752 753 730 
1573 753 795 730 
1574 731 771 762 
1575 731 773 771 
1576 731 794 773 
1577 732 789 757 
1578 732 806 789 
1579 799 806 732 
1580 784 792 733 
1581 733 795 784 
1582 734 774 741 
1583 735 771 743 
1584 762 771 735 
1585 737 803 736 
1586 736 801 738 
1587 736 803 801 
1588 757 789 737 
1589 737 789 778 
1590 778 803 737 
1591 738 768 739 
1592 738 801 777 
1593 739 749 748 
1594 748 767 739 
1595 739 768 749 
1596 741 761 759 
1597 744 745 742 
1598 745 747 742 
1599 771 793 743 
1600 746 785 770 
1601 746 802 785 
1602 768 769 749 
1603 769 790 749 
1604 772 805 753 
1605 753 805 795 
1606 759 761 760 
1607 761 783 760 
1608 760 798 764 
1609 761 791 783 
1610 763 800 772 
1611 797 800 763 
1612 764 798 765 
1613 786 787 765 
1614 765 798 786 
1615 787 797 765 
1616 768 788 769 
1617 781 805 772 
1618 776 806 799 
1619 782 803 778 
2 3 2 14
1620 3 129 809 
1621 135 3 809 
1622 129 130 809 
1623 130 131 807 
1624 130 807 809 
1625 131 132 810 
1626 807 131 810 
1627 132 133 810 
1628 133 134 810 
1629 134 135 808 
1630 134 808 810 
1631 808 135 809 
1632 807 808 809 
1633 808 807 810 
3 1 4 4216
1634 206 899 873 936 
1635 209 873 208 899 
1636 209 873 899 957 
1637 817 1079 1039 1083 
1638 871 904 291 1003 
1639 602 977 907 1104 
1640 877 916 818 1021 
1641 252 902 871 1003 
1642 725 886 849 942 
1643 252 259 871 902 
1644 291 904 871 1000 
1645 669 166 608 867 
1646 243 995 879 1018 
1647 843 822 946 1005 
1648 858 916 145 955 
1649 843 946 888 1005 
1650 315 316 846 948 
1651 827 889 874 930 
1652 874 889 827 924 
1653 888 946 822 1005 
1654 840 973 906 999 
1655 811 889 874 924 
1656 811 924 874 1148 
1657 865 991 281 1031 
1658 874 889 811 930 
1659 725 849 886 998 
1660 716 980 864 993 
1661 846 877 827 889 
1662 697 897 855 931 
1663 508 996 850 1089 
1664 820 906 973 999 
1665 111 145 916 955 
1666 882 901 260 1057 
1667 520 281 991 1031 
1668 252 902 1003 1045 
1669 921 1019 882 1141 
1670 893 977 826 1062 
1671 901 997 250 1023 
1672 858 955 145 970 
1673 260 901 882 997 
1674 698 697 855 931 
1675 371 863 952 1022 
1676 973 999 840 1058 
1677 864 933 737 976 
1678 814 871 983 1030 
1679 882 921 818 1019 
1680 494 371 863 952 
1681 833 1019 921 1141 
1682 366 922 961 1128 
1683 597 882 1057 1061 
1684 843 978 822 1005 
1685 1002 1007 301 1113 
1686 833 924 921 1019 
1687 580 962 866 985 
1688 265 252 259 871 
1689 715 864 737 976 
1690 846 315 948 949 
1691 315 531 948 949 
1692 721 1017 953 1080 
1693 315 846 316 1130 
1694 716 864 976 993 
1695 912 953 721 1017 
1696 817 899 952 1079 
1697 716 736 864 980 
1698 838 977 893 1062 
1699 921 1057 882 1061 
1700 508 194 850 996 
1701 494 863 371 1022 
1702 916 968 109 1072 
1703 842 916 877 1021 
1704 936 952 899 1079 
1705 921 924 818 1019 
1706 877 948 531 949 
1707 817 1039 896 1083 
1708 817 866 1039 1079 
1709 746 651 166 867 
1710 831 983 871 1030 
1711 894 901 250 1023 
1712 410 1063 886 1091 
1713 366 961 848 1128 
1714 816 874 854 982 
1715 242 879 243 995 
1716 357 903 909 1049 
1717 278 279 865 902 
1718 755 986 931 1098 
1719 208 873 206 899 
1720 715 716 864 976 
1721 724 886 725 942 
1722 837 950 865 983 
1723 348 904 894 1003 
1724 259 871 902 963 
1725 817 873 1079 1083 
1726 825 1016 861 1042 
1727 468 145 955 970 
1728 746 561 651 867 
1729 329 315 531 948 
1730 814 890 883 950 
1731 826 941 893 1062 
1732 450 911 875 1024 
1733 209 957 899 1144 
1734 669 608 568 867 
1735 872 811 910 930 
1736 520 991 862 1031 
1737 337 954 887 969 
1738 937 943 822 1069 
1739 872 874 811 930 
1740 893 838 1062 1080 
1741 507 902 876 1015 
1742 880 822 943 1069 
1743 847 943 937 1069 
1744 827 877 846 948 
1745 371 952 936 1022 
1746 820 999 973 1058 
1747 822 843 946 978 
1748 854 874 816 1092 
1749 876 902 507 1045 
1750 865 902 279 1015 
1751 410 409 1063 1091 
1752 339 338 851 954 
1753 597 1057 921 1061 
1754 208 209 207 873 
1755 450 875 951 1024 
1756 893 1062 941 1080 
1757 303 927 932 1008 
1758 846 923 316 1130 
1759 831 902 871 983 
1760 882 597 935 1061 
1761 848 961 922 1128 
1762 326 327 881 913 
1763 811 872 910 1082 
1764 866 962 580 1008 
1765 350 864 992 1064 
1766 119 1010 1099 1117 
1767 316 923 846 948 
1768 862 865 823 1122 
1769 824 854 1048 1146 
1770 880 937 822 1069 
1771 259 265 871 963 
1772 858 929 374 935 
1773 881 913 327 951 
1774 472 471 634 988 
1775 865 950 814 983 
1776 736 715 716 864 
1777 815 849 870 1038 
1778 248 1018 917 1025 
1779 817 892 920 939 
1780 836 920 892 939 
1781 514 899 936 952 
1782 695 966 883 979 
1783 826 870 849 1038 
1784 815 870 849 964 
1785 901 914 820 973 
1786 883 890 855 950 
1787 291 904 348 1003 
1788 877 889 846 1151 
1789 811 874 872 1040 
1790 580 477 962 985 
1791 818 877 1021 1090 
1792 825 956 861 1016 
1793 821 922 848 960 
1794 439 864 350 933 
1795 814 871 902 983 
1796 886 1063 893 1091 
1797 849 870 826 1012 
1798 848 909 821 960 
1799 568 867 608 967 
1800 889 1019 811 1152 
1801 249 248 879 917 
1802 847 1007 1002 1113 
1803 825 945 1016 1042 
1804 337 887 335 969 
1805 725 886 724 998 
1806 301 1007 488 1113 
1807 315 949 846 1130 
1808 862 823 890 1122 
1809 893 1063 409 1091 
1810 893 953 353 977 
1811 285 316 923 1130 
1812 813 950 855 990 
1813 394 850 1010 1089 
1814 889 924 811 1019 
1815 817 920 859 939 
1816 859 920 836 939 
1817 374 935 929 1081 
1818 468 970 955 1139 
1819 827 846 889 1052 
1820 278 902 865 963 
1821 385 850 394 1089 
1822 708 705 700 918 
1823 494 369 371 952 
1824 695 979 883 1098 
1825 825 861 995 1042 
1826 877 968 916 1072 
1827 795 648 805 971 
1828 561 651 867 1123 
1829 844 972 858 1006 
1830 833 914 901 973 
1831 339 851 1035 1075 
1832 248 917 256 1025 
1833 864 350 933 1064 
1834 309 996 850 1105 
1835 496 348 894 1003 
1836 673 794 167 886 
1837 160 807 808 965 
1838 755 704 931 986 
1839 820 914 901 1051 
1840 382 923 878 964 
1841 324 850 309 1037 
1842 556 920 863 985 
1843 869 938 540 1129 
1844 882 997 828 1095 
1845 253 899 206 936 
1846 366 922 427 961 
1847 708 918 700 1127 
1848 632 929 858 970 
1849 826 908 870 981 
1850 496 291 348 1003 
1851 339 851 338 1035 
1852 844 997 882 1095 
1853 892 939 817 1153 
1854 816 982 854 1096 
1855 833 921 882 1141 
1856 717 941 942 1124 
1857 844 828 997 1095 
1858 209 899 208 1144 
1859 873 936 899 1079 
1860 972 1006 844 1106 
1861 929 1006 925 1106 
1862 923 994 285 1130 
1863 747 905 867 1013 
1864 508 850 295 1089 
1865 325 309 324 850 
1866 817 892 866 985 
1867 145 858 465 916 
1868 877 109 968 1072 
1869 820 901 894 1051 
1870 850 996 309 1037 
1871 746 561 867 1137 
1872 870 981 908 1077 
1873 608 166 651 867 
1874 540 938 869 969 
1875 615 903 955 1087 
1876 698 701 697 931 
1877 325 1105 850 1108 
1878 698 755 931 1098 
1879 826 977 893 1063 
1880 518 740 886 998 
1881 851 1017 710 1115 
1882 258 977 602 1104 
1883 953 1017 838 1080 
1884 319 1081 929 1088 
1885 686 684 947 1013 
1886 931 986 890 1098 
1887 464 145 465 916 
1888 697 855 897 1124 
1889 865 938 281 991 
1890 818 916 877 1090 
1891 261 260 901 1057 
1892 838 953 912 1017 
1893 136 556 863 985 
1894 697 696 698 855 
1895 824 1092 854 1146 
1896 249 917 879 1032 
1897 705 700 918 1155 
1898 380 878 382 923 
1899 397 907 861 1104 
1900 701 897 697 931 
1901 757 737 933 976 
1902 346 353 953 977 
1903 515 109 916 968 
1904 1006 1009 925 1106 
1905 710 1075 851 1115 
1906 468 955 112 1139 
1907 814 890 950 1122 
1908 622 807 160 965 
1909 380 878 923 948 
1910 632 374 858 929 
1911 825 995 945 1042 
1912 250 901 894 1026 
1913 309 455 996 1105 
1914 921 924 875 1090 
1915 452 921 875 968 
1916 291 904 1000 1064 
1917 265 871 963 1000 
1918 976 993 864 999 
1919 561 1123 867 1137 
1920 602 907 397 1104 
1921 686 947 944 1013 
1922 971 1031 841 1097 
1923 846 827 948 1052 
1924 350 864 439 992 
1925 747 867 905 1137 
1926 698 755 704 931 
1927 700 1127 918 1155 
1928 708 918 1127 1149 
1929 265 963 484 1000 
1930 747 727 867 1137 
1931 824 966 1092 1146 
1932 825 946 888 958 
1933 248 879 917 1018 
1934 861 1016 813 1042 
1935 303 927 604 932 
1936 888 958 946 1101 
1937 864 933 439 1114 
1938 166 568 669 608 
1939 908 1025 870 1077 
1940 755 890 986 1098 
1941 339 337 338 954 
1942 848 961 366 975 
1943 346 353 352 953 
1944 384 325 850 1108 
1945 720 721 953 1080 
1946 818 916 972 1021 
1947 829 1025 908 1077 
1948 817 863 985 1079 
1949 277 902 507 1015 
1950 848 975 366 1049 
1951 844 915 828 1095 
1952 859 817 899 952 
1953 848 1049 366 1128 
1954 851 759 1017 1075 
1955 950 990 813 1016 
1956 567 863 920 1102 
1957 915 943 828 1095 
1958 357 909 358 1128 
1959 814 983 891 1030 
1960 136 863 962 985 
1961 198 996 1053 1078 
1962 384 850 324 1037 
1963 908 1012 272 1063 
1964 272 1012 908 1025 
1965 465 916 858 935 
1966 840 906 992 999 
1967 260 251 901 997 
1968 838 990 1017 1035 
1969 567 863 556 920 
1970 844 943 915 1095 
1971 336 337 335 969 
1972 873 899 817 1079 
1973 936 952 863 1022 
1974 875 451 968 1055 
1975 852 942 941 1124 
1976 824 854 1044 1048 
1977 697 696 855 979 
1978 817 985 866 1079 
1979 813 855 950 1140 
1980 736 737 715 864 
1981 543 951 913 1033 
1982 395 1031 971 1097 
1983 855 883 950 1140 
1984 514 899 253 936 
1985 604 932 927 1120 
1986 849 815 905 1038 
1987 830 904 871 1030 
1988 817 866 892 1153 
1989 844 828 915 997 
1990 924 1067 875 1090 
1991 381 923 382 964 
1992 827 875 1067 1090 
1993 921 875 968 1090 
1994 541 922 879 958 
1995 488 1007 1069 1113 
1996 842 955 903 1087 
1997 301 355 488 1007 
1998 823 890 855 931 
1999 866 988 892 1153 
2000 468 1047 970 1139 
2001 746 561 166 651 
2002 523 285 923 994 
2003 865 837 983 1015 
2004 706 941 897 1080 
2005 669 746 166 867 
2006 823 851 969 1115 
2007 515 968 916 1061 
2008 357 909 903 1087 
2009 815 982 854 1044 
2010 295 508 194 850 
2011 883 890 814 1122 
2012 818 889 857 1019 
2013 901 914 833 1141 
2014 857 1019 889 1152 
2015 231 880 915 1069 
2016 827 968 875 1090 
2017 315 329 316 948 
2018 610 974 936 1014 
2019 357 358 359 1128 
2020 213 856 215 1007 
2021 864 993 840 999 
2022 990 1016 950 1160 
2023 823 865 862 991 
2024 111 955 916 1072 
2025 757 715 737 976 
2026 523 285 316 923 
2027 862 991 865 1031 
2028 868 896 420 957 
2029 205 928 974 1014 
2030 278 277 279 902 
2031 838 990 907 1062 
2032 746 785 561 1137 
2033 869 907 813 1042 
2034 325 324 384 850 
2035 747 867 745 1013 
2036 820 845 898 940 
2037 213 989 856 1007 
2038 842 972 916 1021 
2039 839 925 1006 1009 
2040 855 890 883 1098 
2041 669 867 568 967 
2042 258 861 908 1104 
2043 112 468 145 955 
2044 854 816 944 1092 
2045 251 250 901 997 
2046 851 339 954 1075 
2047 206 936 873 1014 
2048 1023 1051 880 1100 
2049 894 904 348 1026 
2050 895 944 816 1092 
2051 335 887 337 954 
2052 851 823 931 1115 
2053 464 111 145 916 
2054 560 948 877 968 
2055 817 859 920 952 
2056 869 813 1016 1042 
2057 706 897 1017 1080 
2058 531 877 663 948 
2059 894 1051 1023 1100 
2060 686 742 684 1013 
2061 839 925 929 1006 
2062 836 939 892 1006 
2063 859 920 952 1102 
2064 838 907 990 1035 
2065 864 980 840 993 
2066 861 813 907 1042 
2067 854 944 895 1092 
2068 332 520 281 991 
2069 506 974 928 1053 
2070 822 888 876 1066 
2071 708 1127 976 1149 
2072 908 981 829 1077 
2073 395 300 1031 1097 
2074 450 157 911 1024 
2075 351 350 439 992 
2076 648 971 795 987 
2077 814 950 883 1140 
2078 198 1053 928 1078 
2079 271 870 923 1059 
2080 909 960 848 1119 
2081 125 919 552 934 
2082 892 1006 939 1153 
2083 853 944 685 947 
2084 846 994 829 1077 
2085 302 866 932 1039 
2086 136 962 116 985 
2087 271 923 870 994 
2088 876 1004 443 1015 
2089 278 963 865 1031 
2090 440 439 350 933 
2091 835 899 859 1133 
2092 859 899 817 1133 
2093 851 1017 912 1075 
2094 858 929 844 1006 
2095 394 850 592 1010 
2096 208 207 206 873 
2097 258 397 861 1104 
2098 830 871 940 1030 
2099 309 850 325 1105 
2100 814 902 865 983 
2101 846 1077 829 1112 
2102 826 981 870 1038 
2103 979 1048 692 1146 
2104 276 871 291 1003 
2105 820 906 901 973 
2106 916 968 877 1090 
2107 966 979 692 1146 
2108 823 969 887 1115 
2109 831 1003 902 1045 
2110 811 1040 872 1082 
2111 708 976 918 1149 
2112 851 1017 990 1035 
2113 875 921 833 924 
2114 817 863 920 985 
2115 544 876 443 1015 
2116 366 1049 362 1128 
2117 859 899 835 1142 
2118 542 913 543 951 
2119 847 1069 1007 1113 
2120 302 932 866 1008 
2121 854 982 874 1044 
2122 815 854 982 1076 
2123 244 243 879 1018 
2124 119 1099 596 1117 
2125 845 824 898 1027 
2126 757 976 933 1046 
2127 507 876 544 1015 
2128 723 711 862 1041 
2129 851 338 1035 1134 
2130 830 940 904 1030 
2131 326 542 327 913 
2132 136 556 567 863 
2133 946 958 843 1101 
2134 628 878 405 1055 
2135 846 930 1077 1112 
2136 917 1032 949 1151 
2137 870 908 826 1012 
2138 339 1035 341 1075 
2139 696 698 855 1098 
2140 849 998 725 1137 
2141 842 1072 955 1087 
2142 883 966 845 1027 
2143 613 160 808 965 
2144 822 876 900 1066 
2145 724 886 740 998 
2146 552 149 125 934 
2147 248 256 255 1025 
2148 494 952 863 1102 
2149 849 826 886 1012 
2150 333 969 887 991 
2151 543 913 542 1033 
2152 824 1044 979 1048 
2153 849 886 826 942 
2154 948 968 560 1055 
2155 820 898 845 1058 
2156 199 309 455 996 
2157 697 979 855 1124 
2158 258 908 977 1104 
2159 827 1067 924 1090 
2160 833 901 906 973 
2161 822 946 888 1066 
2162 902 963 814 1122 
2163 628 154 878 1055 
2164 966 993 767 1127 
2165 405 878 948 1055 
2166 817 920 863 952 
2167 542 327 913 951 
2168 537 909 949 1032 
2169 865 963 902 1122 
2170 865 902 814 1122 
2171 818 921 882 1061 
2172 248 255 1018 1025 
2173 706 702 897 941 
2174 805 682 168 648 
2175 882 935 583 1081 
2176 883 814 918 1122 
2177 824 845 898 1092 
2178 1039 1079 932 1083 
2179 659 908 272 1063 
2180 829 1077 930 1112 
2181 231 915 232 1069 
2182 451 452 875 968 
2183 543 853 951 1033 
2184 335 887 333 969 
2185 899 1056 835 1142 
2186 829 994 846 1112 
2187 913 951 853 1033 
2188 339 338 340 1035 
2189 277 279 902 1015 
2190 875 911 451 1055 
2191 350 992 904 1064 
2192 362 366 975 1049 
2193 737 933 864 1114 
2194 837 865 950 1160 
2195 583 882 597 935 
2196 844 929 858 935 
2197 249 879 922 1032 
2198 194 850 996 1105 
2199 818 882 935 1061 
2200 726 766 942 1048 
2201 436 869 540 1129 
2202 258 602 397 1104 
2203 291 871 290 1000 
2204 795 682 805 648 
2205 537 1032 949 1130 
2206 785 998 561 1137 
2207 907 977 344 1138 
2208 151 919 125 934 
2209 822 900 946 1066 
2210 877 916 842 1072 
2211 850 1010 486 1108 
2212 382 964 878 1036 
2213 873 932 1079 1083 
2214 767 966 895 993 
2215 864 999 904 1064 
2216 489 873 209 957 
2217 165 933 778 1114 
2218 484 1000 963 1097 
2219 823 855 950 990 
2220 121 486 1010 1108 
2221 110 916 109 1072 
2222 727 745 747 867 
2223 290 291 276 871 
2224 380 382 381 923 
2225 723 1041 862 1125 
2226 348 446 894 1026 
2227 846 994 923 1130 
2228 816 854 944 1096 
2229 824 845 966 1027 
2230 917 821 1032 1151 
2231 826 981 852 1062 
2232 904 992 864 1064 
2233 683 104 947 967 
2234 1037 1078 391 1099 
2235 349 904 350 992 
2236 550 1103 885 1135 
2237 726 942 905 1048 
2238 628 878 380 948 
2239 813 950 1016 1140 
2240 759 710 851 1017 
2241 119 596 1010 1117 
2242 831 1051 894 1100 
2243 561 998 1123 1137 
2244 602 344 907 977 
2245 871 902 831 1003 
2246 824 883 979 1140 
2247 844 1006 929 1106 
2248 855 931 890 1098 
2249 278 865 280 1031 
2250 833 906 901 1043 
2251 862 991 332 1041 
2252 580 866 634 985 
2253 892 839 1006 1153 
2254 973 1131 833 1148 
2255 873 817 957 1083 
2256 817 920 892 985 
2257 261 901 1043 1057 
2258 390 862 332 1041 
2259 851 969 338 1134 
2260 815 874 982 1044 
2261 167 658 886 1091 
2262 929 935 844 1081 
2263 828 997 901 1023 
2264 214 215 213 856 
2265 872 910 829 930 
2266 319 373 929 1081 
2267 815 849 905 964 
2268 724 886 942 1086 
2269 871 904 830 1000 
2270 710 759 851 1075 
2271 827 889 877 1090 
2272 687 685 853 944 
2273 520 332 390 862 
2274 194 850 1105 1118 
2275 539 866 302 1039 
2276 926 962 652 1022 
2277 826 852 941 1062 
2278 387 964 382 1036 
2279 870 1038 981 1077 
2280 466 632 858 970 
2281 166 746 669 802 
2282 821 960 909 1119 
2283 864 992 904 999 
2284 725 942 849 1137 
2285 279 280 278 865 
2286 829 910 872 956 
2287 844 935 858 972 
2288 231 915 880 1023 
2289 865 983 902 1015 
2290 844 929 925 1106 
2291 901 1051 914 1141 
2292 439 933 440 1114 
2293 851 1075 954 1115 
2294 242 958 879 995 
2295 971 987 395 1097 
2296 805 781 772 1125 
2297 242 244 243 879 
2298 167 658 518 886 
2299 341 1035 912 1075 
2300 205 928 202 974 
2301 826 849 942 1038 
2302 380 923 316 948 
2303 183 919 184 934 
2304 213 214 856 989 
2305 839 868 939 1153 
2306 373 374 929 1081 
2307 862 711 986 1041 
2308 823 855 890 950 
2309 824 883 966 979 
2310 872 1040 874 1044 
2311 924 833 1131 1148 
2312 465 858 374 935 
2313 249 248 244 879 
2314 381 382 383 964 
2315 541 879 242 958 
2316 896 957 817 1083 
2317 852 981 826 1038 
2318 848 909 903 1049 
2319 909 1049 848 1128 
2320 544 507 443 876 
2321 332 862 520 991 
2322 249 879 541 922 
2323 832 854 982 1096 
2324 885 1105 411 1108 
2325 400 540 869 969 
2326 187 919 183 934 
2327 698 931 855 1098 
2328 814 902 871 963 
2329 281 865 279 1015 
2330 843 922 848 961 
2331 202 928 506 974 
2332 855 979 883 1140 
2333 833 914 973 1148 
2334 878 911 154 1109 
2335 685 944 686 947 
2336 922 958 541 1116 
2337 277 507 902 1045 
2338 276 252 871 1003 
2339 613 808 594 965 
2340 318 537 909 949 
2341 813 861 907 1104 
2342 202 928 205 1014 
2343 846 923 994 1077 
2344 597 583 273 882 
2345 892 988 472 1034 
2346 121 486 120 1010 
2347 145 466 858 970 
2348 451 875 450 911 
2349 710 1017 758 1115 
2350 867 967 745 1013 
2351 841 987 971 1097 
2352 252 265 276 871 
2353 190 550 885 1135 
2354 846 1052 923 1077 
2355 824 966 883 1027 
2356 329 531 663 948 
2357 897 990 838 1062 
2358 183 185 184 919 
2359 271 923 500 1059 
2360 828 1051 901 1141 
2361 270 901 906 1043 
2362 874 1040 824 1044 
2363 815 930 874 1044 
2364 301 1002 354 1007 
2365 820 845 999 1058 
2366 354 1002 868 1007 
2367 811 891 1040 1082 
2368 860 1040 891 1082 
2369 550 188 1103 1135 
2370 932 1083 873 1120 
2371 848 922 843 960 
2372 875 911 1067 1096 
2373 842 949 909 1151 
2374 346 977 953 1138 
2375 856 978 847 1009 
2376 194 996 195 1105 
2377 868 957 512 989 
2378 347 798 524 954 
2379 926 596 1099 1117 
2380 506 928 202 1053 
2381 215 937 856 1005 
2382 813 855 897 990 
2383 520 1031 862 1125 
2384 830 1028 1000 1064 
2385 613 656 160 965 
2386 811 900 891 1082 
2387 405 878 628 948 
2388 878 154 1036 1109 
2389 370 936 371 952 
2390 926 927 819 928 
2391 834 927 926 928 
2392 838 990 897 1017 
2393 208 206 253 899 
2394 496 348 446 894 
2395 891 900 860 1082 
2396 849 905 942 1038 
2397 927 391 1078 1099 
2398 829 908 861 981 
2399 721 953 912 1143 
2400 567 494 863 1102 
2401 252 246 902 1045 
2402 883 1122 918 1155 
2403 857 889 818 1021 
2404 575 472 988 1034 
2405 813 861 956 1016 
2406 823 890 931 986 
2407 241 243 625 995 
2408 852 1038 905 1044 
2409 874 930 872 1044 
2410 650 919 151 934 
2411 411 885 412 1105 
2412 652 926 163 962 
2413 622 160 178 965 
2414 868 1133 939 1153 
2415 815 872 930 1044 
2416 539 988 866 1039 
2417 830 933 1028 1064 
2418 511 903 615 1087 
2419 833 973 906 1043 
2420 891 940 814 1030 
2421 818 924 889 1019 
2422 463 919 650 934 
2423 419 927 1078 1120 
2424 244 879 248 1018 
2425 908 1012 870 1025 
2426 857 946 821 960 
2427 250 894 446 1026 
2428 779 740 152 998 
2429 259 252 246 902 
2430 820 898 891 940 
2431 271 523 500 923 
2432 563 873 1083 1120 
2433 843 856 978 1005 
2434 813 907 990 1062 
2435 840 992 864 999 
2436 824 966 845 1092 
2437 964 1036 387 1123 
2438 845 993 976 999 
2439 879 1018 995 1154 
2440 207 209 489 873 
2441 842 909 1021 1151 
2442 875 924 833 1131 
2443 485 894 1023 1100 
2444 632 374 466 858 
2445 820 845 940 999 
2446 819 926 928 974 
2447 214 215 856 1005 
2448 828 901 894 1023 
2449 523 923 271 994 
2450 856 989 214 1065 
2451 250 997 245 1023 
2452 856 937 215 1007 
2453 834 928 926 974 
2454 325 411 1105 1108 
2455 863 817 952 1079 
2456 485 1003 894 1100 
2457 165 440 933 1114 
2458 488 1007 355 1069 
2459 689 1013 944 1146 
2460 553 1010 850 1108 
2461 281 279 330 1015 
2462 319 526 1081 1088 
2463 816 1131 973 1148 
2464 820 992 906 999 
2465 823 865 950 1122 
2466 560 877 109 968 
2467 465 916 935 1061 
2468 813 1016 860 1140 
2469 815 982 874 1052 
2470 823 851 931 990 
2471 678 566 146 933 
2472 835 939 859 1011 
2473 860 814 983 1027 
2474 877 949 842 1151 
2475 829 981 861 1154 
2476 152 740 518 998 
2477 889 910 811 930 
2478 839 896 868 1153 
2479 348 438 446 1026 
2480 818 889 924 1090 
2481 711 723 862 986 
2482 859 952 899 1142 
2483 585 136 863 962 
2484 862 890 823 986 
2485 592 850 553 1010 
2486 888 825 958 1093 
2487 549 125 151 919 
2488 410 1012 886 1063 
2489 258 908 861 1018 
2490 805 648 432 971 
2491 472 637 892 1034 
2492 273 882 583 1081 
2493 857 821 946 1152 
2494 848 843 961 1001 
2495 888 946 843 1101 
2496 471 892 470 985 
2497 828 894 901 1051 
2498 875 816 951 1096 
2499 830 1000 1028 1046 
2500 848 960 843 1001 
2501 816 973 898 1148 
2502 270 261 901 1043 
2503 872 956 860 1029 
2504 811 1019 959 1152 
2505 383 382 387 964 
2506 625 258 397 861 
2507 597 882 273 1057 
2508 813 860 956 1029 
2509 693 692 979 1048 
2510 813 897 855 1029 
2511 832 982 854 1076 
2512 183 187 185 919 
2513 563 1083 932 1120 
2514 249 538 248 917 
2515 553 121 1010 1108 
2516 823 931 855 990 
2517 836 892 970 1006 
2518 851 823 969 990 
2519 814 883 918 1149 
2520 369 952 494 1102 
2521 683 947 684 967 
2522 892 970 555 1047 
2523 580 962 158 1008 
2524 868 989 512 1007 
2525 552 919 505 934 
2526 846 930 889 1052 
2527 349 350 904 1064 
2528 326 913 881 1094 
2529 815 923 870 964 
2530 905 942 726 1137 
2531 871 814 940 1030 
2532 427 961 922 1116 
2533 685 853 947 1157 
2534 912 1017 759 1075 
2535 856 978 1009 1158 
2536 385 394 386 1089 
2537 872 824 1040 1044 
2538 814 950 860 983 
2539 882 921 833 1057 
2540 873 817 899 957 
2541 673 167 518 886 
2542 569 873 563 1120 
2543 827 889 930 1052 
2544 716 738 980 993 
2545 737 864 736 1114 
2546 868 896 1133 1153 
2547 834 1099 1010 1117 
2548 884 1028 1000 1046 
2549 875 1067 816 1096 
2550 968 1061 921 1090 
2551 309 996 199 1037 
2552 864 992 840 1132 
2553 105 947 104 967 
2554 833 924 914 1148 
2555 814 883 1027 1140 
2556 432 805 971 1125 
2557 690 1048 689 1146 
2558 852 1062 1029 1124 
2559 696 855 979 1098 
2560 815 874 930 1052 
2561 113 1047 468 1139 
2562 591 524 347 798 
2563 518 998 886 1136 
2564 319 1088 929 1156 
2565 380 628 382 878 
2566 929 1081 844 1088 
2567 383 964 387 1123 
2568 826 1062 977 1104 
2569 949 1032 917 1130 
2570 553 850 592 1108 
2571 849 964 870 1059 
2572 939 1006 839 1153 
2573 883 966 695 1127 
2574 872 1040 860 1082 
2575 472 575 637 1034 
2576 261 260 251 901 
2577 696 979 695 1098 
2578 725 724 740 998 
2579 944 947 832 1013 
2580 861 981 956 1154 
2581 845 898 940 1027 
2582 336 335 333 969 
2583 730 987 971 1074 
2584 912 1035 851 1075 
2585 835 859 975 1011 
2586 190 188 550 1135 
2587 437 922 366 1128 
2588 706 707 702 941 
2589 827 875 968 1055 
2590 818 921 1061 1090 
2591 580 477 158 962 
2592 552 505 149 934 
2593 139 985 892 1047 
2594 815 905 854 1076 
2595 580 634 471 985 
2596 277 507 544 1015 
2597 904 1003 871 1030 
2598 980 993 738 1110 
2599 854 905 815 1044 
2600 471 472 470 892 
2601 831 900 891 1051 
2602 314 868 354 1002 
2603 838 953 893 977 
2604 891 898 820 914 
2605 901 1057 882 1141 
2606 864 830 999 1064 
2607 947 967 832 1013 
2608 887 986 711 1041 
2609 110 515 109 916 
2610 154 911 878 1055 
2611 691 895 767 966 
2612 759 758 710 1017 
2613 511 615 356 1087 
2614 981 1029 852 1062 
2615 865 823 950 1160 
2616 842 949 877 1087 
2617 824 874 1044 1092 
2618 766 852 942 1048 
2619 711 728 887 1041 
2620 566 165 440 933 
2621 751 966 767 1127 
2622 861 907 397 1042 
2623 826 977 908 1104 
2624 745 867 669 967 
2625 862 986 723 1074 
2626 249 538 917 1032 
2627 821 922 1032 1128 
2628 778 165 566 933 
2629 347 671 591 798 
2630 723 763 711 1041 
2631 706 707 941 1080 
2632 325 411 412 1105 
2633 814 950 865 1122 
2634 899 952 514 1142 
2635 520 482 1031 1125 
2636 821 1032 909 1128 
2637 250 446 438 1026 
2638 770 998 785 1137 
2639 897 1029 1062 1124 
2640 543 951 853 1024 
2641 830 933 864 976 
2642 318 286 537 949 
2643 625 995 861 1042 
2644 766 1048 754 1124 
2645 828 1019 882 1095 
2646 512 989 213 1007 
2647 835 859 939 1133 
2648 817 939 859 1133 
2649 872 1029 860 1040 
2650 995 1018 861 1154 
2651 831 891 983 1030 
2652 813 907 869 990 
2653 730 987 1074 1147 
2654 322 927 303 1008 
2655 883 890 1122 1155 
2656 592 1108 850 1118 
2657 188 919 1103 1135 
2658 766 852 1048 1124 
2659 909 949 842 1087 
2660 436 400 540 869 
2661 944 1013 854 1146 
2662 790 687 685 853 
2663 211 512 957 989 
2664 570 912 741 1075 
2665 500 923 381 1059 
2666 842 916 858 955 
2667 570 741 912 1143 
2668 852 942 905 1038 
2669 136 115 556 985 
2670 852 1044 905 1048 
2671 845 993 966 1127 
2672 816 944 895 1020 
2673 496 894 485 1003 
2674 832 944 854 1096 
2675 148 109 877 1072 
2676 846 948 877 949 
2677 860 983 891 1027 
2678 835 975 1001 1011 
2679 795 579 648 987 
2680 271 994 870 1025 
2681 897 838 1017 1080 
2682 446 894 250 1023 
2683 811 891 900 959 
2684 197 996 198 1078 
2685 530 896 666 1002 
2686 634 866 539 988 
2687 585 962 863 1022 
2688 883 979 855 1098 
2689 333 887 334 991 
2690 853 816 1020 1096 
2691 874 824 1040 1092 
2692 205 202 506 974 
2693 844 935 972 1095 
2694 461 919 463 934 
2695 559 955 111 1072 
2696 270 906 901 1026 
2697 604 927 419 1120 
2698 848 1001 975 1011 
2699 869 945 254 1042 
2700 812 1006 972 1106 
2701 827 930 874 1052 
2702 853 1020 816 1107 
2703 560 663 877 948 
2704 831 900 876 983 
2705 872 956 910 1082 
2706 470 892 555 1047 
2707 300 963 1031 1097 
2708 760 798 347 954 
2709 625 861 397 1042 
2710 903 1011 859 1050 
2711 917 949 1130 1151 
2712 537 949 286 1130 
2713 822 857 946 959 
2714 860 1016 950 1140 
2715 829 956 981 1154 
2716 971 1031 482 1125 
2717 683 684 744 967 
2718 821 960 946 1070 
2719 393 975 961 1056 
2720 830 1028 933 1046 
2721 846 930 1052 1077 
2722 860 837 1016 1066 
2723 451 450 157 911 
2724 113 468 112 1139 
2725 260 882 527 997 
2726 818 924 921 1090 
2727 944 1020 816 1096 
2728 420 957 896 1083 
2729 509 1049 859 1050 
2730 710 954 1075 1115 
2731 271 262 994 1025 
2732 811 924 914 1019 
2733 822 946 900 959 
2734 856 847 1007 1009 
2735 838 977 907 1138 
2736 281 938 331 991 
2737 214 1005 856 1065 
2738 823 950 890 1122 
2739 579 784 733 987 
2740 194 295 850 1118 
2741 258 861 625 1018 
2742 840 999 993 1058 
2743 891 940 898 1027 
2744 104 683 796 967 
2745 815 870 923 1077 
2746 554 885 1108 1118 
2747 763 1041 723 1125 
2748 280 279 281 865 
2749 888 1093 958 1101 
2750 836 859 939 1011 
2751 813 956 872 1029 
2752 722 723 986 1074 
2753 945 1004 225 1093 
2754 520 862 390 1125 
2755 501 366 362 1128 
2756 829 917 1018 1025 
2757 869 436 945 1129 
2758 261 1043 268 1057 
2759 391 1037 633 1078 
2760 905 1038 815 1044 
2761 716 738 736 980 
2762 369 494 372 1102 
2763 979 1044 852 1048 
2764 873 957 489 1083 
2765 856 1009 1007 1158 
2766 205 974 610 1014 
2767 1074 1147 841 1155 
2768 366 437 427 922 
2769 816 1067 1131 1148 
2770 868 896 839 1002 
2771 837 938 865 1160 
2772 827 911 875 1055 
2773 866 985 892 988 
2774 822 937 880 984 
2775 844 882 935 1095 
2776 876 888 822 1085 
2777 261 268 260 1057 
2778 512 868 420 957 
2779 122 123 885 1103 
2780 290 871 265 1000 
2781 198 996 196 1053 
2782 826 941 852 942 
2783 918 841 1147 1155 
2784 222 876 507 984 
2785 818 935 882 1095 
2786 864 441 992 1132 
2787 563 569 489 873 
2788 233 997 915 1023 
2789 660 543 542 1033 
2790 856 937 847 978 
2791 882 997 901 1141 
2792 894 901 820 1026 
2793 549 151 650 919 
2794 455 195 996 1105 
2795 828 914 1051 1141 
2796 1002 1007 847 1009 
2797 168 432 805 648 
2798 845 966 883 1127 
2799 383 500 381 1059 
2800 831 983 876 1045 
2801 876 983 902 1045 
2802 866 932 1039 1079 
2803 812 1095 857 1106 
2804 569 207 873 1014 
2805 152 518 665 998 
2806 470 139 892 1047 
2807 714 993 976 1127 
2808 725 726 942 1137 
2809 703 701 931 1017 
2810 823 887 986 1115 
2811 876 900 831 1111 
2812 361 363 364 859 
2813 280 865 281 1031 
2814 507 984 876 1045 
2815 812 972 857 1095 
2816 207 206 873 1014 
2817 610 376 936 974 
2818 831 900 1051 1111 
2819 831 902 983 1045 
2820 361 859 509 1049 
2821 481 1007 937 1069 
2822 567 920 556 1102 
2823 145 468 466 970 
2824 569 1014 873 1120 
2825 398 1000 1028 1064 
2826 811 914 891 959 
2827 302 866 375 1008 
2828 363 975 859 1049 
2829 105 947 967 1109 
2830 258 625 243 1018 
2831 527 997 882 1081 
2832 856 1005 843 1065 
2833 492 926 652 1022 
2834 300 963 278 1031 
2835 902 983 876 1015 
2836 496 446 485 894 
2837 819 927 932 1120 
2838 863 952 920 1102 
2839 837 876 983 1015 
2840 871 940 814 1054 
2841 335 334 333 887 
2842 550 193 885 1118 
2843 369 370 371 952 
2844 696 694 695 979 
2845 508 1053 996 1089 
2846 813 1029 855 1140 
2847 470 892 139 985 
2848 822 978 937 1005 
2849 211 989 957 1144 
2850 420 354 314 868 
2851 231 230 880 1069 
2852 474 1012 870 1059 
2853 921 1057 308 1073 
2854 875 921 452 1073 
2855 245 997 233 1023 
2856 339 340 341 1035 
2857 867 967 1013 1076 
2858 895 966 845 993 
2859 877 842 1021 1151 
2860 917 1032 264 1130 
2861 687 944 853 1020 
2862 839 939 868 1009 
2863 259 902 278 963 
2864 628 405 154 1055 
2865 858 916 842 972 
2866 116 962 477 985 
2867 824 1044 854 1092 
2868 817 899 957 1133 
2869 871 814 963 1054 
2870 900 959 891 1051 
2871 843 1005 888 1101 
2872 689 750 1013 1048 
2873 366 961 367 975 
2874 319 526 373 1081 
2875 363 859 361 1049 
2876 436 254 869 945 
2877 241 242 243 995 
2878 537 264 1032 1130 
2879 713 1147 1074 1155 
2880 843 958 946 1070 
2881 480 512 213 1007 
2882 492 974 926 1022 
2883 823 986 931 1115 
2884 824 1029 872 1040 
2885 823 938 865 991 
2886 812 960 857 972 
2887 917 994 256 1025 
2888 375 866 580 1008 
2889 836 920 859 1050 
2890 703 1017 931 1115 
2891 470 637 555 892 
2892 639 146 566 933 
2893 816 898 874 1148 
2894 816 951 853 1107 
2895 466 374 465 858 
2896 481 479 937 1007 
2897 303 932 302 1008 
2898 687 853 790 1020 
2899 859 975 363 1142 
2900 903 859 1011 1049 
2901 798 524 954 1145 
2902 821 917 1112 1151 
2903 719 942 717 1086 
2904 271 474 870 1059 
2905 553 121 120 1010 
2906 874 898 816 1092 
2907 450 951 449 1024 
2908 841 890 1074 1155 
2909 296 1034 988 1071 
2910 877 948 827 968 
2911 830 1000 904 1064 
2912 836 859 1011 1050 
2913 717 942 941 1086 
2914 860 950 837 983 
2915 878 923 815 964 
2916 880 229 1023 1100 
2917 820 901 906 1026 
2918 231 880 229 1023 
2919 832 911 878 1109 
2920 926 974 492 1117 
2921 244 541 249 879 
2922 815 923 878 1052 
2923 337 336 338 969 
2924 306 309 199 1037 
2925 913 1020 749 1033 
2926 344 1035 907 1138 
2927 484 290 265 1000 
2928 148 109 560 877 
2929 853 951 816 1096 
2930 831 891 900 983 
2931 136 116 115 985 
2932 695 692 966 979 
2933 872 829 956 981 
2934 812 857 978 1106 
2935 275 541 958 1116 
2936 916 955 842 1072 
2937 319 535 1088 1156 
2938 693 754 1048 1124 
2939 355 1007 481 1069 
2940 508 295 386 1089 
2941 784 579 795 987 
2942 865 938 823 1160 
2943 158 1008 962 1126 
2944 539 302 297 1039 
2945 539 375 302 866 
2946 194 1105 193 1118 
2947 719 724 725 942 
2948 441 864 439 1114 
2949 693 1048 979 1124 
2950 736 864 980 1114 
2951 287 1034 575 1071 
2952 296 575 1034 1071 
2953 860 1040 1029 1140 
2954 600 921 597 1057 
2955 830 940 871 1054 
2956 567 372 494 1102 
2957 296 575 988 1034 
2958 585 557 136 962 
2959 550 193 190 885 
2960 301 266 1002 1113 
2961 501 362 1049 1128 
2962 187 505 919 934 
2963 232 1069 915 1113 
2964 819 932 927 1008 
2965 842 955 858 1084 
2966 166 785 746 802 
2967 879 917 821 1032 
2968 728 709 711 887 
2969 697 694 696 979 
2970 671 347 760 798 
2971 830 864 933 1064 
2972 180 934 425 1121 
2973 250 525 901 1026 
2974 393 367 961 975 
2975 858 935 916 972 
2976 916 935 818 972 
2977 184 919 461 934 
2978 870 1012 474 1025 
2979 756 713 1074 1155 
2980 887 954 335 1145 
2981 703 758 1017 1115 
2982 860 1066 1016 1082 
2983 905 1013 750 1048 
2984 946 958 825 1070 
2985 452 153 921 968 
2986 841 1074 987 1147 
2987 840 992 906 1132 
2988 867 905 849 964 
2989 827 875 911 1067 
2990 814 1054 918 1122 
2991 469 470 555 1047 
2992 861 908 829 1018 
2993 812 1011 939 1158 
2994 165 778 782 1114 
2995 823 990 950 1160 
2996 836 955 858 970 
2997 862 1031 971 1125 
2998 231 232 230 1069 
2999 879 910 821 1112 
3000 201 198 196 1053 
3001 264 917 538 1032 
3002 937 978 856 1005 
3003 821 910 879 1070 
3004 615 164 559 955 
3005 845 993 999 1058 
3006 711 887 709 986 
3007 207 489 569 873 
3008 826 942 852 1038 
3009 557 652 163 962 
3010 854 944 832 1013 
3011 814 918 1054 1149 
3012 669 745 746 867 
3013 190 885 193 1105 
3014 118 926 596 1099 
3015 953 977 838 1138 
3016 236 225 945 1004 
3017 543 853 558 1024 
3018 410 603 409 1091 
3019 903 1049 360 1050 
3020 803 737 736 1114 
3021 685 790 853 1157 
3022 904 940 820 1030 
3023 303 322 604 927 
3024 481 355 479 1007 
3025 820 940 904 999 
3026 821 1021 889 1152 
3027 503 188 919 1103 
3028 778 803 782 1114 
3029 749 1020 913 1110 
3030 827 874 982 1052 
3031 533 797 1041 1145 
3032 252 1045 1003 1100 
3033 862 1031 865 1122 
3034 509 361 364 859 
3035 561 785 746 166 
3036 537 264 538 1032 
3037 721 734 953 1143 
3038 543 654 558 1157 
3039 733 143 579 987 
3040 857 959 1019 1152 
3041 913 1060 769 1110 
3042 703 758 701 1017 
3043 900 959 946 1152 
3044 971 987 841 1074 
3045 830 904 940 999 
3046 563 873 489 1083 
3047 821 1021 909 1151 
3048 585 863 494 1022 
3049 226 984 507 1045 
3050 828 880 1023 1051 
3051 807 809 808 965 
3052 860 900 1066 1082 
3053 344 343 907 1035 
3054 724 942 719 1086 
3055 711 722 723 986 
3056 730 971 753 1074 
3057 307 482 971 1031 
3058 859 1049 903 1050 
3059 580 375 634 866 
3060 441 864 1114 1132 
3061 908 977 826 1063 
3062 307 520 482 1031 
3063 1010 1037 140 1099 
3064 824 1029 1040 1140 
3065 143 579 784 733 
3066 811 910 889 1152 
3067 893 941 826 1086 
3068 382 878 628 1036 
3069 270 269 261 1043 
3070 751 691 767 966 
3071 821 889 910 1152 
3072 905 942 852 1048 
3073 929 1088 925 1156 
3074 852 981 872 1029 
3075 889 1021 877 1090 
3076 897 931 701 1017 
3077 861 981 908 1104 
3078 842 858 972 1084 
3079 860 900 891 983 
3080 955 970 836 1139 
3081 215 218 937 1005 
3082 276 265 290 871 
3083 933 522 1028 1064 
3084 119 118 596 1099 
3085 894 1003 904 1030 
3086 688 689 944 1146 
3087 832 854 1013 1076 
3088 226 222 507 984 
3089 412 885 456 1105 
3090 857 822 943 959 
3091 897 855 1029 1124 
3092 722 755 890 986 
3093 921 968 453 1061 
3094 936 974 376 1022 
3095 820 914 898 973 
3096 745 967 742 1013 
3097 306 199 996 1037 
3098 812 972 1095 1106 
3099 812 1001 1011 1158 
3100 193 1105 885 1118 
3101 879 821 922 1032 
3102 813 897 1029 1062 
3103 181 934 180 1121 
3104 822 900 876 1111 
3105 345 346 352 953 
3106 191 190 885 1135 
3107 373 374 320 929 
3108 824 852 979 1044 
3109 878 911 827 1055 
3110 844 925 915 1106 
3111 915 925 847 1106 
3112 835 939 1011 1158 
3113 600 308 921 1057 
3114 345 346 953 1138 
3115 929 970 632 1034 
3116 515 453 968 1061 
3117 137 1010 596 1117 
3118 832 878 1036 1109 
3119 867 387 1036 1123 
3120 608 867 387 1036 
3121 862 1074 1031 1122 
3122 834 1053 996 1078 
3123 827 968 948 1055 
3124 928 1078 927 1120 
3125 796 619 104 967 
3126 744 684 742 967 
3127 539 297 988 1039 
3128 542 543 327 951 
3129 789 933 678 1028 
3130 296 287 575 1071 
3131 363 364 859 1142 
3132 294 326 327 881 
3133 821 879 922 1070 
3134 837 983 876 1066 
3135 815 923 1052 1077 
3136 865 938 837 1015 
3137 821 1070 946 1152 
3138 835 1011 1001 1158 
3139 821 857 1021 1152 
3140 726 905 750 1048 
3141 988 1039 288 1071 
3142 840 1094 1060 1132 
3143 816 874 1067 1148 
3144 767 993 714 1127 
3145 567 494 585 863 
3146 510 903 1050 1139 
3147 251 245 250 997 
3148 357 360 903 1049 
3149 766 693 754 1048 
3150 857 972 960 1021 
3151 857 946 959 1152 
3152 550 188 503 1103 
3153 314 530 666 1002 
3154 266 925 267 1002 
3155 244 242 541 879 
3156 840 973 881 1094 
3157 285 315 316 1130 
3158 532 915 233 997 
3159 769 913 156 1060 
3160 631 1103 919 1135 
3161 824 979 852 1029 
3162 466 465 145 858 
3163 815 930 872 1077 
3164 852 824 1029 1044 
3165 446 485 894 1023 
3166 976 993 845 1127 
3167 828 915 880 943 
3168 821 909 1021 1119 
3169 511 903 510 1139 
3170 602 344 397 907 
3171 893 977 353 1063 
3172 267 283 1002 1156 
3173 840 906 973 1094 
3174 872 981 852 1038 
3175 740 724 794 886 
3176 847 1002 925 1113 
3177 1016 1066 825 1082 
3178 946 1066 900 1082 
3179 638 597 600 1061 
3180 827 911 878 982 
3181 143 423 579 987 
3182 829 879 917 1112 
3183 874 924 827 1067 
3184 840 993 980 1110 
3185 752 730 753 1074 
3186 879 821 917 1112 
3187 816 1020 895 1107 
3188 313 1000 884 1028 
3189 390 862 1041 1125 
3190 434 992 906 1026 
3191 709 728 764 887 
3192 547 600 597 1057 
3193 836 858 955 1084 
3194 360 1049 509 1050 
3195 833 921 875 1073 
3196 625 445 995 1042 
3197 567 585 136 863 
3198 514 936 370 952 
3199 896 1002 530 1071 
3200 908 1018 521 1025 
3201 813 907 1062 1104 
3202 825 1066 946 1082 
3203 354 868 512 1007 
3204 840 1060 980 1132 
3205 257 260 527 997 
3206 717 766 754 1124 
3207 826 908 981 1104 
3208 364 509 859 1102 
3209 539 634 375 866 
3210 876 983 900 1066 
3211 860 956 872 1082 
3212 683 744 796 967 
3213 853 951 913 1107 
3214 836 970 858 1006 
3215 836 1011 903 1050 
3216 818 972 935 1095 
3217 857 818 972 1021 
3218 525 270 901 1026 
3219 891 983 814 1027 
3220 918 976 708 1046 
3221 278 259 277 902 
3222 604 419 927 1078 
3223 825 910 1070 1154 
3224 849 905 867 1137 
3225 220 888 224 1085 
3226 997 1081 257 1088 
3227 861 956 981 1104 
3228 695 694 692 979 
3229 813 860 1029 1140 
3230 398 1028 522 1064 
3231 890 1074 862 1122 
3232 841 1031 1074 1122 
3233 811 914 959 1019 
3234 829 917 879 1018 
3235 726 750 766 1048 
3236 213 215 480 1007 
3237 570 741 761 1075 
3238 855 931 897 990 
3239 904 999 830 1064 
3240 894 820 904 1026 
3241 214 217 215 1005 
3242 233 915 231 1023 
3243 849 1012 886 1136 
3244 277 902 246 1045 
3245 828 943 880 1111 
3246 941 1062 852 1124 
3247 306 1037 996 1078 
3248 808 809 594 965 
3249 334 1041 887 1145 
3250 826 981 1062 1104 
3251 842 877 1072 1087 
3252 264 256 917 994 
3253 746 770 785 1137 
3254 699 695 700 883 
3255 205 506 610 974 
3256 720 721 734 953 
3257 891 959 914 1051 
3258 608 651 387 867 
3259 340 1035 338 1134 
3260 838 893 953 1080 
3261 749 913 769 1110 
3262 768 769 1060 1110 
3263 898 914 891 1148 
3264 443 507 222 876 
3265 485 1023 229 1100 
3266 938 969 540 991 
3267 714 716 976 993 
3268 401 913 326 1094 
3269 813 981 956 1104 
3270 821 910 889 1112 
3271 231 233 232 915 
3272 814 1054 940 1149 
3273 451 153 452 968 
3274 769 156 913 1033 
3275 903 909 842 1087 
3276 778 566 678 933 
3277 364 1102 859 1142 
3278 908 826 1012 1063 
3279 291 311 904 1064 
3280 680 793 642 1091 
3281 894 904 820 1030 
3282 298 1039 896 1071 
3283 472 634 539 988 
3284 870 1012 849 1059 
3285 395 396 300 1097 
3286 415 514 253 936 
3287 836 1006 858 1084 
3288 255 521 1018 1025 
3289 450 875 572 951 
3290 687 686 685 944 
3291 879 958 825 995 
3292 119 596 137 1010 
3293 551 788 769 1060 
3294 875 1067 924 1131 
3295 543 449 951 1024 
3296 272 474 1012 1025 
3297 302 932 299 1039 
3298 398 310 1000 1064 
3299 828 880 1051 1111 
3300 822 946 857 978 
3301 834 1078 1037 1099 
3302 843 978 856 1001 
3303 830 976 864 999 
3304 818 857 972 1095 
3305 526 257 1081 1088 
3306 769 913 749 1033 
3307 732 884 729 1147 
3308 364 952 1102 1142 
3309 764 887 728 1145 
3310 148 560 663 877 
3311 325 412 456 1105 
3312 925 1002 266 1113 
3313 389 1123 998 1136 
3314 896 1039 988 1071 
3315 143 987 733 1150 
3316 885 1103 138 1135 
3317 402 1060 1094 1132 
3318 659 272 630 1063 
3319 277 246 507 1045 
3320 881 973 906 1094 
3321 732 1046 884 1147 
3322 863 952 936 1079 
3323 878 827 948 1055 
3324 873 819 932 1120 
3325 821 910 1070 1152 
3326 709 887 764 1115 
3327 334 991 887 1041 
3328 635 394 592 1010 
3329 688 944 895 1146 
3330 812 960 972 1119 
3331 868 1007 1002 1009 
3332 536 906 434 992 
3333 856 847 937 1007 
3334 829 879 1112 1154 
3335 959 1051 900 1111 
3336 920 1047 141 1050 
3337 842 1021 909 1119 
3338 313 884 1000 1097 
3339 982 1067 911 1096 
3340 820 891 914 1051 
3341 816 875 951 1131 
3342 138 1103 631 1135 
3343 917 1130 1112 1151 
3344 925 1088 535 1156 
3345 776 1028 599 1150 
3346 230 229 231 880 
3347 550 422 885 1103 
3348 857 943 822 978 
3349 832 1013 967 1076 
3350 914 924 833 1019 
3351 905 1044 854 1048 
3352 879 995 825 1154 
3353 816 874 982 1067 
3354 619 796 669 967 
3355 160 656 178 965 
3356 199 455 195 996 
3357 298 288 1039 1071 
3358 422 885 421 1118 
3359 485 231 229 1023 
3360 614 1036 154 1109 
3361 815 878 982 1052 
3362 600 547 308 1057 
3363 1000 1054 963 1097 
3364 750 905 747 1013 
3365 820 906 992 1026 
3366 878 911 832 982 
3367 960 1021 972 1119 
3368 860 837 950 1016 
3369 673 794 773 167 
3370 867 1036 964 1123 
3371 873 1014 819 1120 
3372 422 421 885 1103 
3373 543 558 853 1157 
3374 557 962 585 1022 
3375 463 650 151 934 
3376 975 1011 859 1049 
3377 861 813 956 1104 
3378 825 888 946 1066 
3379 867 1013 905 1076 
3380 532 233 245 997 
3381 264 994 917 1130 
3382 425 934 601 1121 
3383 456 885 457 1105 
3384 267 1002 925 1156 
3385 872 930 829 1077 
3386 527 260 273 882 
3387 719 717 718 1086 
3388 813 1029 981 1062 
3389 841 1031 963 1097 
3390 969 990 823 1160 
3391 272 1012 630 1063 
3392 789 778 678 933 
3393 693 979 754 1124 
3394 937 984 223 1069 
3395 554 421 885 1118 
3396 895 993 1107 1110 
3397 961 975 848 1001 
3398 869 990 969 1160 
3399 956 1016 825 1082 
3400 896 817 957 1133 
3401 588 1065 989 1068 
3402 559 164 111 955 
3403 853 790 1020 1033 
3404 844 935 882 1081 
3405 453 921 153 968 
3406 275 541 242 958 
3407 215 937 479 1007 
3408 924 1131 1067 1148 
3409 875 572 951 1073 
3410 811 891 914 1148 
3411 273 882 260 1057 
3412 581 667 953 1159 
3413 521 272 659 908 
3414 122 885 554 1103 
3415 847 925 1002 1009 
3416 812 1009 978 1158 
3417 888 225 1004 1093 
3418 330 331 281 938 
3419 434 906 270 1026 
3420 818 1019 857 1095 
3421 661 683 104 947 
3422 349 348 904 1026 
3423 684 685 686 947 
3424 492 163 652 926 
3425 853 558 1024 1157 
3426 456 412 457 885 
3427 398 1000 313 1028 
3428 706 702 701 897 
3429 367 366 427 961 
3430 943 978 857 1106 
3431 561 388 651 1123 
3432 829 861 1018 1154 
3433 963 1000 871 1054 
3434 690 750 689 1048 
3435 700 883 695 1127 
3436 138 885 123 1103 
3437 483 772 781 1125 
3438 308 452 921 1073 
3439 266 267 282 1002 
3440 847 1009 978 1106 
3441 914 1019 833 1141 
3442 230 227 229 880 
3443 327 951 572 1073 
3444 443 876 222 1085 
3445 401 1060 913 1094 
3446 450 449 157 1024 
3447 762 1086 893 1091 
3448 853 1020 944 1096 
3449 471 470 139 985 
3450 812 857 960 978 
3451 509 1050 859 1102 
3452 588 214 989 1065 
3453 271 473 474 1059 
3454 730 1074 752 1147 
3455 223 984 227 1069 
3456 312 322 303 1008 
3457 652 962 557 1022 
3458 334 887 335 1145 
3459 717 719 766 942 
3460 224 888 1004 1085 
3461 220 888 1005 1101 
3462 1045 1100 984 1111 
3463 847 925 915 1113 
3464 514 616 899 1142 
3465 293 881 294 1043 
3466 420 896 491 1083 
3467 826 886 1063 1086 
3468 407 389 998 1136 
3469 790 1033 853 1157 
3470 933 976 830 1046 
3471 472 637 470 892 
3472 225 888 220 1101 
3473 880 984 937 1069 
3474 265 519 484 963 
3475 990 1035 907 1134 
3476 692 1048 693 1146 
3477 874 1040 898 1092 
3478 706 897 701 1017 
3479 835 975 961 1001 
3480 321 632 970 1034 
3481 832 947 944 1096 
3482 405 628 380 948 
3483 880 984 227 1100 
3484 729 884 732 1150 
3485 443 1004 876 1085 
3486 140 119 1010 1099 
3487 321 929 632 1034 
3488 938 1015 330 1129 
3489 371 936 376 1022 
3490 597 921 600 1061 
3491 825 1070 879 1154 
3492 176 807 159 965 
3493 887 764 1115 1145 
3494 227 984 880 1069 
3495 833 1043 901 1057 
3496 854 1044 874 1092 
3497 829 994 917 1025 
3498 662 1042 907 1134 
3499 886 826 942 1086 
3500 294 1043 881 1073 
3501 868 896 957 1133 
3502 381 316 380 923 
3503 811 914 924 1148 
3504 666 491 420 896 
3505 815 964 905 1076 
3506 893 1063 886 1086 
3507 521 272 908 1025 
3508 510 903 360 1050 
3509 920 985 114 1047 
3510 264 263 256 994 
3511 837 1004 876 1015 
3512 859 1102 952 1142 
3513 797 574 765 1145 
3514 651 387 867 1123 
3515 143 423 987 1150 
3516 688 895 748 1146 
3517 849 942 905 1137 
3518 112 145 111 955 
3519 970 1047 836 1139 
3520 529 920 141 1050 
3521 730 795 971 987 
3522 879 1070 910 1154 
3523 923 948 878 1052 
3524 554 885 421 1103 
3525 220 224 219 1085 
3526 516 1056 961 1068 
3527 846 889 930 1112 
3528 699 695 883 1098 
3529 895 845 966 1092 
3530 894 1003 831 1100 
3531 148 877 531 1072 
3532 843 1001 856 1065 
3533 349 904 311 1064 
3534 881 973 840 1107 
3535 475 198 928 1078 
3536 433 382 628 1036 
3537 731 794 886 1091 
3538 692 693 690 1146 
3539 230 227 880 1069 
3540 114 920 556 985 
3541 568 608 649 967 
3542 882 997 844 1081 
3543 880 984 1100 1111 
3544 856 989 1065 1068 
3545 564 352 353 1159 
3546 876 984 222 1085 
3547 895 1107 1020 1110 
3548 889 877 1021 1151 
3549 963 1054 814 1122 
3550 820 992 904 1026 
3551 180 965 179 1121 
3552 708 712 705 918 
3553 818 1021 889 1090 
3554 712 918 708 1046 
3555 313 454 884 1097 
3556 351 349 350 992 
3557 406 998 389 1123 
3558 895 993 1058 1107 
3559 402 980 1060 1132 
3560 767 895 748 993 
3561 829 917 994 1112 
3562 419 1078 928 1120 
3563 220 1005 888 1085 
3564 554 1108 162 1118 
3565 753 730 795 971 
3566 648 395 971 987 
3567 904 992 820 999 
3568 723 1074 971 1125 
3569 882 1019 818 1095 
3570 652 557 585 1022 
3571 493 1089 1010 1117 
3572 409 893 353 1063 
3573 845 883 1027 1149 
3574 114 141 920 1047 
3575 470 469 139 1047 
3576 291 1000 310 1064 
3577 910 1112 879 1154 
3578 843 960 946 978 
3579 332 991 334 1041 
3580 867 1036 967 1076 
3581 122 123 138 885 
3582 732 884 1028 1150 
3583 302 303 299 932 
3584 424 965 180 1121 
3585 914 898 973 1148 
3586 629 1041 800 1125 
3587 437 249 922 1032 
3588 903 909 848 1119 
3589 842 909 903 1119 
3590 664 441 439 1114 
3591 349 311 350 1064 
3592 824 1027 883 1140 
3593 554 885 122 1108 
3594 253 206 415 936 
3595 237 945 225 1093 
3596 579 423 648 987 
3597 944 947 853 1096 
3598 228 227 984 1100 
3599 857 960 821 1021 
3600 880 915 828 1023 
3601 400 969 869 1134 
3602 887 986 862 991 
3603 632 320 374 929 
3604 105 104 173 967 
3605 723 753 971 1074 
3606 811 874 1040 1148 
3607 261 269 268 1043 
3608 658 410 517 886 
3609 945 995 239 1042 
3610 820 1030 891 1051 
3611 446 250 234 1023 
3612 326 881 293 1094 
3613 819 928 927 1120 
3614 864 840 980 1132 
3615 410 409 408 1063 
3616 815 1038 870 1077 
3617 869 813 990 1016 
3618 241 625 445 995 
3619 105 174 104 947 
3620 181 180 179 1121 
3621 833 882 1057 1141 
3622 327 572 294 1073 
3623 318 949 909 1087 
3624 377 974 492 1022 
3625 165 439 440 1114 
3626 878 948 827 1052 
3627 611 1005 214 1065 
3628 163 926 117 962 
3629 869 1042 254 1134 
3630 915 925 844 1088 
3631 936 974 819 1014 
3632 525 251 250 901 
3633 229 880 227 1100 
3634 635 592 553 1010 
3635 1001 1011 848 1119 
3636 849 1059 1012 1136 
3637 693 1048 690 1146 
3638 533 416 797 1145 
3639 420 512 354 868 
3640 406 407 389 998 
3641 960 1001 848 1119 
3642 913 1060 840 1094 
3643 870 964 923 1059 
3644 897 990 931 1017 
3645 313 1000 484 1097 
3646 481 223 227 1069 
3647 813 956 860 1016 
3648 820 973 898 1058 
3649 876 984 822 1111 
3650 517 886 410 1012 
3651 886 998 849 1136 
3652 191 189 190 1135 
3653 311 348 291 904 
3654 825 861 956 1154 
3655 845 895 1058 1092 
3656 823 862 986 991 
3657 887 1041 728 1145 
3658 845 1058 898 1092 
3659 434 536 270 906 
3660 449 450 626 951 
3661 739 738 993 1110 
3662 303 604 304 932 
3663 579 682 795 648 
3664 257 997 527 1081 
3665 702 697 701 897 
3666 825 910 946 1070 
3667 357 359 360 1049 
3668 511 360 510 903 
3669 313 884 399 1028 
3670 623 1053 508 1089 
3671 481 937 223 1069 
3672 946 960 857 978 
3673 732 1028 799 1150 
3674 228 984 1045 1100 
3675 393 961 516 1056 
3676 827 924 889 1090 
3677 148 663 531 877 
3678 424 180 425 1121 
3679 979 1029 855 1124 
3680 829 981 872 1077 
3681 355 301 354 1007 
3682 358 909 537 1032 
3683 910 956 829 1154 
3684 922 961 843 1116 
3685 527 882 273 1081 
3686 333 540 969 991 
3687 493 1010 137 1117 
3688 580 471 477 985 
3689 815 982 878 1076 
3690 521 908 258 1018 
3691 254 945 239 1042 
3692 979 1048 852 1124 
3693 312 927 322 1008 
3694 220 1005 611 1101 
3695 954 1115 764 1145 
3696 464 584 515 1061 
3697 767 691 748 895 
3698 394 1010 635 1089 
3699 215 217 218 1005 
3700 450 572 626 951 
3701 300 519 963 1097 
3702 869 1129 945 1160 
3703 887 991 862 1041 
3704 735 953 667 1159 
3705 799 1028 776 1150 
3706 306 633 1037 1078 
3707 722 704 755 986 
3708 812 939 1009 1158 
3709 905 964 867 1076 
3710 980 1114 864 1132 
3711 564 893 409 1159 
3712 141 1050 1047 1139 
3713 570 679 761 741 
3714 349 438 348 1026 
3715 259 246 277 902 
3716 540 331 938 991 
3717 827 877 968 1090 
3718 412 885 618 1135 
3719 892 920 836 1047 
3720 200 306 996 1078 
3721 326 294 293 881 
3722 511 510 528 1139 
3723 996 1010 850 1089 
3724 862 986 887 1041 
3725 822 880 943 1111 
3726 813 872 956 981 
3727 931 990 851 1017 
3728 811 1040 891 1148 
3729 722 755 756 890 
3730 795 805 753 971 
3731 614 967 1036 1109 
3732 234 250 245 1023 
3733 923 870 994 1077 
3734 854 1013 905 1048 
3735 228 227 226 984 
3736 837 945 1129 1160 
3737 561 998 406 1123 
3738 925 929 844 1088 
3739 873 932 819 1079 
3740 330 1015 435 1129 
3741 876 1045 984 1111 
3742 787 765 797 574 
3743 797 728 1041 1145 
3744 224 1004 443 1085 
3745 857 959 943 1019 
3746 688 944 687 1020 
3747 459 650 463 919 
3748 614 967 173 1036 
3749 400 869 254 1134 
3750 888 1005 822 1085 
3751 828 959 943 1111 
3752 546 1008 158 1126 
3753 228 984 226 1045 
3754 453 452 153 921 
3755 564 353 409 893 
3756 943 857 1019 1095 
3757 546 580 158 1008 
3758 255 521 247 1018 
3759 865 1031 963 1122 
3760 844 915 943 1106 
3761 722 986 890 1074 
3762 789 933 1028 1046 
3763 723 971 753 1125 
3764 913 951 881 1107 
3765 825 1016 945 1066 
3766 224 888 225 1004 
3767 354 512 480 1007 
3768 748 688 687 1020 
3769 856 1068 1001 1158 
3770 876 831 1045 1111 
3771 573 599 776 1028 
3772 635 1010 493 1089 
3773 813 990 897 1062 
3774 475 197 198 1078 
3775 282 267 283 1002 
3776 419 928 475 1120 
3777 360 361 509 1049 
3778 300 278 280 1031 
3779 191 885 190 1105 
3780 465 467 584 1061 
3781 821 922 960 1070 
3782 362 975 363 1049 
3783 604 927 418 1078 
3784 694 693 692 979 
3785 799 729 732 1150 
3786 436 254 400 869 
3787 837 1016 945 1160 
3788 945 1016 869 1160 
3789 704 931 986 1115 
3790 963 1031 841 1122 
3791 110 111 916 1072 
3792 618 885 138 1135 
3793 107 451 911 1055 
3794 579 168 682 648 
3795 441 1114 980 1132 
3796 347 760 954 1075 
3797 905 1013 854 1076 
3798 659 404 908 1063 
3799 887 709 986 1115 
3800 532 915 997 1088 
3801 464 515 916 1061 
3802 912 953 838 1138 
3803 615 528 164 955 
3804 590 760 347 1075 
3805 907 838 1062 1104 
3806 235 915 233 1088 
3807 691 748 895 1146 
3808 206 415 936 1014 
3809 851 1035 990 1134 
3810 237 236 225 945 
3811 816 1067 875 1131 
3812 833 1057 901 1141 
3813 831 1100 1045 1111 
3814 877 846 949 1151 
3815 907 977 838 1104 
3816 898 891 1040 1148 
3817 482 520 390 1125 
3818 832 967 1036 1076 
3819 283 1071 1002 1156 
3820 380 316 329 948 
3821 828 882 1019 1141 
3822 812 978 1009 1106 
3823 258 908 404 977 
3824 534 1043 906 1094 
3825 670 629 800 1125 
3826 746 867 727 1137 
3827 723 862 1074 1125 
3828 943 857 1095 1106 
3829 911 1024 157 1109 
3830 904 992 349 1026 
3831 957 989 868 1133 
3832 814 1027 883 1149 
3833 762 731 1086 1091 
3834 520 280 281 1031 
3835 550 305 193 1118 
3836 819 863 962 1022 
3837 306 324 309 1037 
3838 844 1095 972 1106 
3839 722 890 756 1074 
3840 525 270 261 901 
3841 457 885 191 1105 
3842 449 543 558 1024 
3843 534 293 1043 1094 
3844 691 688 748 1146 
3845 106 154 911 1109 
3846 697 897 702 1124 
3847 564 353 893 1159 
3848 872 1029 824 1044 
3849 816 951 1107 1131 
3850 475 928 419 1078 
3851 511 357 360 903 
3852 825 946 910 1082 
3853 254 1042 662 1134 
3854 665 998 518 1136 
3855 988 1071 1034 1153 
3856 563 586 932 1083 
3857 191 885 457 1135 
3858 699 883 700 1155 
3859 532 235 233 1088 
3860 889 1021 857 1152 
3861 649 173 967 1036 
3862 319 373 320 929 
3863 863 819 962 1079 
3864 881 1107 951 1131 
3865 846 889 1112 1151 
3866 317 531 949 1087 
3867 946 1070 910 1152 
3868 910 930 889 1112 
3869 465 935 467 1061 
3870 833 1057 921 1073 
3871 649 608 387 1036 
3872 629 533 800 1041 
3873 264 263 994 1130 
3874 173 967 614 1109 
3875 739 993 748 1110 
3876 875 833 1073 1131 
3877 893 1091 409 1159 
3878 452 572 875 1073 
3879 812 978 1001 1158 
3880 752 756 713 1074 
3881 532 233 915 1088 
3882 848 1011 975 1049 
3883 869 1016 990 1160 
3884 396 395 987 1097 
3885 600 308 452 921 
3886 768 749 769 1110 
3887 467 935 597 1061 
3888 346 344 977 1138 
3889 879 825 958 1070 
3890 114 556 115 985 
3891 220 225 224 888 
3892 259 519 265 963 
3893 662 907 343 1134 
3894 940 1054 830 1149 
3895 117 962 926 1126 
3896 180 462 425 934 
3897 156 913 401 1060 
3898 515 453 153 968 
3899 225 1093 888 1101 
3900 883 1127 700 1155 
3901 298 896 530 1071 
3902 789 1028 732 1046 
3903 417 1072 531 1087 
3904 314 354 301 1002 
3905 733 784 795 987 
3906 625 397 445 1042 
3907 108 968 451 1055 
3908 929 1006 970 1034 
3909 843 960 922 1070 
3910 174 947 105 1109 
3911 713 752 1074 1147 
3912 174 448 947 1109 
3913 599 1028 399 1150 
3914 868 1002 839 1009 
3915 158 477 116 962 
3916 876 822 984 1085 
3917 139 114 985 1047 
3918 318 537 358 909 
3919 719 725 726 942 
3920 732 1028 884 1046 
3921 457 885 412 1135 
3922 820 894 1030 1051 
3923 641 140 486 1010 
3924 826 886 1012 1063 
3925 181 182 934 1121 
3926 989 1133 957 1144 
3927 341 912 570 1075 
3928 819 974 936 1022 
3929 693 694 754 979 
3930 147 642 793 1159 
3931 518 167 673 578 
3932 106 911 157 1109 
3933 669 568 619 967 
3934 846 948 923 1052 
3935 676 683 661 947 
3936 522 639 933 1028 
3937 440 933 350 1064 
3938 813 872 981 1029 
3939 869 969 938 1160 
3940 641 140 1010 1037 
3941 846 1112 1130 1151 
3942 834 974 926 1117 
3943 341 342 912 1035 
3944 789 757 933 1046 
3945 529 556 141 920 
3946 192 194 195 1105 
3947 335 954 337 1145 
3948 887 969 823 991 
3949 702 897 941 1124 
3950 413 140 1037 1099 
3951 256 994 262 1025 
3952 901 997 828 1141 
3953 929 839 1006 1034 
3954 834 1010 996 1089 
3955 253 514 616 899 
3956 418 391 633 1078 
3957 293 881 1043 1094 
3958 928 974 834 1053 
3959 501 1049 359 1128 
3960 452 450 451 875 
3961 868 1009 939 1158 
3962 296 575 472 988 
3963 703 931 704 1115 
3964 435 1015 1004 1129 
3965 313 454 399 884 
3966 861 825 995 1154 
3967 320 929 321 1034 
3968 672 776 599 1150 
3969 383 1059 964 1123 
3970 618 412 411 885 
3971 814 940 891 1027 
3972 762 1091 893 1159 
3973 492 974 377 1117 
3974 239 995 945 1093 
3975 413 1037 391 1099 
3976 437 249 541 922 
3977 844 997 915 1088 
3978 122 554 123 1103 
3979 909 1032 358 1128 
3980 640 934 497 1121 
3981 556 920 529 1102 
3982 737 789 757 933 
3983 557 163 117 962 
3984 856 1065 1001 1068 
3985 679 741 570 1143 
3986 404 977 908 1063 
3987 365 366 367 975 
3988 843 1065 1005 1101 
3989 141 556 114 920 
3990 834 928 1053 1078 
3991 289 929 320 1034 
3992 218 937 1005 1085 
3993 225 220 478 1101 
3994 107 451 157 911 
3995 823 986 887 991 
3996 563 932 617 1120 
3997 840 1107 993 1110 
3998 154 107 911 1055 
3999 194 193 295 1118 
4000 460 631 919 1135 
4001 844 1081 997 1088 
4002 167 603 658 1091 
4003 181 179 182 1121 
4004 907 1035 838 1138 
4005 1005 1065 611 1101 
4006 428 1065 961 1116 
4007 816 1058 895 1092 
4008 174 105 448 1109 
4009 551 769 156 1060 
4010 840 1058 993 1107 
4011 816 898 1058 1092 
4012 866 1008 932 1079 
4013 819 932 1008 1079 
4014 567 556 529 1102 
4015 834 926 1099 1117 
4016 332 281 331 991 
4017 616 1056 899 1142 
4018 484 963 519 1097 
4019 895 966 691 1146 
4020 212 1068 989 1144 
4021 879 958 922 1070 
4022 821 1021 960 1119 
4023 872 1038 852 1044 
4024 815 1038 872 1044 
4025 815 872 1038 1077 
4026 827 911 982 1067 
4027 819 863 1022 1079 
4028 267 925 535 1156 
4029 887 1115 954 1145 
4030 806 789 678 1028 
4031 907 1035 343 1134 
4032 604 617 932 1120 
4033 892 985 920 1047 
4034 321 320 632 929 
4035 649 614 173 1036 
4036 820 940 891 1030 
4037 418 927 391 1078 
4038 533 797 800 1041 
4039 642 409 1091 1159 
4040 642 564 409 1159 
4041 534 906 536 1132 
4042 529 920 1050 1102 
4043 300 519 278 963 
4044 228 1045 252 1100 
4045 856 989 1068 1158 
4046 759 912 721 1017 
4047 689 750 747 1013 
4048 939 1006 812 1009 
4049 357 318 358 909 
4050 416 574 797 1145 
4051 365 362 366 975 
4052 180 181 462 934 
4053 853 913 1020 1107 
4054 390 332 334 1041 
4055 240 958 242 995 
4056 393 367 516 961 
4057 125 549 124 919 
4058 248 538 256 917 
4059 593 150 677 1060 
4060 381 500 523 923 
4061 727 746 745 867 
4062 570 761 144 1075 
4063 847 943 915 1106 
4064 583 935 374 1081 
4065 937 822 1005 1085 
4066 829 930 910 1112 
4067 173 105 967 1109 
4068 401 326 328 1094 
4069 517 886 1012 1136 
4070 220 611 478 1101 
4071 671 591 590 347 
4072 233 915 235 1113 
4073 534 1094 906 1132 
4074 931 1017 851 1115 
4075 221 1068 212 1144 
4076 124 919 631 1103 
4077 869 990 907 1134 
4078 850 1010 996 1037 
4079 796 744 669 967 
4080 433 154 614 1036 
4081 371 370 376 936 
4082 284 267 535 1156 
4083 715 714 716 976 
4084 822 984 880 1111 
4085 896 1039 491 1083 
4086 658 886 517 1136 
4087 713 705 712 918 
4088 841 918 1054 1122 
4089 245 233 234 1023 
4090 405 646 154 1055 
4091 437 1032 922 1128 
4092 834 996 1010 1037 
4093 496 276 291 1003 
4094 442 208 899 1144 
4095 819 926 962 1126 
4096 150 980 677 1060 
4097 1001 1068 835 1158 
4098 822 959 900 1111 
4099 448 558 947 1024 
4100 900 946 1082 1152 
4101 522 398 639 1028 
4102 448 1024 947 1109 
4103 988 1034 892 1153 
4104 221 1056 1068 1144 
4105 199 200 306 996 
4106 806 678 776 1028 
4107 795 682 579 784 
4108 719 726 766 942 
4109 223 218 222 1085 
4110 411 138 885 1108 
4111 716 739 738 993 
4112 304 604 617 932 
4113 118 926 1099 1126 
4114 750 726 747 905 
4115 896 817 1133 1153 
4116 807 176 175 965 
4117 194 192 193 1105 
4118 845 1027 940 1149 
4119 313 484 454 1097 
4120 409 353 408 1063 
4121 794 724 731 886 
4122 461 463 647 934 
4123 900 811 959 1152 
4124 689 686 944 1013 
4125 399 884 454 1150 
4126 461 459 463 919 
4127 540 333 331 991 
4128 815 878 964 1076 
4129 605 779 152 998 
4130 215 218 479 937 
4131 415 370 514 936 
4132 819 1014 873 1079 
4133 871 1000 830 1054 
4134 1059 1123 389 1136 
4135 869 1016 945 1042 
4136 815 1052 930 1077 
4137 309 325 456 1105 
4138 347 590 671 760 
4139 554 162 421 1118 
4140 223 222 984 1085 
4141 893 1080 941 1086 
4142 317 949 318 1087 
4143 508 196 194 996 
4144 535 267 235 925 
4145 839 929 925 1156 
4146 203 928 202 1014 
4147 945 1066 1004 1093 
4148 819 1022 936 1079 
4149 938 969 823 1160 
4150 572 450 452 875 
4151 831 871 1003 1030 
4152 1004 1066 888 1093 
4153 939 1133 868 1158 
4154 814 940 1027 1149 
4155 713 918 712 1147 
4156 658 518 886 1136 
4157 874 827 982 1067 
4158 819 927 926 1126 
4159 289 320 321 1034 
4160 635 137 493 1010 
4161 344 342 343 1035 
4162 838 1017 912 1035 
4163 816 898 973 1058 
4164 108 560 968 1055 
4165 834 927 1078 1099 
4166 561 406 388 1123 
4167 426 938 330 1129 
4168 583 597 467 935 
4169 916 818 935 1061 
4170 301 266 282 1002 
4171 186 919 188 1135 
4172 704 986 709 1115 
4173 248 255 247 1018 
4174 497 187 183 934 
4175 660 654 543 1033 
4176 891 1027 898 1040 
4177 898 1027 824 1040 
4178 508 623 201 1053 
4179 190 189 188 1135 
4180 898 1040 874 1148 
4181 440 522 933 1064 
4182 489 957 216 1083 
4183 878 832 1036 1076 
4184 475 928 203 1120 
4185 672 799 776 1150 
4186 694 979 697 1124 
4187 827 982 878 1052 
4188 876 1004 837 1066 
4189 136 557 116 962 
4190 422 612 421 1103 
4191 431 974 1053 1117 
4192 138 122 885 1108 
4193 819 962 1008 1126 
4194 376 974 377 1022 
4195 846 994 917 1112 
4196 535 925 235 1088 
4197 836 955 903 1084 
4198 736 980 801 1114 
4199 209 211 957 1144 
4200 570 144 589 1075 
4201 731 886 1086 1091 
4202 232 915 233 1113 
4203 342 1035 344 1138 
4204 395 307 971 1031 
4205 906 992 536 1132 
4206 829 1112 910 1154 
4207 826 1063 893 1086 
4208 819 936 1014 1079 
4209 717 941 718 1086 
4210 612 554 421 1103 
4211 523 263 285 994 
4212 440 350 522 1064 
4213 738 1060 980 1110 
4214 755 756 890 1155 
4215 298 666 530 896 
4216 402 1060 401 1094 
4217 767 714 751 1127 
4218 569 204 207 1014 
4219 365 363 362 975 
4220 298 491 896 1039 
4221 404 521 659 908 
4222 402 1094 403 1132 
4223 174 448 558 947 
4224 867 964 849 1123 
4225 454 884 1097 1150 
4226 936 1022 863 1079 
4227 497 934 182 1121 
4228 626 543 449 951 
4229 548 149 640 934 
4230 368 952 364 1142 
4231 197 196 198 996 
4232 841 884 1054 1147 
4233 777 980 565 1114 
4234 718 707 1080 1086 
4235 460 138 631 1135 
4236 532 997 257 1088 
4237 832 878 982 1076 
4238 266 267 925 1113 
4239 839 1002 896 1071 
4240 742 745 744 967 
4241 847 978 943 1106 
4242 110 111 464 916 
4243 297 288 988 1039 
4244 675 533 797 800 
4245 852 1029 872 1044 
4246 843 946 960 1070 
4247 676 684 683 947 
4248 221 442 1056 1144 
4249 250 438 525 1026 
4250 274 1043 294 1073 
4251 573 399 599 1028 
4252 937 984 822 1085 
4253 444 254 662 1134 
4254 819 962 926 1022 
4255 454 1097 987 1150 
4256 943 959 828 1019 
4257 342 912 1035 1138 
4258 216 512 420 957 
4259 680 771 793 1091 
4260 198 202 928 1053 
4261 247 521 258 1018 
4262 274 293 294 1043 
4263 928 819 974 1014 
4264 758 759 721 1017 
4265 647 462 461 934 
4266 188 185 503 919 
4267 711 763 728 1041 
4268 783 760 590 1075 
4269 211 512 216 957 
4270 120 486 140 1010 
4271 259 278 519 963 
4272 221 442 653 1056 
4273 819 926 974 1022 
4274 425 601 606 1121 
4275 203 1014 569 1120 
4276 812 1009 1006 1106 
4277 747 745 742 1013 
4278 397 907 662 1042 
4279 890 986 862 1074 
4280 395 300 307 1031 
4281 873 1014 936 1079 
4282 485 495 1003 1100 
4283 829 1018 879 1154 
4284 895 944 854 1146 
4285 830 1046 918 1054 
4286 876 888 1004 1066 
4287 266 301 488 1113 
4288 733 784 143 792 
4289 319 284 535 1156 
4290 493 137 596 1117 
4291 858 1006 972 1084 
4292 812 1006 939 1011 
4293 841 1054 884 1097 
4294 235 925 267 1113 
4295 263 271 262 994 
4296 263 262 256 994 
4297 972 1006 812 1084 
4298 237 239 254 945 
4299 928 1014 203 1120 
4300 666 298 491 896 
4301 404 258 521 908 
4302 161 919 124 1103 
4303 252 1003 495 1100 
4304 427 922 541 1116 
4305 918 1046 884 1054 
4306 206 205 415 1014 
4307 836 970 892 1047 
4308 943 1019 828 1095 
4309 807 175 809 965 
4310 595 656 613 965 
4311 690 689 688 1146 
4312 749 1020 790 1033 
4313 801 736 738 980 
4314 319 929 289 1156 
4315 705 918 713 1155 
4316 489 209 216 957 
4317 677 150 777 980 
4318 232 233 235 1113 
4319 274 308 1057 1073 
4320 238 958 1093 1101 
4321 973 1043 833 1131 
4322 881 1043 973 1131 
4323 365 363 975 1142 
4324 552 125 124 919 
4325 343 397 344 907 
4326 601 934 447 1121 
4327 604 322 418 927 
4328 525 261 251 901 
4329 821 1112 889 1151 
4330 1003 1045 831 1100 
4331 432 624 168 805 
4332 446 234 485 1023 
4333 430 1101 1065 1116 
4334 806 732 789 1028 
4335 437 502 249 1032 
4336 345 1138 953 1143 
4337 903 955 842 1084 
4338 547 274 308 1057 
4339 860 1027 891 1040 
4340 116 477 115 985 
4341 897 1062 941 1124 
4342 328 402 401 1094 
4343 618 411 138 885 
4344 605 152 665 998 
4345 713 730 752 1147 
4346 398 522 310 1064 
4347 523 316 381 923 
4348 828 1023 894 1051 
4349 703 701 698 931 
4350 318 317 286 949 
4351 823 969 938 991 
4352 947 1024 558 1157 
4353 148 110 109 1072 
4354 304 644 299 932 
4355 918 1147 713 1155 
4356 913 840 1060 1110 
4357 903 955 836 1139 
4358 263 523 271 994 
4359 642 680 582 793 
4360 868 1133 989 1158 
4361 731 886 724 1086 
4362 219 224 443 1085 
4363 756 1074 890 1155 
4364 910 1082 946 1152 
4365 941 1080 707 1086 
4366 174 661 104 947 
4367 235 915 1088 1113 
4368 107 106 154 911 
4369 393 513 365 1056 
4370 682 168 624 805 
4371 856 1007 989 1158 
4372 989 1007 868 1158 
4373 364 952 369 1102 
4374 881 906 973 1043 
4375 300 396 519 1097 
4376 702 941 717 1124 
4377 551 156 401 1060 
4378 431 378 974 1117 
4379 158 962 117 1126 
4380 704 703 698 931 
4381 876 1004 888 1085 
4382 497 505 187 934 
4383 479 223 481 937 
4384 893 1086 886 1091 
4385 755 890 1098 1155 
4386 744 745 669 967 
4387 410 630 1012 1063 
4388 681 779 605 998 
4389 620 980 402 1132 
4390 721 912 741 1143 
4391 950 1016 837 1160 
4392 789 732 757 1046 
4393 688 689 686 944 
4394 501 362 359 1049 
4395 735 1080 953 1159 
4396 426 540 938 1129 
4397 349 348 311 904 
4398 1034 1071 839 1153 
4399 399 1028 884 1150 
4400 203 202 204 1014 
4401 502 1032 437 1128 
4402 900 1082 811 1152 
4403 816 895 1058 1107 
4404 299 932 644 1039 
4405 465 374 467 935 
4406 262 474 272 1025 
4407 891 1030 831 1051 
4408 770 681 785 998 
4409 858 970 929 1006 
4410 321 555 637 1034 
4411 305 422 421 1118 
4412 611 217 214 1005 
4413 851 990 969 1134 
4414 938 1129 869 1160 
4415 834 1037 1010 1099 
4416 800 142 533 629 
4417 398 310 313 1000 
4418 832 967 947 1109 
4419 629 670 483 1125 
4420 927 928 834 1078 
4421 848 903 1011 1049 
4422 238 429 958 1101 
4423 516 961 1065 1068 
4424 504 919 161 1103 
4425 718 941 707 1086 
4426 761 783 590 1075 
4427 319 320 289 929 
4428 913 1094 840 1107 
4429 146 573 678 1028 
4430 434 349 992 1026 
4431 274 1057 1043 1073 
4432 881 1094 913 1107 
4433 762 718 707 1080 
4434 812 972 1084 1119 
4435 627 676 661 947 
4436 542 326 401 913 
4437 926 927 834 1099 
4438 570 912 545 1143 
4439 616 442 899 1056 
4440 762 893 1080 1159 
4441 480 215 479 1007 
4442 235 1088 925 1113 
4443 836 903 1011 1084 
4444 283 530 1002 1071 
4445 476 475 203 1120 
4446 734 667 953 1143 
4447 553 592 162 1108 
4448 819 1008 927 1126 
4449 976 999 830 1149 
4450 460 618 138 1135 
4451 651 388 387 1123 
4452 138 123 631 1103 
4453 843 960 978 1001 
4454 816 1067 982 1096 
4455 977 1062 838 1104 
4456 662 343 444 1134 
4457 502 358 537 1032 
4458 298 530 288 1071 
4459 644 932 586 1039 
4460 762 718 1080 1086 
4461 530 282 283 1002 
4462 832 982 911 1096 
4463 941 942 826 1086 
4464 393 365 975 1056 
4465 342 545 341 912 
4466 937 1007 847 1069 
4467 321 970 555 1034 
4468 822 943 959 1111 
4469 828 1051 959 1111 
4470 217 218 1005 1085 
4471 291 310 311 1064 
4472 884 841 1097 1147 
4473 832 911 1024 1096 
4474 315 317 531 949 
4475 851 912 1017 1035 
4476 341 545 570 912 
4477 173 104 619 967 
4478 549 631 124 919 
4479 762 1080 893 1086 
4480 996 1053 834 1089 
4481 882 828 997 1141 
4482 426 330 435 1129 
4483 347 954 339 1075 
4484 358 1032 502 1128 
4485 524 337 954 1145 
4486 200 996 197 1078 
4487 839 1006 939 1009 
4488 398 313 399 1028 
4489 253 442 208 899 
4490 667 581 743 1159 
4491 436 237 254 945 
4492 829 1018 908 1025 
4493 474 517 1012 1136 
4494 835 1068 989 1158 
4495 467 597 638 1061 
4496 714 976 708 1127 
4497 526 257 527 1081 
4498 550 503 422 1103 
4499 392 585 494 1022 
4500 594 809 128 965 
4501 548 934 640 1121 
4502 456 457 191 1105 
4503 336 333 540 969 
4504 407 998 665 1136 
4505 180 177 179 965 
4506 1004 1015 837 1129 
4507 303 302 312 1008 
4508 257 251 260 997 
4509 825 888 1066 1093 
4510 729 1147 884 1150 
4511 534 270 536 906 
4512 264 256 538 917 
4513 735 762 1080 1159 
4514 588 214 212 989 
4515 431 974 378 1053 
4516 239 945 237 1093 
4517 674 562 1033 1157 
4518 236 1004 945 1129 
4519 164 955 528 1139 
4520 424 425 606 1121 
4521 620 980 441 1114 
4522 392 492 652 1022 
4523 841 1074 890 1122 
4524 835 989 1133 1158 
4525 856 1001 978 1158 
4526 640 149 505 934 
4527 258 404 602 977 
4528 961 1001 1065 1068 
4529 462 184 461 934 
4530 595 613 594 965 
4531 545 912 342 1138 
4532 836 1047 920 1050 
4533 533 797 416 574 
4534 327 626 572 951 
4535 586 1039 932 1083 
4536 188 186 185 919 
4537 379 377 974 1117 
4538 845 999 976 1149 
4539 203 204 569 1014 
4540 156 542 913 1033 
4541 910 956 825 1082 
4542 291 290 310 1000 
4543 163 118 117 926 
4544 973 1058 840 1107 
4545 825 956 910 1154 
4546 376 415 610 936 
4547 627 676 947 1157 
4548 496 485 495 1003 
4549 345 953 576 1143 
4550 184 185 186 919 
4551 107 157 106 911 
4552 571 679 570 1143 
4553 617 563 586 932 
4554 840 980 1060 1110 
4555 798 765 786 1145 
4556 162 1108 592 1118 
4557 504 503 919 1103 
4558 119 598 118 1099 
4559 577 391 413 1037 
4560 843 961 1001 1065 
4561 304 299 303 932 
4562 488 355 481 1069 
4563 589 590 347 1075 
4564 961 835 1001 1068 
4565 860 1016 956 1082 
4566 881 840 1094 1107 
4567 841 1054 918 1147 
4568 328 326 293 1094 
4569 834 1053 974 1117 
4570 474 473 517 1136 
4571 969 990 869 1134 
4572 899 1056 442 1144 
4573 526 532 257 1088 
4574 442 253 616 899 
4575 244 248 247 1018 
4576 375 580 546 1008 
4577 498 640 497 1121 
4578 304 586 644 932 
4579 841 1054 963 1122 
4580 832 1024 947 1096 
4581 273 260 268 1057 
4582 754 979 694 1124 
4583 849 867 1123 1137 
4584 987 1097 884 1150 
4585 108 560 109 968 
4586 903 836 1050 1139 
4587 707 718 717 941 
4588 789 737 778 933 
4589 292 459 919 1135 
4590 173 614 105 1109 
4591 643 113 112 1139 
4592 836 939 1006 1011 
4593 524 335 337 1145 
4594 192 190 193 1105 
4595 837 945 1016 1066 
4596 724 719 718 1086 
4597 971 1074 862 1125 
4598 617 586 304 932 
4599 776 799 806 1028 
4600 998 1123 849 1136 
4601 821 889 1021 1151 
4602 391 927 323 1099 
4603 783 144 791 761 
4604 831 1003 894 1030 
4605 699 1098 883 1155 
4606 739 767 748 993 
4607 839 1002 925 1009 
4608 155 524 798 1145 
4609 922 1070 958 1116 
4610 695 966 751 1127 
4611 285 994 263 1130 
4612 604 418 419 1078 
4613 798 954 764 1145 
4614 915 997 828 1023 
4615 217 219 218 1085 
4616 898 1040 824 1092 
4617 925 1009 847 1106 
4618 225 478 1093 1101 
4619 828 959 914 1019 
4620 915 1069 847 1113 
4621 428 430 1065 1116 
4622 723 752 753 1074 
4623 708 976 757 1046 
4624 451 108 153 968 
4625 353 977 404 1063 
4626 427 437 541 922 
4627 832 1024 911 1109 
4628 1007 1009 868 1158 
4629 184 186 461 919 
4630 1034 1071 287 1156 
4631 940 830 999 1149 
4632 179 965 499 1121 
4633 907 1042 869 1134 
4634 464 515 110 916 
4635 140 598 119 1099 
4636 213 512 211 989 
4637 846 1130 949 1151 
4638 801 980 777 1114 
4639 269 534 293 1043 
4640 144 570 679 761 
4641 596 926 492 1117 
4642 458 412 618 1135 
4643 306 418 633 1078 
4644 590 783 671 760 
4645 841 1031 971 1074 
4646 971 1031 862 1074 
4647 853 947 1024 1096 
4648 533 675 574 587 
4649 768 1060 738 1110 
4650 124 161 552 919 
4651 633 391 577 1037 
4652 391 418 322 927 
4653 620 441 664 1114 
4654 642 582 680 1091 
4655 238 1093 478 1101 
4656 423 987 454 1097 
4657 783 590 144 761 
4658 883 845 1127 1149 
4659 839 892 1034 1153 
4660 842 972 1021 1119 
4661 393 365 367 975 
4662 958 995 240 1093 
4663 492 596 163 926 
4664 846 1112 917 1130 
4665 125 149 126 934 
4666 392 652 585 1022 
4667 424 606 965 1121 
4668 629 800 142 670 
4669 272 474 630 1012 
4670 407 665 518 1136 
4671 459 460 919 1135 
4672 504 187 505 919 
4673 568 649 173 967 
4674 515 153 109 968 
4675 1047 1050 836 1139 
4676 684 676 685 947 
4677 405 948 560 1055 
4678 835 1068 1056 1144 
4679 504 505 552 919 
4680 362 363 361 1049 
4681 559 1072 417 1087 
4682 734 667 735 953 
4683 738 677 980 1060 
4684 396 987 423 1097 
4685 712 918 1046 1147 
4686 875 1073 951 1131 
4687 951 1073 881 1131 
4688 478 611 1065 1101 
4689 914 959 828 1051 
4690 479 218 223 937 
4691 653 221 1056 1068 
4692 918 830 1054 1149 
4693 402 980 150 1060 
4694 595 499 965 1121 
4695 289 929 1034 1156 
4696 180 424 177 965 
4697 459 461 292 919 
4698 373 583 374 1081 
4699 547 597 273 1057 
4700 453 600 452 921 
4701 748 1020 749 1110 
4702 430 429 1101 1116 
4703 591 155 524 798 
4704 400 338 969 1134 
4705 894 831 1030 1051 
4706 667 743 735 1159 
4707 213 212 214 989 
4708 241 240 242 995 
4709 207 204 206 1014 
4710 396 395 423 987 
4711 943 1095 844 1106 
4712 476 419 475 1120 
4713 352 581 953 1159 
4714 797 765 728 1145 
4715 199 197 200 996 
4716 432 971 482 1125 
4717 703 704 709 1115 
4718 620 402 403 1132 
4719 675 142 533 800 
4720 674 780 562 1157 
4721 150 565 777 980 
4722 341 340 342 1035 
4723 958 1070 843 1116 
4724 704 711 709 986 
4725 321 632 555 970 
4726 981 1038 872 1077 
4727 640 505 497 934 
4728 895 993 845 1058 
4729 708 715 757 976 
4730 609 158 117 1126 
4731 679 774 741 1143 
4732 845 940 999 1149 
4733 240 238 429 958 
4734 234 233 231 1023 
4735 710 954 760 1075 
4736 700 714 708 1127 
4737 198 201 202 1053 
4738 788 768 769 1060 
4739 266 235 267 1113 
4740 525 434 270 1026 
4741 797 533 675 574 
4742 825 1066 945 1093 
4743 735 720 953 1080 
4744 559 417 615 1087 
4745 918 1054 884 1147 
4746 365 513 363 1142 
4747 475 198 203 928 
4748 678 573 776 1028 
4749 236 945 237 1129 
4750 363 368 364 1142 
4751 238 958 240 1093 
4752 209 211 216 957 
4753 171 965 606 1121 
4754 641 413 140 1037 
4755 685 947 676 1157 
4756 378 610 506 974 
4757 938 837 1015 1129 
4758 194 196 195 996 
4759 379 974 378 1117 
4760 445 397 662 1042 
4761 832 1036 967 1109 
4762 364 369 372 1102 
4763 112 111 164 955 
4764 707 717 702 941 
4765 1010 1089 834 1117 
4766 643 112 955 1139 
4767 171 127 965 1121 
4768 238 225 478 1093 
4769 774 679 571 1143 
4770 816 1058 973 1107 
4771 292 919 186 1135 
4772 228 252 495 1100 
4773 277 544 279 1015 
4774 416 334 335 1145 
4775 268 1043 274 1057 
4776 830 918 1046 1149 
4777 627 661 174 947 
4778 392 494 371 1022 
4779 498 497 182 1121 
4780 853 1020 913 1033 
4781 648 423 395 987 
4782 838 1035 912 1138 
4783 610 378 376 974 
4784 396 423 454 1097 
4785 164 643 955 1139 
4786 996 1037 834 1078 
4787 467 374 583 935 
4788 668 777 565 1114 
4789 588 989 212 1068 
4790 835 1133 989 1144 
4791 976 1046 918 1149 
4792 593 402 150 1060 
4793 548 126 149 934 
4794 658 517 518 1136 
4795 368 514 952 1142 
4796 558 174 947 1157 
4797 371 376 377 1022 
4798 751 695 692 966 
4799 602 346 344 977 
4800 542 401 156 913 
4801 210 209 208 1144 
4802 859 1050 920 1102 
4803 925 1088 915 1113 
4804 840 906 1094 1132 
4805 696 755 698 1098 
4806 624 781 682 805 
4807 364 368 369 952 
4808 237 945 436 1129 
4809 798 786 155 1145 
4810 228 246 252 1045 
4811 427 428 961 1116 
4812 626 327 543 951 
4813 762 771 1091 1159 
4814 922 843 1070 1116 
4815 514 370 368 952 
4816 903 1084 842 1119 
4817 490 489 216 1083 
4818 286 949 315 1130 
4819 173 619 568 967 
4820 317 417 531 1087 
4821 164 643 112 955 
4822 171 127 128 965 
4823 179 499 182 1121 
4824 824 979 1029 1140 
4825 159 177 176 965 
4826 1043 1073 833 1131 
4827 537 286 264 1130 
4828 161 504 552 919 
4829 1065 1101 843 1116 
4830 392 377 492 1022 
4831 899 835 1056 1144 
4832 432 482 483 1125 
4833 576 352 581 953 
4834 212 210 221 1144 
4835 297 298 288 1039 
4836 928 819 1014 1120 
4837 714 767 716 993 
4838 338 336 400 969 
4839 653 1056 516 1068 
4840 855 1029 979 1140 
4841 638 600 453 1061 
4842 906 1043 881 1094 
4843 830 1046 976 1149 
4844 881 1073 1043 1131 
4845 345 352 576 953 
4846 110 559 111 1072 
4847 444 343 1035 1134 
4848 899 1133 835 1144 
4849 284 283 267 1156 
4850 410 408 630 1063 
4851 367 427 428 961 
4852 339 347 337 954 
4853 563 489 490 1083 
4854 503 185 187 919 
4855 191 457 189 1135 
4856 964 1036 867 1076 
4857 677 777 738 980 
4858 853 1024 951 1096 
4859 953 1138 912 1143 
4860 562 654 1033 1157 
4861 312 323 322 927 
4862 442 210 208 1144 
4863 379 492 377 1117 
4864 566 440 639 933 
4865 358 501 359 1128 
4866 292 461 186 919 
4867 198 202 203 928 
4868 431 379 378 1117 
4869 617 604 419 1120 
4870 825 945 995 1093 
4871 836 1011 1006 1084 
4872 733 792 143 1150 
4873 378 974 506 1053 
4874 668 801 777 1114 
4875 800 1041 763 1125 
4876 183 181 182 934 
4877 527 273 583 1081 
4878 849 1123 1059 1136 
4879 433 387 382 1036 
4880 878 1036 964 1076 
4881 647 601 425 934 
4882 441 980 620 1132 
4883 816 1107 973 1131 
4884 296 988 288 1071 
4885 853 1024 947 1157 
4886 924 1067 874 1148 
4887 411 487 138 1108 
4888 848 1011 903 1119 
4889 809 645 128 965 
4890 389 473 1059 1136 
4891 289 1034 287 1156 
4892 601 447 606 1121 
4893 739 748 749 1110 
4894 741 912 759 1075 
4895 947 1024 832 1109 
4896 240 995 239 1093 
4897 600 921 453 1061 
4898 460 631 549 919 
4899 323 1099 927 1126 
4900 769 749 790 1033 
4901 521 255 272 1025 
4902 731 773 794 1091 
4903 635 493 607 1089 
4904 454 987 423 1150 
4905 812 978 960 1001 
4906 884 1054 1000 1097 
4907 333 334 332 991 
4908 787 797 675 574 
4909 721 759 741 912 
4910 895 854 1092 1146 
4911 647 463 601 934 
4912 224 225 236 1004 
4913 125 126 151 934 
4914 582 147 642 793 
4915 330 426 331 938 
4916 319 535 526 1088 
4917 958 1101 429 1116 
4918 503 187 504 919 
4919 406 561 605 998 
4920 670 800 772 1125 
4921 432 648 395 971 
4922 653 393 516 1056 
4923 754 694 697 1124 
4924 126 934 548 1121 
4925 835 989 1068 1144 
4926 183 182 497 934 
4927 565 980 620 1114 
4928 159 178 177 965 
4929 106 614 154 1109 
4930 315 286 317 949 
4931 890 883 1098 1155 
4932 917 994 846 1130 
4933 258 243 247 1018 
4934 501 437 366 1128 
4935 780 170 562 1157 
4936 139 114 115 985 
4937 764 954 710 1115 
4938 601 463 151 934 
4939 735 762 720 1080 
4940 896 839 1071 1153 
4941 156 674 562 1033 
4942 275 242 240 958 
4943 842 1084 972 1119 
4944 244 247 243 1018 
4945 1053 1089 431 1117 
4946 961 1065 843 1116 
4947 124 631 123 1103 
4948 837 1004 945 1066 
4949 706 701 758 1017 
4950 973 1107 881 1131 
4951 689 742 686 1013 
4952 627 947 174 1157 
4953 732 806 799 1028 
4954 459 460 650 919 
4955 725 727 726 1137 
4956 647 425 462 934 
4957 1043 1057 833 1073 
4958 148 531 417 1072 
4959 154 646 107 1055 
4960 346 345 344 1138 
4961 458 457 412 1135 
4962 255 256 262 1025 
4963 668 165 782 1114 
4964 146 639 573 1028 
4965 510 360 509 1050 
4966 426 436 540 1129 
4967 296 472 539 988 
4968 1006 1011 812 1084 
4969 554 122 162 1108 
4970 156 660 542 1033 
4971 383 389 1059 1123 
4972 761 760 783 1075 
4973 299 297 302 1039 
4974 606 171 424 965 
4975 268 269 274 1043 
4976 532 245 257 997 
4977 644 1039 586 1083 
4978 764 798 760 954 
4979 403 1094 534 1132 
4980 779 681 740 998 
4981 835 1133 939 1158 
4982 601 151 447 934 
4983 424 171 175 965 
4984 312 302 375 1008 
4985 925 1002 839 1156 
4986 239 995 445 1042 
4987 343 662 397 907 
4988 312 1008 546 1126 
4989 402 328 403 1094 
4990 549 650 460 919 
4991 734 721 741 1143 
4992 331 426 540 938 
4993 430 516 1065 1068 
4994 493 607 1089 1117 
4995 212 989 211 1144 
4996 452 308 572 1073 
4997 221 210 442 1144 
4998 860 1027 1040 1140 
4999 378 377 376 974 
5000 405 560 646 1055 
5001 729 987 1147 1150 
5002 340 444 343 1035 
5003 430 478 1065 1101 
5004 688 686 687 944 
5005 788 593 677 1060 
5006 530 314 282 1002 
5007 553 162 121 1108 
5008 703 710 758 1115 
5009 562 170 654 1157 
5010 644 491 1039 1083 
5011 945 1004 837 1129 
5012 275 427 541 1116 
5013 236 237 436 1129 
5014 313 290 484 1000 
5015 276 495 252 1003 
5016 770 725 998 1137 
5017 953 1080 893 1159 
5018 702 717 754 1124 
5019 692 691 751 966 
5020 589 341 570 1075 
5021 118 163 596 926 
5022 544 435 330 1015 
5023 852 1029 979 1124 
5024 355 354 480 1007 
5025 390 1041 629 1125 
5026 139 469 114 1047 
5027 595 498 499 1121 
5028 309 456 455 1105 
5029 488 1069 232 1113 
5030 466 555 632 970 
5031 722 756 752 1074 
5032 379 377 378 974 
5033 287 1071 283 1156 
5034 347 339 589 1075 
5035 376 370 415 936 
5036 434 349 351 992 
5037 809 175 645 965 
5038 825 995 958 1093 
5039 765 574 155 1145 
5040 1105 1108 885 1118 
5041 850 1108 1105 1118 
5042 238 240 239 1093 
5043 797 763 800 1041 
5044 186 188 189 1135 
5045 120 140 119 1010 
5046 202 205 204 1014 
5047 1002 1071 839 1156 
5048 828 1019 914 1141 
5049 786 765 155 1145 
5050 176 175 130 807 
5051 670 772 483 1125 
5052 192 195 455 1105 
5053 620 150 402 980 
5054 127 172 965 1121 
5055 345 545 1138 1143 
5056 560 405 663 948 
5057 389 407 473 1136 
5058 444 400 254 1134 
5059 447 934 126 1121 
5060 691 966 692 1146 
5061 127 172 128 965 
5062 987 1097 841 1147 
5063 723 753 772 1125 
5064 275 958 429 1116 
5065 485 234 231 1023 
5066 595 965 172 1121 
5067 641 577 413 1037 
5068 475 200 197 1078 
5069 490 420 491 1083 
5070 400 336 540 969 
5071 143 655 423 1150 
5072 469 468 113 1047 
5073 545 912 1138 1143 
5074 570 571 621 679 
5075 769 674 156 1033 
5076 733 987 729 1150 
5077 403 534 536 1132 
5078 704 722 711 986 
5079 340 444 1035 1134 
5080 840 913 1107 1110 
5081 706 758 721 1017 
5082 181 183 184 934 
5083 824 1040 1027 1140 
5084 369 368 370 952 
5085 939 1133 817 1153 
5086 220 217 611 1005 
5087 788 551 593 1060 
5088 468 555 466 970 
5089 346 404 353 977 
5090 630 408 659 1063 
5091 786 591 671 798 
5092 408 353 404 1063 
5093 675 533 142 587 
5094 297 288 296 988 
5095 289 575 287 1034 
5096 884 1046 918 1147 
5097 729 987 730 1147 
5098 380 329 405 948 
5099 755 1098 699 1155 
5100 337 347 524 954 
5101 884 1097 987 1147 
5102 738 768 677 1060 
5103 454 423 655 1150 
5104 284 287 283 1156 
5105 500 383 389 1059 
5106 730 729 733 987 
5107 165 782 73 668 
5108 841 963 1054 1097 
5109 391 322 323 927 
5110 126 447 151 934 
5111 341 589 339 1075 
5112 710 760 759 1075 
5113 414 598 1099 1126 
5114 488 230 232 1069 
5115 812 1084 1011 1119 
5116 355 480 479 1007 
5117 755 699 756 1155 
5118 296 288 287 1071 
5119 388 383 387 1123 
5120 430 478 611 1065 
5121 699 700 705 1155 
5122 728 763 797 1041 
5123 191 190 192 1105 
5124 765 786 155 787 
5125 249 502 538 1032 
5126 571 169 774 1143 
5127 734 735 720 953 
5128 720 707 706 1080 
5129 229 227 228 1100 
5130 740 770 725 998 
5131 509 529 1050 1102 
5132 500 473 271 1059 
5133 142 629 670 483 
5134 434 438 349 1026 
5135 275 240 429 958 
5136 407 406 665 998 
5137 607 431 1089 1117 
5138 384 324 577 1037 
5139 699 696 695 1098 
5140 657 486 487 1108 
5141 3 128 594 809 
5142 731 762 771 1091 
5143 324 306 633 1037 
5144 137 635 553 1010 
5145 910 811 1082 1152 
5146 141 1047 113 1139 
5147 639 440 522 933 
5148 708 714 715 976 
5149 460 458 618 1135 
5150 723 722 752 1074 
5151 476 203 569 1120 
5152 219 443 222 1085 
5153 150 620 565 980 
5154 246 226 507 1045 
5155 164 528 643 1139 
5156 664 565 620 1114 
5157 718 762 731 1086 
5158 314 301 282 1002 
5159 224 435 443 1004 
5160 352 564 581 1159 
5161 462 181 184 934 
5162 712 708 757 1046 
5163 591 786 155 798 
5164 843 1101 958 1116 
5165 257 245 251 997 
5166 482 432 307 971 
5167 1011 1084 903 1119 
5168 756 705 713 1155 
5169 333 332 331 991 
5170 414 1099 323 1126 
5171 226 223 222 984 
5172 807 175 130 809 
5173 107 108 451 1055 
5174 544 330 279 1015 
5175 161 124 123 1103 
5176 138 487 122 1108 
5177 117 116 557 962 
5178 424 176 177 965 
5179 212 211 210 1144 
5180 760 710 764 954 
5181 264 285 263 1130 
5182 781 483 670 772 
5183 226 227 223 984 
5184 667 774 169 1143 
5185 791 144 679 761 
5186 514 513 616 1142 
5187 319 289 284 1156 
5188 680 804 773 582 
5189 356 317 318 1087 
5190 212 213 211 989 
5191 768 738 739 1110 
5192 837 1129 938 1160 
5193 630 517 410 1012 
5194 623 508 386 1089 
5195 413 391 323 1099 
5196 431 378 506 1053 
5197 839 1034 929 1156 
5198 1020 1107 913 1110 
5199 537 538 502 1032 
5200 839 1071 1034 1156 
5201 773 680 582 1091 
5202 230 481 227 1069 
5203 121 487 486 1108 
5204 312 546 323 1126 
5205 371 377 392 1022 
5206 534 328 293 1094 
5207 296 539 297 988 
5208 536 434 351 992 
5209 801 738 777 980 
5210 499 179 178 965 
5211 749 687 790 1020 
5212 153 108 109 968 
5213 449 448 157 1024 
5214 254 239 445 1042 
5215 445 239 241 995 
5216 399 454 655 1150 
5217 685 780 790 1157 
5218 298 644 491 1039 
5219 895 1092 966 1146 
5220 813 1062 981 1104 
5221 396 484 519 1097 
5222 165 668 565 1114 
5223 459 458 460 1135 
5224 926 927 1099 1126 
5225 558 627 174 1157 
5226 120 137 553 1010 
5227 236 435 1004 1129 
5228 896 1071 988 1153 
5229 345 576 545 1143 
5230 117 158 116 962 
5231 567 529 372 1102 
5232 700 695 751 1127 
5233 627 780 676 1157 
5234 566 778 782 165 
5235 162 592 421 1118 
5236 200 418 306 1078 
5237 804 167 773 582 
5238 510 1050 141 1139 
5239 390 629 482 1125 
5240 485 229 495 1100 
5241 342 340 343 1035 
5242 663 405 329 948 
5243 498 182 499 1121 
5244 431 1053 623 1089 
5245 428 429 430 1116 
5246 128 172 594 965 
5247 782 74 566 165 
5248 414 609 598 1126 
5249 471 139 477 985 
5250 595 172 498 1121 
5251 622 159 810 807 
5252 709 764 710 1115 
5253 809 175 129 645 
5254 504 422 503 1103 
5255 171 447 127 1121 
5256 588 611 214 1065 
5257 733 795 730 987 
5258 340 338 444 1134 
5259 156 68 562 674 
5260 307 280 520 1031 
5261 120 119 137 1010 
5262 627 170 780 1157 
5263 576 169 571 1143 
5264 773 582 167 1091 
5265 899 957 1133 1144 
5266 430 1065 588 1068 
5267 766 750 693 1048 
5268 209 210 211 1144 
5269 513 1056 616 1142 
5270 547 268 274 1057 
5271 67 562 780 170 
5272 800 775 142 670 
5273 731 724 718 1086 
5274 499 178 656 965 
5275 384 577 641 1037 
5276 179 177 178 965 
5277 976 1127 845 1149 
5278 286 315 285 1130 
5279 476 569 563 1120 
5280 114 113 141 1047 
5281 67 562 674 780 
5282 669 102 166 802 
5283 566 778 74 782 
5284 849 1123 998 1137 
5285 765 764 728 1145 
5286 284 289 287 1156 
5287 413 598 140 1099 
5288 424 175 176 965 
5289 607 379 431 1117 
5290 293 274 269 1043 
5291 787 155 765 574 
5292 108 646 560 1055 
5293 276 496 495 1003 
5294 693 750 690 1048 
5295 659 408 404 1063 
5296 206 204 205 1014 
5297 834 1089 1053 1117 
5298 219 222 218 1085 
5299 742 689 747 1013 
5300 246 228 226 1045 
5301 558 448 449 1024 
5302 884 1147 987 1150 
5303 606 175 424 171 
5304 115 477 139 985 
5305 964 1059 849 1123 
5306 197 199 195 996 
5307 395 307 432 971 
5308 697 702 754 1124 
5309 506 202 201 1053 
5310 510 529 141 1050 
5311 467 638 584 1061 
5312 808 135 613 594 
5313 630 474 517 1012 
5314 280 307 300 1031 
5315 292 458 459 1135 
5316 238 478 429 1101 
5317 741 759 761 1075 
5318 175 129 130 809 
5319 171 606 447 1121 
5320 546 312 375 1008 
5321 359 361 360 1049 
5322 657 487 411 1108 
5323 238 239 237 1093 
5324 416 155 574 1145 
5325 197 195 196 996 
5326 290 313 310 1000 
5327 603 167 582 1091 
5328 607 394 635 1089 
5329 388 406 389 1123 
5330 68 156 769 674 
5331 562 654 660 1033 
5332 581 636 169 667 
5333 522 350 311 1064 
5334 414 413 323 1099 
5335 483 482 629 1125 
5336 565 165 73 668 
5337 563 490 586 1083 
5338 273 268 547 1057 
5339 649 387 433 1036 
5340 581 147 743 1159 
5341 510 509 529 1050 
5342 292 186 189 1135 
5343 627 780 66 676 
5344 605 665 406 998 
5345 594 172 595 965 
5346 645 171 128 965 
5347 493 596 492 1117 
5348 170 780 66 627 
5349 224 236 435 1004 
5350 390 533 629 1041 
5351 681 100 785 605 
5352 534 403 328 1094 
5353 445 662 254 1042 
5354 147 793 743 1159 
5355 746 727 770 1137 
5356 525 438 434 1026 
5357 501 502 437 1128 
5358 644 586 491 1083 
5359 516 367 428 961 
5360 642 147 564 1159 
5361 614 649 433 1036 
5362 510 141 528 1139 
5363 748 687 749 1020 
5364 499 656 595 965 
5365 616 513 393 1056 
5366 239 240 241 995 
5367 262 272 255 1025 
5368 690 691 692 1146 
5369 535 235 532 1088 
5370 274 294 308 1073 
5371 501 358 502 1128 
5372 103 619 796 669 
5373 364 372 509 1102 
5374 430 429 478 1101 
5375 484 396 454 1097 
5376 581 743 147 636 
5377 594 808 135 809 
5378 636 581 743 667 
5379 733 672 792 1150 
5380 289 321 575 1034 
5381 570 621 144 679 
5382 324 633 577 1037 
5383 399 573 398 1028 
5384 739 716 767 993 
5385 238 237 225 1093 
5386 527 373 526 1081 
5387 669 102 568 166 
5388 166 101 785 802 
5389 368 513 514 1142 
5390 389 473 500 1059 
5391 363 513 368 1142 
5392 602 404 346 977 
5393 798 764 765 1145 
5394 142 675 775 800 
5395 678 146 76 573 
5396 475 419 200 1078 
5397 584 453 515 1061 
5398 729 713 712 1147 
5399 561 785 100 605 
5400 788 677 768 1060 
5401 581 564 147 1159 
5402 3 128 809 645 
5403 321 637 575 1034 
5404 681 770 740 998 
5405 127 447 126 1121 
5406 683 1 104 796 
5407 772 800 763 1125 
5408 616 653 442 1056 
5409 570 545 571 1143 
5410 106 448 105 1109 
5411 609 546 158 1126 
5412 398 573 639 1028 
5413 599 655 143 1150 
5414 593 150 71 677 
5415 362 361 359 1049 
5416 311 310 522 1064 
5417 430 588 516 1068 
5418 356 615 417 1087 
5419 518 517 407 1136 
5420 617 419 476 1120 
5421 732 712 757 1046 
5422 603 642 409 1091 
5423 548 640 498 1121 
5424 221 588 212 1068 
5425 668 782 803 1114 
5426 383 388 389 1123 
5427 559 110 148 1072 
5428 141 113 643 1139 
5429 107 646 108 1055 
5430 772 763 723 1125 
5431 664 439 165 1114 
5432 283 288 530 1071 
5433 488 232 266 1113 
5434 777 71 150 677 
5435 593 70 788 677 
5436 688 691 690 1146 
5437 488 481 230 1069 
5438 509 372 529 1102 
5439 714 700 751 1127 
5440 788 551 70 593 
5441 735 771 762 1159 
5442 776 678 76 573 
5443 236 426 435 1129 
5444 193 305 295 1118 
5445 390 334 533 1041 
5446 565 72 777 668 
5447 431 623 386 1089 
5448 545 342 345 1138 
5449 645 175 171 965 
5450 773 673 167 804 
5451 685 676 780 1157 
5452 283 287 288 1071 
5453 660 156 562 1033 
5454 419 418 200 1078 
5455 155 416 524 1145 
5456 127 126 548 1121 
5457 455 456 191 1105 
5458 559 148 417 1072 
5459 743 793 771 1159 
5460 400 444 338 1134 
5461 768 739 749 1110 
5462 526 535 532 1088 
5463 504 612 422 1103 
5464 232 235 266 1113 
5465 299 298 297 1039 
5466 159 176 131 807 
5467 421 592 385 1118 
5468 696 699 755 1098 
5469 619 103 568 669 
5470 345 342 344 1138 
5471 653 516 221 1068 
5472 642 603 582 1091 
5473 431 506 623 1053 
5474 736 801 803 1114 
5475 774 667 734 1143 
5476 294 572 308 1073 
5477 495 229 228 1100 
5478 161 123 554 1103 
5479 707 720 762 1080 
5480 729 730 713 1147 
5481 593 551 402 1060 
5482 674 769 790 1033 
5483 678 75 146 566 
5484 476 563 617 1120 
5485 114 469 113 1047 
5486 579 682 80 784 
5487 493 492 379 1117 
5488 504 161 612 1103 
5489 759 760 761 1075 
5490 286 285 264 1130 
5491 654 170 558 1157 
5492 599 399 655 1150 
5493 170 627 558 1157 
5494 619 104 1 796 
5495 774 734 741 1143 
5496 403 536 441 1132 
5497 135 3 594 809 
5498 80 168 682 579 
5499 770 727 725 1137 
5500 546 414 323 1126 
5501 473 407 517 1136 
5502 493 379 607 1117 
5503 122 487 121 1108 
5504 299 644 298 1039 
5505 561 101 785 166 
5506 428 275 429 1116 
5507 638 453 584 1061 
5508 192 455 191 1105 
5509 551 401 402 1060 
5510 65 661 676 683 
5511 524 416 335 1145 
5512 803 801 668 1114 
5513 122 121 162 1108 
5514 703 709 710 1115 
5515 733 729 799 1150 
5516 431 386 607 1089 
5517 356 417 317 1087 
5518 780 66 67 170 
5519 607 386 394 1089 
5520 804 97 673 578 
5521 678 778 75 566 
5522 457 292 189 1135 
5523 527 583 373 1081 
5524 152 99 779 605 
5525 77 776 573 599 
5526 161 554 612 1103 
5527 428 427 275 1116 
5528 779 99 681 605 
5529 441 620 403 1132 
5530 201 623 506 1053 
5531 699 705 756 1155 
5532 777 150 72 565 
5533 588 430 611 1065 
5534 156 69 68 769 
5535 436 426 236 1129 
5536 498 172 548 1121 
5537 165 565 664 1114 
5538 599 78 672 792 
5539 457 458 292 1135 
5540 784 79 143 792 
5541 771 735 743 1159 
5542 804 167 97 578 
5543 545 576 571 1143 
5544 143 78 599 792 
5545 571 169 92 774 
5546 614 106 105 1109 
5547 516 588 221 1068 
5548 616 393 653 1056 
5549 414 598 413 1099 
5550 582 95 147 793 
5551 771 680 773 1091 
5552 643 528 141 1139 
5553 773 731 771 1091 
5554 673 167 804 578 
5555 582 680 95 793 
5556 127 548 172 1121 
5557 733 799 672 1150 
5558 586 490 491 1083 
5559 87 786 591 671 
5560 661 627 65 676 
5561 776 77 672 599 
5562 661 1 104 683 
5563 568 103 102 669 
5564 88 590 783 671 
5565 590 88 591 671 
5566 779 98 152 578 
5567 305 421 385 1118 
5568 667 92 169 774 
5569 83 142 775 670 
5570 79 143 579 784 
5571 176 130 131 807 
5572 810 159 131 807 
5573 546 609 414 1126 
5574 160 134 808 810 
5575 587 675 84 775 
5576 808 613 134 160 
5577 782 73 74 165 
5578 295 305 385 1118 
5579 627 66 65 676 
5580 86 155 786 787 
5581 76 77 776 573 
5582 779 673 98 578 
5583 624 781 81 682 
5584 791 144 90 621 
5585 168 624 81 682 
5586 71 70 593 677 
5587 579 80 79 784 
5588 131 132 159 810 
5589 786 155 87 591 
5590 167 97 96 804 
5591 785 100 101 561 
5592 72 71 150 777 
5593 81 80 168 682 
5594 73 72 565 668 
5595 781 82 483 624 
5596 778 74 75 566 
5597 483 670 82 781 
5598 89 144 90 791 
5599 93 94 743 636 
5600 133 134 160 810 
5601 590 89 88 783 
5602 661 65 1 683 
5603 551 70 69 788 
5604 84 142 587 775 
5605 621 90 791 679 
5606 91 90 621 679 
5607 562 68 67 674 
5608 83 142 670 483 
5609 587 142 675 775 
5610 670 82 83 483 
5611 92 91 571 774 
5612 743 94 147 636 
5613 169 636 93 667 
5614 791 144 621 679 
5615 152 99 98 779 
5616 78 143 79 792 
5617 147 95 94 793 
5618 804 96 167 582 
5619 591 88 87 671 
5620 681 99 100 605 
5621 743 147 94 793 
5622 673 97 98 578 
5623 132 622 159 810 
5624 636 743 93 667 
5625 96 804 680 582 
5626 87 86 155 786 
5627 81 82 781 624 
5628 675 84 85 587 
5629 672 77 78 599 
5630 93 92 169 667 
5631 86 155 787 574 
5632 83 142 84 775 
5633 75 146 76 678 
5634 95 96 680 582 
5635 619 1 103 796 
5636 809 129 3 645 
5637 102 101 166 802 
5638 160 622 133 810 
5639 613 134 135 808 
5640 787 85 86 574 
5641 622 132 133 810 
5642 954 338 969 337 
5643 954 969 338 851 
5644 988 471 892 472 
5645 988 892 471 985 
5646 943 937 978 847 
5647 943 978 937 822 
5648 942 1124 766 717 
5649 766 1124 942 852 
5650 1091 794 167 773 
5651 1091 167 794 886 
5652 1128 821 848 909 
5653 1128 848 821 922 
5654 1013 684 967 742 
5655 1013 967 684 947 
5656 385 850 592 394 
5657 592 850 385 1118 
5658 886 673 740 518 
5659 886 740 673 794 
5660 1128 357 1049 359 
5661 1128 1049 357 909 
5662 1061 1090 916 818 
5663 916 1090 1061 968 
5664 1137 747 726 905 
5665 1137 726 747 727 
5666 1015 281 938 330 
5667 1015 938 281 865 
5668 850 295 385 1118 
5669 1018 625 995 861 
5670 1018 995 625 243 
5671 896 1153 1039 817 
5672 896 1039 1153 988 
5673 866 1039 1153 817 
5674 866 1153 1039 988 
5675 1024 875 1096 911 
5676 1024 1096 875 951 
5677 1089 295 385 850 
5678 1089 385 295 386 
5679 985 634 988 866 
5680 985 988 634 471 
5681 1146 979 824 966 
5682 1146 824 979 1048 
5683 965 622 159 178 
5684 965 159 622 807 
5685 964 381 1059 383 
5686 964 1059 381 923 
5687 807 160 810 622 
5688 807 810 160 808 
5689 1087 511 357 356 
5690 1087 357 511 903 
5691 1114 737 778 803 
5692 1114 778 737 933 
5693 443 1015 435 544 
5694 435 1015 443 1004 
5695 835 1142 975 859 
5696 975 1142 835 1056 
5697 953 353 1159 893 
5698 953 1159 353 352 
5699 1032 1151 909 949 
5700 909 1151 1032 821 
5701 1080 721 706 720 
5702 1080 706 721 1017 
5703 1157 543 1033 853 
5704 1157 1033 543 654 
5705 1146 1013 1048 689 
5706 1146 1048 1013 854 
5707 439 992 441 351 
5708 441 992 439 864 
5709 933 146 1028 639 
5710 933 1028 146 678 
5711 1087 877 531 949 
5712 1087 531 877 1072 
5713 1036 608 967 649 
5714 1036 967 608 867 
5715 1046 1000 1054 830 
5716 1046 1054 1000 884 
5717 985 1079 962 866 
5718 962 1079 985 863 
5719 666 1002 868 314 
5720 868 1002 666 896 
5721 868 420 666 314 
5722 666 420 868 896 
5723 1020 688 895 748 
5724 1020 895 688 944 
5725 1025 271 474 870 
5726 1025 474 271 262 
5727 1077 1025 994 829 
5728 1077 994 1025 870 
5729 1073 327 881 294 
5730 1073 881 327 951 
5731 1069 943 915 847 
5732 1069 915 943 880 
5733 1091 658 410 603 
5734 1091 410 658 886 
5735 1122 1155 841 918 
5736 841 1155 1122 890 
5737 969 1115 954 887 
5738 954 1115 969 851 
5739 1087 357 318 356 
5740 1087 318 357 909 
5741 1006 1034 892 970 
5742 892 1034 1006 839 
5743 1066 983 860 837 
5744 1066 860 983 900 
5745 196 1053 508 201 
5746 508 1053 196 996 
5747 1139 511 955 528 
5748 1139 955 511 903 
5749 615 955 511 528 
5750 615 511 955 903 
5751 628 1036 154 433 
5752 154 1036 628 878 
5753 1034 555 892 970 
5754 1034 892 555 637 
5755 1118 550 422 885 
5756 1118 422 550 305 
5757 1062 1080 897 941 
5758 897 1080 1062 838 
5759 1147 732 712 729 
5760 1147 712 732 1046 
5761 1145 533 334 1041 
5762 1145 334 533 416 
5763 555 1047 468 469 
5764 468 1047 555 970 
5765 1119 1001 812 960 
5766 1119 812 1001 1011 
5767 1061 464 465 916 
5768 1061 465 464 584 
5769 1125 805 753 772 
5770 1125 753 805 971 
5771 1085 223 937 984 
5772 1085 937 223 218 
5773 1056 961 835 975 
5774 1056 835 961 1068 
5775 1014 415 610 205 
5776 1014 610 415 936 
5777 1087 559 955 615 
5778 1087 955 559 1072 
5779 1043 270 534 906 
5780 1043 534 270 269 
5781 216 1083 420 490 
5782 420 1083 216 957 
5783 793 1091 1159 642 
5784 1159 1091 793 771 
5785 1008 1079 962 819 
5786 962 1079 1008 866 
5787 157 1109 448 106 
5788 448 1109 157 1024 
5789 1142 365 1056 975 
5790 1142 1056 365 513 
5791 1140 814 860 1027 
5792 1140 860 814 950 
5793 1110 895 748 1020 
5794 1110 748 895 993 
5795 918 883 1127 1149 
5796 1127 883 918 1155 
5797 805 624 1125 432 
5798 805 1125 624 781 
5799 483 1125 624 432 
5800 483 624 1125 781 
5801 1136 474 1059 1012 
5802 1136 1059 474 473 
5803 551 769 69 156 
5804 69 769 551 788 
5805 1126 312 927 323 
5806 1126 927 312 1008 
5807 1075 144 590 761 
5808 1075 590 144 589 
5809 1100 1111 1051 880 
5810 1051 1111 1100 831 
5811 411 384 1108 325 
5812 1108 384 411 657 
5813 1065 428 516 430 
5814 1065 516 428 961 
5815 1126 118 117 609 
5816 1126 117 118 926 
5817 1085 217 220 1005 
5818 1085 220 217 219 
5819 1143 169 953 576 
5820 1143 953 169 667 
5821 581 953 169 576 
5822 581 169 953 667 
5823 441 992 536 351 
5824 441 536 992 1132 
5825 1126 598 118 609 
5826 1126 118 598 1099 
5827 641 657 1108 486 
5828 1108 657 641 384 
5829 641 1108 850 486 
5830 850 1108 641 384 
5831 1037 850 641 384 
5832 518 578 740 152 
5833 518 740 578 673 
5834 779 740 578 152 
5835 779 578 740 673 
5836 1157 674 790 1033 
5837 1157 790 674 780 
5838 605 785 998 561 
5839 605 998 785 681 
5840 792 599 1150 672 
5841 792 1150 599 143 
5842 675 574 85 787 
5843 85 574 675 587 
5844 679 571 91 774 
5845 679 91 571 621 
5846 144 783 89 590 
5847 89 783 144 791 
5848 850 641 1010 1037 
5849 850 1010 641 486 
$EndElements
