$MeshFormat
2.2 0 8
$EndMeshFormat
$PhysicalNames
6
2 6 "fluid_structure_interface"
3 1 "Bottom_Steel"
3 2 "Rubber"
3 3 "Top_Steel"
3 4 "Resonator"
3 5 "Fluid"
$EndPhysicalNames
$Nodes
573
1 0.119 0.06949999999999999 0.0015
2 0.119 0.06949999999999999 0
3 0.119 0.06949999999999999 0.004
4 0.119 0.06949999999999999 0.0025
5 0.07300000000000001 0.06950000000000001 0.0055
6 0.07300000000000001 0.06950000000000001 0.0025
7 0 0 0
8 0 0 0.0015
9 0 0.139 0.0015
10 0 0.139 0
11 0.136 0 0
12 0.136 0 0.0015
13 0.136 0.139 0.0015
14 0.136 0.139 0
15 0 0 0.0025
16 0 0.139 0.0025
17 0.136 0 0.0025
18 0.136 0.139 0.0025
19 0 0 0.004
20 0 0.139 0.004
21 0.136 0 0.004
22 0.136 0.139 0.004
23 0 0 -0.005
24 0 0.139 -0.005
25 0.136 0 -0.005
26 0.136 0.139 -0.005
27 0 0 0.009999999999999998
28 0 0.139 0.009999999999999998
29 0.136 0 0.009999999999999998
30 0.136 0.139 0.009999999999999998
31 0.1155560836996222 0.08792332497554475 0.0015
32 0.1056894547782537 0.1038584778259743 0.0015
33 0.09073265614460359 0.1151533278591081 0.0015
34 0.07270568633262858 0.1202824429910467 0.0015
35 0.05404318750632403 0.1185531078018139 0.0015
36 0.03726563354465819 0.1101988785912924 0.0015
37 0.02463892607778986 0.09634804030674543 0.0015
38 0.01786837191612109 0.07887122540864547 0.0015
39 0.01786837191612094 0.06012877459135531 0.0015
40 0.0246389260777895 0.04265195969325516 0.0015
41 0.03726563354465767 0.02880112140870799 0.0015
42 0.05404318750632355 0.0204468921981863 0.0015
43 0.07270568633262821 0.01871755700895323 0.0015
44 0.0907326561446033 0.02384667214089176 0.0015
45 0.1056894547782535 0.03514152217402546 0.0015
46 0.1155560836996221 0.05107667502445516 0.0015
47 0.1155560836996222 0.08792332497554475 0
48 0.1056894547782537 0.1038584778259743 0
49 0.09073265614460359 0.1151533278591081 0
50 0.07270568633262858 0.1202824429910467 0
51 0.05404318750632403 0.1185531078018139 0
52 0.03726563354465819 0.1101988785912924 0
53 0.02463892607778986 0.09634804030674543 0
54 0.01786837191612109 0.07887122540864547 0
55 0.01786837191612094 0.06012877459135531 0
56 0.0246389260777895 0.04265195969325516 0
57 0.03726563354465767 0.02880112140870799 0
58 0.05404318750632355 0.0204468921981863 0
59 0.07270568633262821 0.01871755700895323 0
60 0.0907326561446033 0.02384667214089176 0
61 0.1056894547782535 0.03514152217402546 0
62 0.1155560836996221 0.05107667502445516 0
63 0.1155560836996222 0.08792332497554475 0.004
64 0.1056894547782537 0.1038584778259743 0.004
65 0.09073265614460359 0.1151533278591081 0.004
66 0.07270568633262858 0.1202824429910467 0.004
67 0.05404318750632403 0.1185531078018139 0.004
68 0.03726563354465819 0.1101988785912924 0.004
69 0.02463892607778986 0.09634804030674543 0.004
70 0.01786837191612109 0.07887122540864547 0.004
71 0.01786837191612094 0.06012877459135531 0.004
72 0.0246389260777895 0.04265195969325516 0.004
73 0.03726563354465767 0.02880112140870799 0.004
74 0.05404318750632355 0.0204468921981863 0.004
75 0.07270568633262821 0.01871755700895323 0.004
76 0.0907326561446033 0.02384667214089176 0.004
77 0.1056894547782535 0.03514152217402546 0.004
78 0.1155560836996221 0.05107667502445516 0.004
79 0.1155560836996222 0.08792332497554475 0.0025
80 0.1056894547782537 0.1038584778259743 0.0025
81 0.09073265614460359 0.1151533278591081 0.0025
82 0.07270568633262858 0.1202824429910467 0.0025
83 0.05404318750632403 0.1185531078018139 0.0025
84 0.03726563354465819 0.1101988785912924 0.0025
85 0.02463892607778986 0.09634804030674543 0.0025
86 0.01786837191612109 0.07887122540864547 0.0025
87 0.01786837191612094 0.06012877459135531 0.0025
88 0.0246389260777895 0.04265195969325516 0.0025
89 0.03726563354465767 0.02880112140870799 0.0025
90 0.05404318750632355 0.0204468921981863 0.0025
91 0.07270568633262821 0.01871755700895323 0.0025
92 0.0907326561446033 0.02384667214089176 0.0025
93 0.1056894547782535 0.03514152217402546 0.0025
94 0.1155560836996221 0.05107667502445516 0.0025
95 0.07111744900929368 0.07340915741234015 0.0055
96 0.06688739533021845 0.07437463956090913 0.0055
97 0.06349515566048791 0.07166941869558782 0.0055
98 0.0634951556604879 0.06733058130441225 0.0055
99 0.06688739533021841 0.0646253604390909 0.0055
100 0.07111744900929366 0.06559084258765985 0.0055
101 0.07111744900929368 0.07340915741234015 0.0025
102 0.06688739533021845 0.07437463956090913 0.0025
103 0.06349515566048791 0.07166941869558782 0.0025
104 0.0634951556604879 0.06733058130441225 0.0025
105 0.06688739533021841 0.0646253604390909 0.0025
106 0.07111744900929366 0.06559084258765985 0.0025
107 0 0.017375 0.0015
108 0 0.03475 0.0015
109 0 0.05212500000000002 0.0015
110 0 0.06950000000000005 0.0015
111 0 0.08687500000000006 0.0015
112 0 0.1042500000000001 0.0015
113 0 0.121625 0.0015
114 0 0.017375 0
115 0 0.03475 0
116 0 0.05212500000000002 0
117 0 0.06950000000000005 0
118 0 0.08687500000000006 0
119 0 0.1042500000000001 0
120 0 0.121625 0
121 0.01942857142857146 0 0
122 0.03885714285714291 0 0
123 0.05828571428571441 0 0
124 0.07771428571428586 0 0
125 0.09714285714285723 0 0
126 0.1165714285714286 0 0
127 0.01942857142857146 0 0.0015
128 0.03885714285714291 0 0.0015
129 0.05828571428571441 0 0.0015
130 0.07771428571428586 0 0.0015
131 0.09714285714285723 0 0.0015
132 0.1165714285714286 0 0.0015
133 0.01942857142857146 0.139 0.0015
134 0.03885714285714291 0.139 0.0015
135 0.05828571428571441 0.139 0.0015
136 0.07771428571428586 0.139 0.0015
137 0.09714285714285723 0.139 0.0015
138 0.1165714285714286 0.139 0.0015
139 0.136 0.017375 0.0015
140 0.136 0.03475 0.0015
141 0.136 0.05212500000000002 0.0015
142 0.136 0.06950000000000005 0.0015
143 0.136 0.08687500000000006 0.0015
144 0.136 0.1042500000000001 0.0015
145 0.136 0.121625 0.0015
146 0.01942857142857146 0.139 0
147 0.03885714285714291 0.139 0
148 0.05828571428571441 0.139 0
149 0.07771428571428586 0.139 0
150 0.09714285714285723 0.139 0
151 0.1165714285714286 0.139 0
152 0.136 0.017375 0
153 0.136 0.03475 0
154 0.136 0.05212500000000002 0
155 0.136 0.06950000000000005 0
156 0.136 0.08687500000000006 0
157 0.136 0.1042500000000001 0
158 0.136 0.121625 0
159 0 0.017375 0.0025
160 0 0.03475 0.0025
161 0 0.05212500000000002 0.0025
162 0 0.06950000000000005 0.0025
163 0 0.08687500000000006 0.0025
164 0 0.1042500000000001 0.0025
165 0 0.121625 0.0025
166 0.136 0.017375 0.0025
167 0.136 0.03475 0.0025
168 0.136 0.05212500000000002 0.0025
169 0.136 0.06950000000000005 0.0025
170 0.136 0.08687500000000006 0.0025
171 0.136 0.1042500000000001 0.0025
172 0.136 0.121625 0.0025
173 0.01942857142857146 0 0.0025
174 0.03885714285714291 0 0.0025
175 0.05828571428571441 0 0.0025
176 0.07771428571428586 0 0.0025
177 0.09714285714285723 0 0.0025
178 0.1165714285714286 0 0.0025
179 0.01942857142857146 0.139 0.0025
180 0.03885714285714291 0.139 0.0025
181 0.05828571428571441 0.139 0.0025
182 0.07771428571428586 0.139 0.0025
183 0.09714285714285723 0.139 0.0025
184 0.1165714285714286 0.139 0.0025
185 0 0.017375 0.004
186 0 0.03475 0.004
187 0 0.05212500000000002 0.004
188 0 0.06950000000000005 0.004
189 0 0.08687500000000006 0.004
190 0 0.1042500000000001 0.004
191 0 0.121625 0.004
192 0.01942857142857146 0 0.004
193 0.03885714285714291 0 0.004
194 0.05828571428571441 0 0.004
195 0.07771428571428586 0 0.004
196 0.09714285714285723 0 0.004
197 0.1165714285714286 0 0.004
198 0.01942857142857146 0.139 0.004
199 0.03885714285714291 0.139 0.004
200 0.05828571428571441 0.139 0.004
201 0.07771428571428586 0.139 0.004
202 0.09714285714285723 0.139 0.004
203 0.1165714285714286 0.139 0.004
204 0.136 0.017375 0.004
205 0.136 0.03475 0.004
206 0.136 0.05212500000000002 0.004
207 0.136 0.06950000000000005 0.004
208 0.136 0.08687500000000006 0.004
209 0.136 0.1042500000000001 0.004
210 0.136 0.121625 0.004
211 0 0.017375 -0.005
212 0 0.03475 -0.005
213 0 0.05212500000000002 -0.005
214 0 0.06950000000000005 -0.005
215 0 0.08687500000000006 -0.005
216 0 0.1042500000000001 -0.005
217 0 0.121625 -0.005
218 0.01942857142857146 0 -0.005
219 0.03885714285714291 0 -0.005
220 0.05828571428571441 0 -0.005
221 0.07771428571428586 0 -0.005
222 0.09714285714285723 0 -0.005
223 0.1165714285714286 0 -0.005
224 0.01942857142857146 0.139 -0.005
225 0.03885714285714291 0.139 -0.005
226 0.05828571428571441 0.139 -0.005
227 0.07771428571428586 0.139 -0.005
228 0.09714285714285723 0.139 -0.005
229 0.1165714285714286 0.139 -0.005
230 0.136 0.017375 -0.005
231 0.136 0.03475 -0.005
232 0.136 0.05212500000000002 -0.005
233 0.136 0.06950000000000005 -0.005
234 0.136 0.08687500000000006 -0.005
235 0.136 0.1042500000000001 -0.005
236 0.136 0.121625 -0.005
237 0 0.017375 0.009999999999999998
238 0 0.03475 0.009999999999999998
239 0 0.05212500000000002 0.009999999999999998
240 0 0.06950000000000005 0.009999999999999998
241 0 0.08687500000000006 0.009999999999999998
242 0 0.1042500000000001 0.009999999999999998
243 0 0.121625 0.009999999999999998
244 0.01942857142857146 0 0.009999999999999998
245 0.03885714285714291 0 0.009999999999999998
246 0.05828571428571441 0 0.009999999999999998
247 0.07771428571428586 0 0.009999999999999998
248 0.09714285714285723 0 0.009999999999999998
249 0.1165714285714286 0 0.009999999999999998
250 0.01942857142857146 0.139 0.009999999999999998
251 0.03885714285714291 0.139 0.009999999999999998
252 0.05828571428571441 0.139 0.009999999999999998
253 0.07771428571428586 0.139 0.009999999999999998
254 0.09714285714285723 0.139 0.009999999999999998
255 0.1165714285714286 0.139 0.009999999999999998
256 0.136 0.017375 0.009999999999999998
257 0.136 0.03475 0.009999999999999998
258 0.136 0.05212500000000002 0.009999999999999998
259 0.136 0.06950000000000005 0.009999999999999998
260 0.136 0.08687500000000006 0.009999999999999998
261 0.136 0.1042500000000001 0.009999999999999998
262 0.136 0.121625 0.009999999999999998
263 0.0725048443395121 0.06733058130441222 0.003915916972102106
264 0.06488255099070635 0.07340915741234016 0.004005488588393829
265 0.0725048443395121 0.07166941869558781 0.004084083027897891
266 0.06911260466978156 0.06462536043909088 0.00399451141160617
267 0.06488255099070632 0.06559084258765988 0.00400548858839383
268 0.063 0.06950000000000003 0.00399451141160617
269 0.06911260466978159 0.07437463956090912 0.004005488588393829
270 0.068 0.06950000000000001 0.0055
271 0.068 0.06950000000000001 0.0025
272 0.01664878877220239 0.1113860518214399 0.0015
273 0.01664878877220215 0.02761394817856026 0.0015
274 0.1209528086092454 0.1129375000000001 0.0015
275 0.1209528086092454 0.02606249999999998 0.0015
276 0.1059375373338431 0.1236377774584273 0.0015
277 0.105937537333843 0.01536222254157268 0.0015
278 0.0301616073841538 0.01461330446787223 0.0015
279 0.03016160738415411 0.1243866955321279 0.0015
280 0.01106873893853017 0.09555822144610743 0.0015
281 0.01106873893852996 0.0434417785538927 0.0015
282 0.1231531142538318 0.09937354116860431 0.0015
283 0.1231531142538318 0.03962645883139568 0.0015
284 0.1230449846619418 0.126688744778351 0.0015
285 0.1230449846619417 0.01231125522164901 0.0015
286 0.01292395861157234 0.01227652786459181 0.0015
287 0.01292395861157223 0.1267234721354084 0.0015
288 0.08742857142857154 0.1288263917455574 0.0015
289 0.08742857142857154 0.01017360825444256 0.0015
290 0.1266390209249055 0.07844958124388621 0.0015
291 0.1266390209249055 0.06055041875611381 0.0015
292 0.01664878877220239 0.1113860518214399 0
293 0.01664878877220215 0.02761394817856026 0
294 0.1209528086092454 0.1129375000000001 0
295 0.1209528086092454 0.02606249999999998 0
296 0.1059375373338431 0.1236377774584273 0
297 0.105937537333843 0.01536222254157268 0
298 0.0301616073841538 0.01461330446787223 0
299 0.03016160738415411 0.1243866955321279 0
300 0.01106873893853017 0.09555822144610743 0
301 0.01106873893852996 0.0434417785538927 0
302 0.1231531142538318 0.09937354116860431 0
303 0.1231531142538318 0.03962645883139568 0
304 0.1230449846619418 0.126688744778351 0
305 0.1230449846619417 0.01231125522164901 0
306 0.01292395861157234 0.01227652786459181 0
307 0.01292395861157223 0.1267234721354084 0
308 0.08742857142857154 0.1288263917455574 0
309 0.08742857142857154 0.01017360825444256 0
310 0.1266390209249055 0.07844958124388621 0
311 0.1266390209249055 0.06055041875611381 0
312 0.01664878877220239 0.1113860518214399 0.0025
313 0.01664878877220215 0.02761394817856026 0.0025
314 0.1209528086092454 0.1129375000000001 0.0025
315 0.1209528086092454 0.02606249999999998 0.0025
316 0.1059375373338431 0.1236377774584272 0.0025
317 0.105937537333843 0.01536222254157268 0.0025
318 0.0301616073841538 0.01461330446787223 0.0025
319 0.03016160738415411 0.1243866955321279 0.0025
320 0.01106873893853017 0.09555822144610743 0.0025
321 0.01106873893852996 0.0434417785538927 0.0025
322 0.1231531142538318 0.09937354116860431 0.0025
323 0.1231531142538318 0.03962645883139568 0.0025
324 0.1230449846619418 0.126688744778351 0.0025
325 0.1230449846619417 0.01231125522164901 0.0025
326 0.01292395861157234 0.01227652786459181 0.0025
327 0.01292395861157223 0.1267234721354084 0.0025
328 0.08742857142857154 0.1288263917455574 0.0025
329 0.08742857142857152 0.01017360825444255 0.0025
330 0.1266390209249055 0.07844958124388621 0.0025
331 0.1266390209249055 0.06055041875611381 0.0025
332 0.01664878877220239 0.1113860518214399 0.004
333 0.01664878877220215 0.02761394817856026 0.004
334 0.1209528086092454 0.1129375000000001 0.004
335 0.1209528086092454 0.02606249999999998 0.004
336 0.1059375373338431 0.1236377774584273 0.004
337 0.105937537333843 0.01536222254157268 0.004
338 0.0301616073841538 0.01461330446787223 0.004
339 0.03016160738415411 0.1243866955321279 0.004
340 0.01106873893853017 0.09555822144610743 0.004
341 0.01106873893852996 0.0434417785538927 0.004
342 0.1231531142538318 0.09937354116860431 0.004
343 0.1231531142538318 0.03962645883139568 0.004
344 0.1230449846619418 0.126688744778351 0.004
345 0.1230449846619417 0.01231125522164901 0.004
346 0.01292395861157234 0.01227652786459181 0.004
347 0.01292395861157223 0.1267234721354084 0.004
348 0.08742857142857154 0.1288263917455574 0.004
349 0.08742857142857152 0.01017360825444255 0.004
350 0.1266390209249055 0.07844958124388621 0.004
351 0.1266390209249055 0.06055041875611381 0.004
352 0.06774169055215767 0.01665606453791869 -0.005
353 0.1218144642236822 0.07821734168644673 -0.005
354 0.01472085969358436 0.07752818519631501 -0.005
355 0.06602239592251472 0.122230596876733 -0.005
356 0.01504719139075463 0.0434375 -0.005
357 0.1209528086092454 0.0434375 -0.005
358 0.1059723291975477 0.1218931708006762 -0.005
359 0.03008043093315872 0.1236789341548843 -0.005
360 0.1070860195252196 0.01742100131675319 -0.005
361 0.02843154103901501 0.01753670121033513 -0.005
362 0.04842722675815933 0.01674558294979305 -0.005
363 0.05801143403904738 0.03313108161812539 -0.005
364 0.07686680833528531 0.03327544938069293 -0.005
365 0.06712849532184918 0.04940597695045366 -0.005
366 0.08566777043754455 0.04967794649208219 -0.005
367 0.07607533994284837 0.06552393541227861 -0.005
368 0.05759308773315479 0.06530161397464751 -0.005
369 0.0663336935998915 0.0805754855114932 -0.005
370 0.08396131479536284 0.08077534729721261 -0.005
371 0.04837583985626109 0.08110104304124682 -0.005
372 0.04052593440181574 0.06606280652428088 -0.005
373 0.05659934464179679 0.09548004790574995 -0.005
374 0.03790540237512349 0.09571103031049819 -0.005
375 0.04760083023299088 0.1129169332998305 -0.005
376 0.09507679625268337 0.03361609473786165 -0.005
377 0.0400242129985614 0.03351881088258471 -0.005
378 0.08698740574740023 0.1223085678513426 -0.005
379 0.09679920236294745 0.1068817036407055 -0.005
380 0.1159463903508403 0.1057147875765664 -0.005
381 0.1074984568253986 0.08960748934646441 -0.005
382 0.07932959408618716 0.1080869893316597 -0.005
383 0.04908159951508255 0.04951899496331216 -0.005
384 0.08717851399346353 0.01668126568891088 -0.005
385 0.1047968843695885 0.05076865331177464 -0.005
386 0.09304439131212801 0.06580902204089274 -0.005
387 0.01816797746711085 0.09521533901756787 -0.005
388 0.1214162192981515 0.06059141583303691 -0.005
389 0.01450780592328809 0.06022470657533682 -0.005
390 0.03042582489778251 0.05056439489095259 -0.005
391 0.01474037207213052 0.1129375000000001 -0.005
392 0.01365756662643343 0.02665755497670236 -0.005
393 0.1221318450505768 0.02663597282507985 -0.005
394 0.03126750327734651 0.08151452494696448 -0.005
395 0.1089331585863927 0.06950000000000003 -0.005
396 0.1234518622799842 0.09293292372189554 -0.005
397 0.1213825082609395 0.1194561046165502 -0.005
398 0.02969900261610289 0.1080919473565562 -0.005
399 0.1100088707614627 0.03437584443829386 -0.005
400 0.04857142857142866 0.1277493850046882 -0.005
401 0.02607235185932273 0.06906387442592504 -0.005
402 0.02551726739050939 0.03434299239211496 -0.005
403 0.01293069068837454 0.1267159443866304 -0.005
404 0.123557858629445 0.01228639482836661 -0.005
405 0.01230353581880398 0.0123138512374075 -0.005
406 0.09010268251597056 0.09277138567986672 -0.005
407 0.09670800080705054 0.0796926488728873 -0.005
408 0.06458355908022946 0.1075167268284685 -0.005
409 0.07393667650076489 0.09322701226805152 -0.005
410 0.09745022469368642 0.08944300961573308 0.0015
411 0.03638901467594827 0.05725383904400864 0.0015
412 0.05147121187133309 0.1006788240646268 0.0015
413 0.08842942840079909 0.04244706473348807 0.0015
414 0.101322974398813 0.06327085651686212 0.0015
415 0.07727722723542207 0.1021060716146519 0.0015
416 0.03519674425098201 0.08334788708355093 0.0015
417 0.05288938525084039 0.039153794747614 0.0015
418 0.1002038468481129 0.04956022222232096 0.0015
419 0.06405653900808377 0.1051951672542588 0.0015
420 0.07872580688961156 0.03180269899692719 0.0015
421 0.07006457587564803 0.04645077610142368 0.0015
422 0.08471925543860342 0.05874228943727798 0.0015
423 0.06779403242393532 0.06594571544993692 0.0015
424 0.08523646412124578 0.07598175931095176 0.0015
425 0.06626035970866072 0.0874596184984965 0.0015
426 0.05031585822903411 0.07270209988509724 0.0015
427 0.0530440093419836 0.05467320661183175 0.0015
428 0.09161935288762556 0.1007770779568573 0.0015
429 0.03903566348623921 0.09590448156406675 0.0015
430 0.1037131493826735 0.07722379008381834 0.0015
431 0.06485818821029515 0.0307800604672261 0.0015
432 0.03152767219764128 0.07046076520253151 0.0015
433 0.03903566348623891 0.04309551843593369 0.0015
434 0.04887609282324552 0.08729182781168912 0.0015
435 0.08349412299627783 0.0907383209531471 0.0015
436 0.06774169055215767 0.01665606453791869 0.009999999999999998
437 0.1218144642236822 0.07821734168644673 0.009999999999999998
438 0.01472085969358436 0.07752818519631501 0.009999999999999998
439 0.06602239592251472 0.122230596876733 0.009999999999999998
440 0.01504719139075463 0.0434375 0.009999999999999998
441 0.1209528086092454 0.0434375 0.009999999999999998
442 0.1059723291975477 0.1218931708006762 0.009999999999999998
443 0.03008043093315872 0.1236789341548843 0.009999999999999998
444 0.1070860195252196 0.01742100131675319 0.009999999999999998
445 0.02843154103901501 0.01753670121033513 0.009999999999999998
446 0.04842722675815933 0.01674558294979305 0.009999999999999998
447 0.05801143403904738 0.03313108161812539 0.009999999999999998
448 0.07686680833528531 0.03327544938069293 0.009999999999999998
449 0.06712849532184918 0.04940597695045366 0.009999999999999998
450 0.08566777043754455 0.04967794649208219 0.009999999999999998
451 0.07607533994284837 0.06552393541227861 0.009999999999999998
452 0.05759308773315479 0.06530161397464751 0.009999999999999998
453 0.0663336935998915 0.0805754855114932 0.009999999999999998
454 0.08396131479536284 0.08077534729721261 0.009999999999999998
455 0.04837583985626109 0.08110104304124682 0.009999999999999998
456 0.04052593440181574 0.06606280652428088 0.009999999999999998
457 0.05659934464179679 0.09548004790574995 0.009999999999999998
458 0.03790540237512349 0.09571103031049819 0.009999999999999998
459 0.04760083023299088 0.1129169332998305 0.009999999999999998
460 0.09507679625268337 0.03361609473786165 0.009999999999999998
461 0.0400242129985614 0.03351881088258471 0.009999999999999998
462 0.08698740574740023 0.1223085678513426 0.009999999999999998
463 0.09679920236294745 0.1068817036407055 0.009999999999999998
464 0.1159463903508403 0.1057147875765664 0.009999999999999998
465 0.1074984568253986 0.08960748934646441 0.009999999999999998
466 0.07932959408618716 0.1080869893316597 0.009999999999999998
467 0.04908159951508255 0.04951899496331216 0.009999999999999998
468 0.08717851399346353 0.01668126568891088 0.009999999999999998
469 0.1047968843695885 0.05076865331177464 0.009999999999999998
470 0.09304439131212801 0.06580902204089274 0.009999999999999998
471 0.01816797746711085 0.09521533901756787 0.009999999999999998
472 0.1214162192981515 0.06059141583303691 0.009999999999999998
473 0.01450780592328809 0.06022470657533682 0.009999999999999998
474 0.03042582489778251 0.05056439489095259 0.009999999999999998
475 0.01474037207213052 0.1129375000000001 0.009999999999999998
476 0.01365756662643343 0.02665755497670236 0.009999999999999998
477 0.1221318450505768 0.02663597282507985 0.009999999999999998
478 0.03126750327734651 0.08151452494696448 0.009999999999999998
479 0.1089331585863927 0.06950000000000003 0.009999999999999998
480 0.1234518622799842 0.09293292372189554 0.009999999999999998
481 0.1213825082609395 0.1194561046165502 0.009999999999999998
482 0.02969900261610289 0.1080919473565562 0.009999999999999998
483 0.1100088707614627 0.03437584443829386 0.009999999999999998
484 0.04857142857142866 0.1277493850046882 0.009999999999999998
485 0.02607235185932273 0.06906387442592504 0.009999999999999998
486 0.02551726739050939 0.03434299239211496 0.009999999999999998
487 0.01293069068837454 0.1267159443866304 0.009999999999999998
488 0.123557858629445 0.01228639482836661 0.009999999999999998
489 0.01230353581880398 0.0123138512374075 0.009999999999999998
490 0.09010268251597056 0.09277138567986672 0.009999999999999998
491 0.09670800080705054 0.0796926488728873 0.009999999999999998
492 0.06458355908022946 0.1075167268284685 0.009999999999999998
493 0.07393667650076489 0.09322701226805152 0.009999999999999998
494 0.0340998104530747 0.06950000000000027 0.0025
495 0.07727722723542207 0.1021060716146519 0.0025
496 0.07727722723542182 0.03689392838534809 0.0025
497 0.1040792948817478 0.07636625432922765 0.0025
498 0.07574541017061062 0.06651005845643894 0.0025
499 0.07575197482863268 0.07201822380135481 0.0025
500 0.07367077436307515 0.07775585083322598 0.0025
501 0.07382908940229042 0.06107219200567613 0.0025
502 0.07991011672387835 0.06153886907962791 0.0025
503 0.07994844119222541 0.07642002237688789 0.0025
504 0.07676326299409778 0.08339434658452585 0.0025
505 0.06952109633306515 0.08309571341249103 0.0025
506 0.06214695657182737 0.07691784606939492 0.0025
507 0.04069234531803637 0.0921522077127168 0.0025
508 0.08486927356414761 0.08266629957121852 0.0025
509 0.08140623270497702 0.06840188818535529 0.0025
510 0.08723563693191166 0.06469911204654383 0.0025
511 0.05169326700186912 0.03746636037635305 0.0025
512 0.06336323138243577 0.06275058070764947 0.0025
513 0.05856553858514817 0.06586173684725449 0.0025
514 0.05765482812890448 0.05903015141280289 0.0025
515 0.06325562393249388 0.0565691502707641 0.0025
516 0.05240320251738501 0.06410042192569523 0.0025
517 0.05398074675197585 0.07125497565968721 0.0025
518 0.07689045644042106 0.05529956297575016 0.0025
519 0.05045004430434123 0.05685762151521175 0.0025
520 0.1004219797925489 0.04918819385992626 0.0025
521 0.07303970905051907 0.09120316368933162 0.0025
522 0.06351502941418494 0.09003772411183159 0.0025
523 0.08709000676217299 0.07389069076182504 0.0025
524 0.04283093922325475 0.06143092567915882 0.0025
525 0.04149357175964188 0.05087467744715339 0.0025
526 0.0314531616427841 0.0836583206080752 0.0025
527 0.04507451142659733 0.07858417608018455 0.0025
528 0.05353971935920292 0.08686471502587534 0.0025
529 0.0542676574908172 0.09902059716174157 0.0025
530 0.06515716446852653 0.1079139056422214 0.0025
531 0.06438368123740801 0.03047370533913273 0.0025
532 0.06531947397115009 0.04474668928951626 0.0025
533 0.0620429980356766 0.08339438375652369 0.0025
534 0.1060027518971359 0.0623783761804903 0.0025
535 0.09152112725061148 0.03812162349798211 0.0025
536 0.08709468803795031 0.04917110308154321 0.0025
537 0.03235950306331024 0.0580289186234603 0.0025
538 0.07015842726027513 0.05513415810103826 0.0025
539 0.05612567036379121 0.04979434755945329 0.0025
540 0.09530955019104262 0.06903377428769872 0.0025
541 0.0738152466998023 0.047873501960971 0.0025
542 0.1009172946563438 0.09012951989359871 0.0025
543 0.09139983016247959 0.09998420818133218 0.0025
544 0.05577598048101788 0.0785807393000576 0.0025
545 0.06619632909566313 0.07908869684836195 0.0025
546 0.09377589785653512 0.08087478219867723 0.0025
547 0.04604891672383553 0.06915888574874883 0.0025
548 0.08231986502241884 0.0916386409782538 0.0025
549 0.090656432252385 0.08905869016461609 0.0025
550 0.06900888948862738 0.09837494990138256 0.0025
551 0.06947860882626311 0.07754481161346564 0.0025
552 0.05953826026936711 0.07004279682457502 0.0025
553 0.06856734951063495 0.06123096959064769 0.0025
554 0.08498456745311694 0.0574671399071562 0.0025
555 0.09350819571728439 0.05865628322722642 0.0025
556 0.04008804007909936 0.03969935613893691 0.0025
557 0.05845817234842943 0.0739499989096386 0.0025
558 0.02948244055662272 0.004871101489290746 0.00075
559 0.1266659310903957 0.01858291840721633 0.00075
560 0.004307986203857445 0.009883842621530603 0.002
561 0.1065506076827096 0.005120740847190893 0.002
562 0.02948244055662272 0.004871101489290745 0.00325
563 0.0261844494648831 0.0330223430935078 0.00325
564 0.05039534821639381 0.1321843692672713 0.00325
565 0.005956123972040362 0.07841540846954853 0.00325
566 0.1328796736416351 0.07827486041462878 0.00325
567 0.1249030659844846 0.04760937795195028 0.00325
568 0.08362230463526768 0.01757927913476251 0.00325
569 0.07700338563006891 0.07502912295614303 0.006383162932878279
570 0.05867415826285687 0.07090596253463112 0.006318193489912115
571 0.07210760266205261 0.05727840987490676 0.006753626990481467
572 0.06123004412428492 0.07557082740892992 0.007212678340684295
573 0.06183453085810425 0.05974372279844936 0.006979153170007566
$EndNodes
$Elements
2931
1 2 2 6 19 1 2 31
2 2 2 6 19 62 2 1
3 2 2 6 19 46 62 1
4 2 2 6 19 2 47 31
5 2 2 6 19 31 48 32
6 2 2 6 19 31 47 48
7 2 2 6 19 48 33 32
8 2 2 6 19 33 49 34
9 2 2 6 19 48 49 33
10 2 2 6 19 50 35 34
11 2 2 6 19 49 50 34
12 2 2 6 19 35 51 36
13 2 2 6 19 50 51 35
14 2 2 6 19 36 52 37
15 2 2 6 19 51 52 36
16 2 2 6 19 37 53 38
17 2 2 6 19 52 53 37
18 2 2 6 19 38 55 39
19 2 2 6 19 53 54 38
20 2 2 6 19 54 55 38
21 2 2 6 19 55 40 39
22 2 2 6 19 40 56 41
23 2 2 6 19 55 56 40
24 2 2 6 19 41 58 42
25 2 2 6 19 56 57 41
26 2 2 6 19 57 58 41
27 2 2 6 19 58 43 42
28 2 2 6 19 43 59 44
29 2 2 6 19 58 59 43
30 2 2 6 19 44 61 45
31 2 2 6 19 59 60 44
32 2 2 6 19 44 60 61
33 2 2 6 19 61 46 45
34 2 2 6 19 61 62 46
35 2 2 6 22 3 4 63
36 2 2 6 22 94 4 3
37 2 2 6 22 78 94 3
38 2 2 6 22 4 79 63
39 2 2 6 22 63 80 64
40 2 2 6 22 63 79 80
41 2 2 6 22 64 81 65
42 2 2 6 22 80 81 64
43 2 2 6 22 65 82 66
44 2 2 6 22 81 82 65
45 2 2 6 22 66 83 67
46 2 2 6 22 82 83 66
47 2 2 6 22 67 83 68
48 2 2 6 22 68 85 69
49 2 2 6 22 83 84 68
50 2 2 6 22 68 84 85
51 2 2 6 22 69 86 70
52 2 2 6 22 85 86 69
53 2 2 6 22 70 87 71
54 2 2 6 22 86 87 70
55 2 2 6 22 71 88 72
56 2 2 6 22 87 88 71
57 2 2 6 22 72 89 73
58 2 2 6 22 88 89 72
59 2 2 6 22 73 90 74
60 2 2 6 22 89 90 73
61 2 2 6 22 74 90 75
62 2 2 6 22 75 92 76
63 2 2 6 22 90 91 75
64 2 2 6 22 91 92 75
65 2 2 6 22 76 92 77
66 2 2 6 22 77 93 78
67 2 2 6 22 92 93 77
68 2 2 6 22 93 94 78
69 2 2 6 25 5 263 6
70 2 2 6 25 6 265 5
71 2 2 6 25 5 265 95
72 2 2 6 25 100 263 5
73 2 2 6 25 101 265 6
74 2 2 6 25 6 263 106
75 2 2 6 25 95 269 96
76 2 2 6 25 95 265 101
77 2 2 6 25 101 269 95
78 2 2 6 25 96 264 97
79 2 2 6 25 102 264 96
80 2 2 6 25 96 269 102
81 2 2 6 25 97 268 98
82 2 2 6 25 97 264 103
83 2 2 6 25 103 268 97
84 2 2 6 25 98 267 99
85 2 2 6 25 104 267 98
86 2 2 6 25 98 268 104
87 2 2 6 25 99 266 100
88 2 2 6 25 105 266 99
89 2 2 6 25 99 267 105
90 2 2 6 25 106 263 100
91 2 2 6 25 100 266 106
92 2 2 6 25 102 269 101
93 2 2 6 25 103 264 102
94 2 2 6 25 104 268 103
95 2 2 6 25 105 267 104
96 2 2 6 25 106 266 105
97 2 2 6 26 95 270 5
98 2 2 6 26 5 270 100
99 2 2 6 26 96 270 95
100 2 2 6 26 97 270 96
101 2 2 6 26 98 270 97
102 2 2 6 26 99 270 98
103 2 2 6 26 100 270 99
104 2 2 6 38 2 47 310
105 2 2 6 38 62 2 311
106 2 2 6 38 155 2 310
107 2 2 6 38 2 155 311
108 2 2 6 38 7 114 306
109 2 2 6 38 121 7 306
110 2 2 6 38 120 10 307
111 2 2 6 38 10 146 307
112 2 2 6 38 11 126 305
113 2 2 6 38 152 11 305
114 2 2 6 38 151 14 304
115 2 2 6 38 14 158 304
116 2 2 6 38 47 48 302
117 2 2 6 38 156 47 302
118 2 2 6 38 47 156 310
119 2 2 6 38 48 49 296
120 2 2 6 38 294 48 296
121 2 2 6 38 48 294 302
122 2 2 6 38 49 50 308
123 2 2 6 38 296 49 308
124 2 2 6 38 50 51 148
125 2 2 6 38 149 50 148
126 2 2 6 38 50 149 308
127 2 2 6 38 51 52 299
128 2 2 6 38 51 147 148
129 2 2 6 38 147 51 299
130 2 2 6 38 52 53 292
131 2 2 6 38 52 292 299
132 2 2 6 38 53 54 300
133 2 2 6 38 292 53 300
134 2 2 6 38 55 117 54
135 2 2 6 38 117 118 54
136 2 2 6 38 54 118 300
137 2 2 6 38 55 56 301
138 2 2 6 38 55 116 117
139 2 2 6 38 116 55 301
140 2 2 6 38 56 57 293
141 2 2 6 38 56 293 301
142 2 2 6 38 57 58 298
143 2 2 6 38 293 57 298
144 2 2 6 38 58 59 123
145 2 2 6 38 58 123 122
146 2 2 6 38 58 122 298
147 2 2 6 38 59 60 309
148 2 2 6 38 59 124 123
149 2 2 6 38 124 59 309
150 2 2 6 38 60 61 297
151 2 2 6 38 60 297 309
152 2 2 6 38 61 62 303
153 2 2 6 38 61 295 297
154 2 2 6 38 295 61 303
155 2 2 6 38 62 154 303
156 2 2 6 38 154 62 311
157 2 2 6 38 114 115 293
158 2 2 6 38 114 293 306
159 2 2 6 38 115 116 301
160 2 2 6 38 293 115 301
161 2 2 6 38 118 119 300
162 2 2 6 38 119 120 292
163 2 2 6 38 119 292 300
164 2 2 6 38 292 120 307
165 2 2 6 38 122 121 298
166 2 2 6 38 298 121 306
167 2 2 6 38 125 124 309
168 2 2 6 38 126 125 297
169 2 2 6 38 297 125 309
170 2 2 6 38 126 297 305
171 2 2 6 38 146 147 299
172 2 2 6 38 146 299 307
173 2 2 6 38 149 150 308
174 2 2 6 38 150 151 296
175 2 2 6 38 150 296 308
176 2 2 6 38 296 151 304
177 2 2 6 38 153 152 295
178 2 2 6 38 295 152 305
179 2 2 6 38 154 153 303
180 2 2 6 38 153 295 303
181 2 2 6 38 155 154 311
182 2 2 6 38 156 155 310
183 2 2 6 38 157 156 302
184 2 2 6 38 158 157 294
185 2 2 6 38 294 157 302
186 2 2 6 38 158 294 304
187 2 2 6 38 299 292 307
188 2 2 6 38 293 298 306
189 2 2 6 38 294 296 304
190 2 2 6 38 297 295 305
191 2 2 6 47 3 350 63
192 2 2 6 47 78 351 3
193 2 2 6 47 207 350 3
194 2 2 6 47 3 351 207
195 2 2 6 47 19 346 185
196 2 2 6 47 192 346 19
197 2 2 6 47 191 347 20
198 2 2 6 47 20 347 198
199 2 2 6 47 21 345 197
200 2 2 6 47 204 345 21
201 2 2 6 47 203 344 22
202 2 2 6 47 22 344 210
203 2 2 6 47 63 342 64
204 2 2 6 47 208 342 63
205 2 2 6 47 63 350 208
206 2 2 6 47 64 336 65
207 2 2 6 47 334 336 64
208 2 2 6 47 64 342 334
209 2 2 6 47 65 348 66
210 2 2 6 47 336 348 65
211 2 2 6 47 200 67 66
212 2 2 6 47 200 66 201
213 2 2 6 47 66 348 201
214 2 2 6 47 67 339 68
215 2 2 6 47 199 67 200
216 2 2 6 47 199 339 67
217 2 2 6 47 68 332 69
218 2 2 6 47 68 339 332
219 2 2 6 47 69 340 70
220 2 2 6 47 332 340 69
221 2 2 6 47 70 188 71
222 2 2 6 47 189 188 70
223 2 2 6 47 70 340 189
224 2 2 6 47 71 341 72
225 2 2 6 47 188 187 71
226 2 2 6 47 187 341 71
227 2 2 6 47 72 333 73
228 2 2 6 47 72 341 333
229 2 2 6 47 73 338 74
230 2 2 6 47 333 338 73
231 2 2 6 47 74 194 75
232 2 2 6 47 74 193 194
233 2 2 6 47 74 338 193
234 2 2 6 47 75 349 76
235 2 2 6 47 75 194 195
236 2 2 6 47 195 349 75
237 2 2 6 47 76 337 77
238 2 2 6 47 76 349 337
239 2 2 6 47 77 343 78
240 2 2 6 47 77 337 335
241 2 2 6 47 335 343 77
242 2 2 6 47 78 343 206
243 2 2 6 47 206 351 78
244 2 2 6 47 185 333 186
245 2 2 6 47 185 346 333
246 2 2 6 47 186 341 187
247 2 2 6 47 333 341 186
248 2 2 6 47 189 340 190
249 2 2 6 47 190 332 191
250 2 2 6 47 190 340 332
251 2 2 6 47 332 347 191
252 2 2 6 47 193 338 192
253 2 2 6 47 338 346 192
254 2 2 6 47 196 349 195
255 2 2 6 47 197 337 196
256 2 2 6 47 337 349 196
257 2 2 6 47 197 345 337
258 2 2 6 47 198 339 199
259 2 2 6 47 198 347 339
260 2 2 6 47 201 348 202
261 2 2 6 47 202 336 203
262 2 2 6 47 202 348 336
263 2 2 6 47 336 344 203
264 2 2 6 47 205 335 204
265 2 2 6 47 335 345 204
266 2 2 6 47 206 343 205
267 2 2 6 47 205 343 335
268 2 2 6 47 207 351 206
269 2 2 6 47 208 350 207
270 2 2 6 47 209 342 208
271 2 2 6 47 210 334 209
272 2 2 6 47 334 342 209
273 2 2 6 47 210 344 334
274 2 2 6 47 339 347 332
275 2 2 6 47 333 346 338
276 2 2 6 47 334 344 336
277 2 2 6 47 337 345 335
278 2 2 6 55 31 430 1
279 2 2 6 55 1 414 46
280 2 2 6 55 1 430 414
281 2 2 6 55 32 410 31
282 2 2 6 55 410 430 31
283 2 2 6 55 33 428 32
284 2 2 6 55 32 428 410
285 2 2 6 55 34 415 33
286 2 2 6 55 415 428 33
287 2 2 6 55 35 419 34
288 2 2 6 55 34 419 415
289 2 2 6 55 36 412 35
290 2 2 6 55 412 419 35
291 2 2 6 55 37 429 36
292 2 2 6 55 36 429 412
293 2 2 6 55 38 416 37
294 2 2 6 55 416 429 37
295 2 2 6 55 39 432 38
296 2 2 6 55 38 432 416
297 2 2 6 55 40 411 39
298 2 2 6 55 411 432 39
299 2 2 6 55 41 433 40
300 2 2 6 55 40 433 411
301 2 2 6 55 42 417 41
302 2 2 6 55 417 433 41
303 2 2 6 55 43 431 42
304 2 2 6 55 42 431 417
305 2 2 6 55 44 420 43
306 2 2 6 55 420 431 43
307 2 2 6 55 45 413 44
308 2 2 6 55 413 420 44
309 2 2 6 55 46 418 45
310 2 2 6 55 45 418 413
311 2 2 6 55 414 418 46
312 2 2 6 55 424 430 410
313 2 2 6 55 410 435 424
314 2 2 6 55 428 435 410
315 2 2 6 55 411 427 426
316 2 2 6 55 426 432 411
317 2 2 6 55 411 433 427
318 2 2 6 55 412 425 419
319 2 2 6 55 412 434 425
320 2 2 6 55 429 434 412
321 2 2 6 55 418 422 413
322 2 2 6 55 413 421 420
323 2 2 6 55 413 422 421
324 2 2 6 55 414 422 418
325 2 2 6 55 414 424 422
326 2 2 6 55 414 430 424
327 2 2 6 55 419 425 415
328 2 2 6 55 425 435 415
329 2 2 6 55 415 435 428
330 2 2 6 55 416 432 426
331 2 2 6 55 426 434 416
332 2 2 6 55 416 434 429
333 2 2 6 55 421 427 417
334 2 2 6 55 417 431 421
335 2 2 6 55 427 433 417
336 2 2 6 55 421 431 420
337 2 2 6 55 422 423 421
338 2 2 6 55 423 427 421
339 2 2 6 55 422 424 423
340 2 2 6 55 424 425 423
341 2 2 6 55 425 426 423
342 2 2 6 55 426 427 423
343 2 2 6 55 424 435 425
344 2 2 6 55 425 434 426
345 2 2 6 61 79 4 497
346 2 2 6 61 4 94 534
347 2 2 6 61 497 4 534
348 2 2 6 61 6 101 499
349 2 2 6 61 106 6 498
350 2 2 6 61 498 6 499
351 2 2 6 61 80 79 542
352 2 2 6 61 79 497 542
353 2 2 6 61 81 80 543
354 2 2 6 61 80 542 543
355 2 2 6 61 82 81 495
356 2 2 6 61 495 81 543
357 2 2 6 61 83 82 530
358 2 2 6 61 82 495 530
359 2 2 6 61 84 83 529
360 2 2 6 61 529 83 530
361 2 2 6 61 85 84 507
362 2 2 6 61 507 84 529
363 2 2 6 61 86 85 526
364 2 2 6 61 85 507 526
365 2 2 6 61 87 86 494
366 2 2 6 61 494 86 526
367 2 2 6 61 88 87 537
368 2 2 6 61 87 494 537
369 2 2 6 61 89 88 556
370 2 2 6 61 525 88 537
371 2 2 6 61 88 525 556
372 2 2 6 61 90 89 511
373 2 2 6 61 511 89 556
374 2 2 6 61 91 90 531
375 2 2 6 61 90 511 531
376 2 2 6 61 92 91 496
377 2 2 6 61 496 91 531
378 2 2 6 61 93 92 535
379 2 2 6 61 92 496 535
380 2 2 6 61 94 93 520
381 2 2 6 61 520 93 535
382 2 2 6 61 94 520 534
383 2 2 6 61 101 102 551
384 2 2 6 61 499 101 500
385 2 2 6 61 500 101 551
386 2 2 6 61 102 103 506
387 2 2 6 61 102 506 545
388 2 2 6 61 102 545 551
389 2 2 6 61 103 104 552
390 2 2 6 61 506 103 557
391 2 2 6 61 103 552 557
392 2 2 6 61 104 105 512
393 2 2 6 61 104 512 513
394 2 2 6 61 104 513 552
395 2 2 6 61 105 106 553
396 2 2 6 61 512 105 553
397 2 2 6 61 106 498 501
398 2 2 6 61 106 501 553
399 2 2 6 61 494 524 537
400 2 2 6 61 524 494 547
401 2 2 6 61 494 526 527
402 2 2 6 61 494 527 547
403 2 2 6 61 521 495 548
404 2 2 6 61 495 521 550
405 2 2 6 61 530 495 550
406 2 2 6 61 495 543 548
407 2 2 6 61 496 531 532
408 2 2 6 61 496 532 541
409 2 2 6 61 535 496 536
410 2 2 6 61 536 496 541
411 2 2 6 61 497 534 540
412 2 2 6 61 497 540 546
413 2 2 6 61 542 497 546
414 2 2 6 61 498 499 509
415 2 2 6 61 501 498 502
416 2 2 6 61 502 498 509
417 2 2 6 61 499 500 503
418 2 2 6 61 499 503 509
419 2 2 6 61 503 500 504
420 2 2 6 61 504 500 505
421 2 2 6 61 505 500 551
422 2 2 6 61 501 502 518
423 2 2 6 61 501 518 538
424 2 2 6 61 501 538 553
425 2 2 6 61 502 509 510
426 2 2 6 61 502 510 554
427 2 2 6 61 518 502 554
428 2 2 6 61 503 504 508
429 2 2 6 61 503 508 523
430 2 2 6 61 509 503 523
431 2 2 6 61 504 505 521
432 2 2 6 61 508 504 548
433 2 2 6 61 504 521 548
434 2 2 6 61 521 505 522
435 2 2 6 61 522 505 533
436 2 2 6 61 533 505 545
437 2 2 6 61 545 505 551
438 2 2 6 61 533 506 544
439 2 2 6 61 506 533 545
440 2 2 6 61 544 506 557
441 2 2 6 61 526 507 527
442 2 2 6 61 527 507 528
443 2 2 6 61 528 507 529
444 2 2 6 61 523 508 546
445 2 2 6 61 546 508 549
446 2 2 6 61 508 548 549
447 2 2 6 61 510 509 523
448 2 2 6 61 510 523 540
449 2 2 6 61 510 540 555
450 2 2 6 61 554 510 555
451 2 2 6 61 511 525 539
452 2 2 6 61 525 511 556
453 2 2 6 61 531 511 532
454 2 2 6 61 532 511 539
455 2 2 6 61 513 512 514
456 2 2 6 61 514 512 515
457 2 2 6 61 515 512 553
458 2 2 6 61 513 514 516
459 2 2 6 61 513 516 517
460 2 2 6 61 513 517 552
461 2 2 6 61 514 515 539
462 2 2 6 61 516 514 519
463 2 2 6 61 519 514 539
464 2 2 6 61 532 515 538
465 2 2 6 61 515 532 539
466 2 2 6 61 538 515 553
467 2 2 6 61 517 516 547
468 2 2 6 61 516 519 524
469 2 2 6 61 516 524 547
470 2 2 6 61 517 527 544
471 2 2 6 61 527 517 547
472 2 2 6 61 517 544 557
473 2 2 6 61 552 517 557
474 2 2 6 61 518 536 541
475 2 2 6 61 536 518 554
476 2 2 6 61 538 518 541
477 2 2 6 61 524 519 525
478 2 2 6 61 525 519 539
479 2 2 6 61 534 520 555
480 2 2 6 61 520 535 536
481 2 2 6 61 520 536 555
482 2 2 6 61 521 522 550
483 2 2 6 61 522 528 529
484 2 2 6 61 528 522 533
485 2 2 6 61 522 529 550
486 2 2 6 61 540 523 546
487 2 2 6 61 524 525 537
488 2 2 6 61 527 528 544
489 2 2 6 61 528 533 544
490 2 2 6 61 529 530 550
491 2 2 6 61 532 538 541
492 2 2 6 61 540 534 555
493 2 2 6 61 536 554 555
494 2 2 6 61 543 542 549
495 2 2 6 61 542 546 549
496 2 2 6 61 548 543 549
497 4 2 1 1 121 127 128 558
498 4 2 1 1 156 290 47 310
499 4 2 1 1 296 274 32 294
500 4 2 1 1 295 45 297 275
501 4 2 1 1 39 110 38 55
502 4 2 1 1 43 123 124 130
503 4 2 1 1 153 140 275 139
504 4 2 1 1 44 61 297 60
505 4 2 1 1 122 121 128 558
506 4 2 1 1 48 33 296 49
507 4 2 1 1 275 285 305 559
508 4 2 1 1 158 157 144 294
509 4 2 1 1 115 114 273 108
510 4 2 1 1 113 119 272 112
511 4 2 1 1 38 118 110 111
512 4 2 1 1 110 55 109 116
513 4 2 1 1 297 275 45 277
514 4 2 1 1 45 295 297 61
515 4 2 1 1 274 296 32 276
516 4 2 1 1 296 294 32 48
517 4 2 1 1 41 293 40 56
518 4 2 1 1 275 305 295 559
519 4 2 1 1 297 45 44 277
520 4 2 1 1 44 61 45 297
521 4 2 1 1 33 48 296 32
522 4 2 1 1 33 32 296 276
523 4 2 1 1 55 110 109 39
524 4 2 1 1 116 55 117 110
525 4 2 1 1 47 290 2 310
526 4 2 1 1 131 126 277 132
527 4 2 1 1 108 114 273 107
528 4 2 1 1 119 113 272 120
529 4 2 1 1 31 143 290 47
530 4 2 1 1 290 156 47 143
531 4 2 1 1 311 141 62 154
532 4 2 1 1 56 41 293 57
533 4 2 1 1 293 41 40 273
534 4 2 1 1 137 150 151 296
535 4 2 1 1 46 303 141 283
536 4 2 1 1 43 123 130 129
537 4 2 1 1 115 114 293 273
538 4 2 1 1 292 120 119 272
539 4 2 1 1 298 41 58 57
540 4 2 1 1 123 43 124 59
541 4 2 1 1 50 135 149 148
542 4 2 1 1 55 116 301 281
543 4 2 1 1 118 280 38 300
544 4 2 1 1 285 11 132 305
545 4 2 1 1 128 123 58 129
546 4 2 1 1 135 51 147 148
547 4 2 1 1 145 284 13 304
548 4 2 1 1 281 55 40 301
549 4 2 1 1 12 285 139 152
550 4 2 1 1 158 145 13 304
551 4 2 1 1 278 128 58 42
552 4 2 1 1 134 35 279 51
553 4 2 1 1 275 285 277 305
554 4 2 1 1 276 304 284 274
555 4 2 1 1 116 55 109 281
556 4 2 1 1 280 118 38 111
557 4 2 1 1 151 13 304 14
558 4 2 1 1 11 285 132 12
559 4 2 1 1 307 146 10 133
560 4 2 1 1 306 121 8 7
561 4 2 1 1 302 47 156 143
562 4 2 1 1 62 141 303 154
563 4 2 1 1 303 46 141 62
564 4 2 1 1 285 132 277 305
565 4 2 1 1 297 275 305 295
566 4 2 1 1 296 294 304 274
567 4 2 1 1 301 56 55 40
568 4 2 1 1 109 55 39 281
569 4 2 1 1 118 38 54 300
570 4 2 1 1 294 48 302 282
571 4 2 1 1 45 283 275 303
572 4 2 1 1 60 44 309 297
573 4 2 1 1 2 290 155 310
574 4 2 1 1 1 311 155 291
575 4 2 1 1 11 132 305 126
576 4 2 1 1 296 33 288 49
577 4 2 1 1 45 303 46 283
578 4 2 1 1 310 156 290 155
579 4 2 1 1 311 141 155 291
580 4 2 1 1 152 11 285 305
581 4 2 1 1 123 128 58 122
582 4 2 1 1 128 58 42 129
583 4 2 1 1 135 51 134 147
584 4 2 1 1 51 135 134 35
585 4 2 1 1 295 45 275 303
586 4 2 1 1 32 274 282 294
587 4 2 1 1 143 282 144 302
588 4 2 1 1 44 289 309 297
589 4 2 1 1 49 308 288 296
590 4 2 1 1 144 156 302 157
591 4 2 1 1 311 1 2 62
592 4 2 1 1 290 2 1 31
593 4 2 1 1 125 309 289 297
594 4 2 1 1 41 298 58 278
595 4 2 1 1 44 289 297 277
596 4 2 1 1 296 33 276 288
597 4 2 1 1 275 297 305 277
598 4 2 1 1 276 304 274 296
599 4 2 1 1 55 281 40 39
600 4 2 1 1 53 38 300 54
601 4 2 1 1 13 14 158 304
602 4 2 1 1 123 43 58 129
603 4 2 1 1 43 123 58 59
604 4 2 1 1 51 50 148 135
605 4 2 1 1 35 50 135 34
606 4 2 1 1 276 288 137 296
607 4 2 1 1 272 119 280 112
608 4 2 1 1 281 273 108 115
609 4 2 1 1 41 278 58 42
610 4 2 1 1 35 36 279 51
611 4 2 1 1 295 45 303 61
612 4 2 1 1 294 48 282 32
613 4 2 1 1 285 12 11 152
614 4 2 1 1 303 45 46 61
615 4 2 1 1 282 48 31 32
616 4 2 1 1 126 277 132 305
617 4 2 1 1 126 297 277 305
618 4 2 1 1 290 47 2 31
619 4 2 1 1 62 61 303 46
620 4 2 1 1 43 58 129 42
621 4 2 1 1 50 35 135 51
622 4 2 1 1 156 144 302 143
623 4 2 1 1 114 273 306 293
624 4 2 1 1 120 292 307 272
625 4 2 1 1 130 125 289 131
626 4 2 1 1 41 298 273 293
627 4 2 1 1 298 41 57 293
628 4 2 1 1 155 290 1 142
629 4 2 1 1 142 1 155 291
630 4 2 1 1 289 124 309 125
631 4 2 1 1 155 156 290 142
632 4 2 1 1 141 155 291 142
633 4 2 1 1 8 114 306 7
634 4 2 1 1 274 304 284 145
635 4 2 1 1 307 272 299 287
636 4 2 1 1 298 273 306 286
637 4 2 1 1 154 303 153 141
638 4 2 1 1 125 130 289 124
639 4 2 1 1 308 136 150 149
640 4 2 1 1 302 144 294 282
641 4 2 1 1 144 302 294 157
642 4 2 1 1 144 282 274 294
643 4 2 1 1 290 2 155 1
644 4 2 1 1 311 1 155 2
645 4 2 1 1 309 60 59 44
646 4 2 1 1 303 153 275 295
647 4 2 1 1 49 288 34 33
648 4 2 1 1 280 118 119 300
649 4 2 1 1 301 115 281 116
650 4 2 1 1 289 124 43 309
651 4 2 1 1 119 111 280 112
652 4 2 1 1 108 116 281 115
653 4 2 1 1 133 307 299 287
654 4 2 1 1 56 301 293 40
655 4 2 1 1 130 124 43 289
656 4 2 1 1 43 309 44 289
657 4 2 1 1 272 307 299 292
658 4 2 1 1 293 298 273 306
659 4 2 1 1 156 143 290 142
660 4 2 1 1 141 311 155 154
661 4 2 1 1 298 41 273 278
662 4 2 1 1 111 119 280 118
663 4 2 1 1 116 108 281 109
664 4 2 1 1 307 133 299 146
665 4 2 1 1 299 133 147 146
666 4 2 1 1 124 59 43 309
667 4 2 1 1 287 272 299 279
668 4 2 1 1 273 298 278 286
669 4 2 1 1 44 59 309 43
670 4 2 1 1 287 299 133 279
671 4 2 1 1 285 139 152 559
672 4 2 1 1 285 152 305 559
673 4 2 1 1 128 127 278 558
674 4 2 1 1 152 295 305 559
675 4 2 1 1 285 275 139 559
676 4 2 1 1 298 121 122 558
677 4 2 1 1 559 152 275 139
678 4 2 1 1 559 275 152 295
679 4 2 1 1 153 275 152 139
680 4 2 1 1 153 152 275 295
681 4 2 1 1 1 291 62 311
682 4 2 1 1 1 62 291 46
683 4 2 1 1 141 62 291 311
684 4 2 1 1 141 291 62 46
685 4 2 1 1 118 54 110 117
686 4 2 1 1 118 110 54 38
687 4 2 1 1 55 110 54 117
688 4 2 1 1 55 54 110 38
689 4 2 1 1 136 308 50 149
690 4 2 1 1 50 135 136 149
691 4 2 1 1 136 135 50 34
692 4 2 1 1 144 158 274 145
693 4 2 1 1 144 274 158 294
694 4 2 1 1 304 274 158 145
695 4 2 1 1 304 158 274 294
696 4 2 1 1 137 276 151 138
697 4 2 1 1 137 151 276 296
698 4 2 1 1 304 276 151 296
699 4 2 1 1 131 289 297 125
700 4 2 1 1 297 289 131 277
701 4 2 1 1 297 126 131 125
702 4 2 1 1 131 126 297 277
703 4 2 1 1 299 52 272 292
704 4 2 1 1 37 52 272 36
705 4 2 1 1 282 48 47 31
706 4 2 1 1 47 48 282 302
707 4 2 1 1 47 143 282 31
708 4 2 1 1 282 143 47 302
709 4 2 1 1 298 121 286 306
710 4 2 1 1 8 121 286 127
711 4 2 1 1 8 286 121 306
712 4 2 1 1 284 13 151 138
713 4 2 1 1 151 13 284 304
714 4 2 1 1 151 276 284 138
715 4 2 1 1 284 276 151 304
716 4 2 1 1 272 52 279 36
717 4 2 1 1 272 279 52 299
718 4 2 1 1 51 279 52 36
719 4 2 1 1 51 52 279 299
720 4 2 1 1 558 298 128 122
721 4 2 1 1 558 128 298 278
722 4 2 1 1 58 128 298 122
723 4 2 1 1 58 298 128 278
724 4 2 1 1 299 133 134 147
725 4 2 1 1 134 133 299 279
726 4 2 1 1 134 51 299 147
727 4 2 1 1 299 51 134 279
728 4 2 1 1 38 53 280 37
729 4 2 1 1 38 280 53 300
730 4 2 1 1 9 120 287 113
731 4 2 1 1 272 120 287 307
732 4 2 1 1 272 287 120 113
733 4 2 1 1 286 8 114 306
734 4 2 1 1 114 8 286 107
735 4 2 1 1 114 273 286 306
736 4 2 1 1 286 273 114 107
737 4 2 1 1 141 140 303 153
738 4 2 1 1 141 303 140 283
739 4 2 1 1 275 303 140 153
740 4 2 1 1 275 140 303 283
741 4 2 1 1 296 288 150 308
742 4 2 1 1 296 150 288 137
743 4 2 1 1 136 150 288 308
744 4 2 1 1 136 288 150 137
745 4 2 1 1 40 301 273 281
746 4 2 1 1 40 273 301 293
747 4 2 1 1 115 273 301 281
748 4 2 1 1 115 301 273 293
749 4 2 1 1 120 10 287 307
750 4 2 1 1 120 287 10 9
751 4 2 1 1 133 287 10 307
752 4 2 1 1 133 10 287 9
753 4 2 1 1 288 49 50 308
754 4 2 1 1 50 49 288 34
755 4 2 1 1 50 136 288 308
756 4 2 1 1 288 136 50 34
757 4 2 1 1 52 272 53 37
758 4 2 1 1 52 53 272 292
759 4 2 1 1 280 53 272 37
760 4 2 1 1 53 300 272 292
761 4 2 1 1 53 272 300 280
762 4 2 1 1 119 272 300 292
763 4 2 1 1 119 300 272 280
764 4 2 1 1 286 298 127 121
765 4 2 1 1 286 127 298 278
766 4 2 1 1 558 127 298 121
767 4 2 1 1 558 298 127 278
768 4 2 2 2 425 504 521 505
769 4 2 2 2 417 41 511 556
770 4 2 2 2 542 546 549 410
771 4 2 2 2 422 509 502 510
772 4 2 2 2 532 511 539 417
773 4 2 2 2 527 517 426 544
774 4 2 2 2 539 519 514 427
775 4 2 2 2 521 505 522 425
776 4 2 2 2 434 544 527 426
777 4 2 2 2 87 494 537 432
778 4 2 2 2 503 508 523 424
779 4 2 2 2 423 501 106 553
780 4 2 2 2 522 505 533 425
781 4 2 2 2 521 435 415 548
782 4 2 2 2 532 538 541 421
783 4 2 2 2 104 423 103 271
784 4 2 2 2 496 532 541 421
785 4 2 2 2 81 80 543 428
786 4 2 2 2 536 422 518 554
787 4 2 2 2 511 525 539 417
788 4 2 2 2 512 423 105 553
789 4 2 2 2 429 434 412 507
790 4 2 2 2 32 410 542 428
791 4 2 2 2 132 177 178 561
792 4 2 2 2 177 132 131 561
793 4 2 2 2 427 417 539 525
794 4 2 2 2 422 536 555 554
795 4 2 2 2 508 548 549 435
796 4 2 2 2 495 81 543 428
797 4 2 2 2 522 419 529 550
798 4 2 2 2 177 131 317 561
799 4 2 2 2 317 131 277 561
800 4 2 2 2 426 557 544 517
801 4 2 2 2 136 181 82 182
802 4 2 2 2 91 130 176 175
803 4 2 2 2 274 316 32 314
804 4 2 2 2 525 519 539 427
805 4 2 2 2 110 39 38 162
806 4 2 2 2 92 44 45 317
807 4 2 2 2 81 32 33 316
808 4 2 2 2 313 108 159 160
809 4 2 2 2 112 312 113 164
810 4 2 2 2 163 38 162 111
811 4 2 2 2 161 110 39 109
812 4 2 2 2 36 85 312 37
813 4 2 2 2 45 93 317 315
814 4 2 2 2 316 274 32 276
815 4 2 2 2 314 32 80 316
816 4 2 2 2 15 8 159 560
817 4 2 2 2 159 8 107 560
818 4 2 2 2 45 46 418 520
819 4 2 2 2 317 44 45 277
820 4 2 2 2 92 45 93 317
821 4 2 2 2 316 32 33 276
822 4 2 2 2 80 32 81 316
823 4 2 2 2 162 161 39 87
824 4 2 2 2 38 163 162 86
825 4 2 2 2 111 110 38 162
826 4 2 2 2 110 161 39 162
827 4 2 2 2 1 31 430 497
828 4 2 2 2 183 138 316 137
829 4 2 2 2 138 183 316 184
830 4 2 2 2 519 514 427 516
831 4 2 2 2 137 316 276 138
832 4 2 2 2 31 330 4 290
833 4 2 2 2 108 107 313 159
834 4 2 2 2 164 312 113 165
835 4 2 2 2 331 141 168 94
836 4 2 2 2 170 31 330 79
837 4 2 2 2 85 36 312 84
838 4 2 2 2 37 36 272 312
839 4 2 2 2 82 33 81 495
840 4 2 2 2 129 91 175 130
841 4 2 2 2 129 91 130 43
842 4 2 2 2 135 82 136 181
843 4 2 2 2 82 135 136 34
844 4 2 2 2 31 322 170 282
845 4 2 2 2 283 323 168 94
846 4 2 2 2 324 138 18 284
847 4 2 2 2 108 107 273 313
848 4 2 2 2 312 112 113 272
849 4 2 2 2 415 33 495 428
850 4 2 2 2 495 33 81 428
851 4 2 2 2 502 510 554 422
852 4 2 2 2 31 4 497 1
853 4 2 2 2 521 435 548 504
854 4 2 2 2 17 139 325 166
855 4 2 2 2 129 90 174 175
856 4 2 2 2 83 135 180 181
857 4 2 2 2 16 133 287 9
858 4 2 2 2 138 324 18 184
859 4 2 2 2 13 18 138 284
860 4 2 2 2 132 17 325 178
861 4 2 2 2 81 32 428 33
862 4 2 2 2 38 85 280 320
863 4 2 2 2 92 535 45 44
864 4 2 2 2 278 90 128 42
865 4 2 2 2 134 83 279 35
866 4 2 2 2 39 161 109 281
867 4 2 2 2 534 94 1 4
868 4 2 2 2 37 38 526 85
869 4 2 2 2 31 282 170 143
870 4 2 2 2 322 31 170 79
871 4 2 2 2 283 168 141 94
872 4 2 2 2 141 46 283 94
873 4 2 2 2 4 31 497 79
874 4 2 2 2 167 283 168 140
875 4 2 2 2 171 143 282 144
876 4 2 2 2 274 316 314 324
877 4 2 2 2 39 88 281 40
878 4 2 2 2 85 38 280 37
879 4 2 2 2 320 163 38 86
880 4 2 2 2 36 85 37 429
881 4 2 2 2 525 511 556 417
882 4 2 2 2 283 93 315 323
883 4 2 2 2 32 81 428 80
884 4 2 2 2 290 4 169 330
885 4 2 2 2 93 92 535 45
886 4 2 2 2 283 94 93 323
887 4 2 2 2 128 90 174 129
888 4 2 2 2 128 90 129 42
889 4 2 2 2 134 83 35 135
890 4 2 2 2 134 83 135 180
891 4 2 2 2 315 45 283 275
892 4 2 2 2 32 314 282 274
893 4 2 2 2 283 167 168 323
894 4 2 2 2 170 322 171 282
895 4 2 2 2 88 39 87 537
896 4 2 2 2 13 18 284 145
897 4 2 2 2 428 80 543 542
898 4 2 2 2 288 137 328 316
899 4 2 2 2 177 289 329 317
900 4 2 2 2 331 1 94 4
901 4 2 2 2 31 4 1 290
902 4 2 2 2 279 84 83 319
903 4 2 2 2 38 526 85 86
904 4 2 2 2 289 44 317 277
905 4 2 2 2 288 316 33 276
906 4 2 2 2 183 328 137 316
907 4 2 2 2 177 131 289 317
908 4 2 2 2 287 16 113 327
909 4 2 2 2 85 320 38 86
910 4 2 2 2 94 534 1 46
911 4 2 2 2 129 91 90 175
912 4 2 2 2 83 135 181 82
913 4 2 2 2 316 288 137 276
914 4 2 2 2 131 289 317 277
915 4 2 2 2 93 46 45 520
916 4 2 2 2 138 316 324 184
917 4 2 2 2 112 280 312 320
918 4 2 2 2 41 90 278 42
919 4 2 2 2 497 4 534 1
920 4 2 2 2 164 112 312 320
921 4 2 2 2 93 283 315 45
922 4 2 2 2 80 31 542 32
923 4 2 2 2 36 85 429 84
924 4 2 2 2 113 312 327 165
925 4 2 2 2 326 107 159 313
926 4 2 2 2 283 46 45 93
927 4 2 2 2 46 93 94 520
928 4 2 2 2 31 80 542 79
929 4 2 2 2 330 31 4 79
930 4 2 2 2 94 283 93 46
931 4 2 2 2 322 31 79 80
932 4 2 2 2 287 16 9 113
933 4 2 2 2 137 328 136 288
934 4 2 2 2 143 170 171 282
935 4 2 2 2 168 140 283 141
936 4 2 2 2 16 113 327 165
937 4 2 2 2 182 137 328 136
938 4 2 2 2 137 182 328 183
939 4 2 2 2 177 130 289 131
940 4 2 2 2 279 84 312 36
941 4 2 2 2 312 279 36 272
942 4 2 2 2 290 169 1 142
943 4 2 2 2 169 290 143 142
944 4 2 2 2 325 285 275 139
945 4 2 2 2 536 541 413 496
946 4 2 2 2 88 41 556 89
947 4 2 2 2 312 272 280 112
948 4 2 2 2 108 313 273 281
949 4 2 2 2 283 315 167 323
950 4 2 2 2 427 539 515 514
951 4 2 2 2 282 171 314 322
952 4 2 2 2 4 290 169 1
953 4 2 2 2 4 1 169 331
954 4 2 2 2 320 280 312 85
955 4 2 2 2 313 88 281 321
956 4 2 2 2 545 425 533 505
957 4 2 2 2 82 136 182 328
958 4 2 2 2 556 525 417 433
959 4 2 2 2 93 45 535 520
960 4 2 2 2 41 90 511 89
961 4 2 2 2 91 44 420 92
962 4 2 2 2 286 326 107 560
963 4 2 2 2 112 164 163 320
964 4 2 2 2 37 312 280 85
965 4 2 2 2 32 80 428 542
966 4 2 2 2 84 279 312 319
967 4 2 2 2 169 141 168 331
968 4 2 2 2 548 549 435 543
969 4 2 2 2 281 109 108 161
970 4 2 2 2 37 312 272 280
971 4 2 2 2 107 326 159 560
972 4 2 2 2 536 418 555 520
973 4 2 2 2 523 546 424 508
974 4 2 2 2 412 36 429 84
975 4 2 2 2 130 91 289 43
976 4 2 2 2 432 526 38 86
977 4 2 2 2 312 279 327 319
978 4 2 2 2 90 41 511 42
979 4 2 2 2 289 91 44 43
980 4 2 2 2 432 39 537 87
981 4 2 2 2 44 91 420 43
982 4 2 2 2 511 556 41 89
983 4 2 2 2 548 508 504 435
984 4 2 2 2 540 546 497 430
985 4 2 2 2 106 6 423 271
986 4 2 2 2 104 512 423 105
987 4 2 2 2 544 434 527 528
988 4 2 2 2 511 42 531 90
989 4 2 2 2 83 419 35 530
990 4 2 2 2 538 532 515 421
991 4 2 2 2 83 35 419 412
992 4 2 2 2 419 530 550 415
993 4 2 2 2 434 416 527 507
994 4 2 2 2 106 105 271 423
995 4 2 2 2 548 521 495 415
996 4 2 2 2 420 431 43 91
997 4 2 2 2 522 425 550 521
998 4 2 2 2 495 550 530 415
999 4 2 2 2 424 523 503 509
1000 4 2 2 2 510 555 554 422
1001 4 2 2 2 550 495 521 415
1002 4 2 2 2 554 518 502 422
1003 4 2 2 2 426 517 547 516
1004 4 2 2 2 105 104 271 423
1005 4 2 2 2 105 106 553 423
1006 4 2 2 2 37 38 416 526
1007 4 2 2 2 421 518 541 422
1008 4 2 2 2 536 422 541 518
1009 4 2 2 2 426 506 544 557
1010 4 2 2 2 427 513 423 426
1011 4 2 2 2 426 423 425 506
1012 4 2 2 2 277 131 132 561
1013 4 2 2 2 540 534 555 414
1014 4 2 2 2 423 557 552 103
1015 4 2 2 2 499 424 500 503
1016 4 2 2 2 423 501 498 106
1017 4 2 2 2 421 413 422 541
1018 4 2 2 2 422 536 418 555
1019 4 2 2 2 539 421 427 515
1020 4 2 2 2 513 426 516 517
1021 4 2 2 2 515 423 514 512
1022 4 2 2 2 416 426 434 527
1023 4 2 2 2 422 536 541 413
1024 4 2 2 2 500 423 101 551
1025 4 2 2 2 421 423 427 515
1026 4 2 2 2 427 513 514 423
1027 4 2 2 2 499 500 423 101
1028 4 2 2 2 38 416 526 432
1029 4 2 2 2 498 424 499 509
1030 4 2 2 2 427 411 433 525
1031 4 2 2 2 435 546 410 549
1032 4 2 2 2 527 517 547 426
1033 4 2 2 2 544 434 425 426
1034 4 2 2 2 429 416 434 507
1035 4 2 2 2 84 507 429 412
1036 4 2 2 2 423 552 513 104
1037 4 2 2 2 425 522 528 533
1038 4 2 2 2 410 424 430 546
1039 4 2 2 2 552 426 513 517
1040 4 2 2 2 426 423 506 557
1041 4 2 2 2 426 524 516 547
1042 4 2 2 2 177 317 178 561
1043 4 2 2 2 87 86 494 432
1044 4 2 2 2 528 412 529 522
1045 4 2 2 2 557 423 506 103
1046 4 2 2 2 504 424 503 500
1047 4 2 2 2 524 427 411 426
1048 4 2 2 2 526 507 527 416
1049 4 2 2 2 500 499 423 424
1050 4 2 2 2 507 528 527 434
1051 4 2 2 2 529 530 550 419
1052 4 2 2 2 551 425 545 505
1053 4 2 2 2 39 411 432 537
1054 4 2 2 2 88 525 556 433
1055 4 2 2 2 41 417 433 556
1056 4 2 2 2 41 42 417 511
1057 4 2 2 2 524 525 537 411
1058 4 2 2 2 494 86 526 432
1059 4 2 2 2 423 513 514 512
1060 4 2 2 2 423 538 515 421
1061 4 2 2 2 427 513 516 514
1062 4 2 2 2 427 524 516 426
1063 4 2 2 2 513 427 516 426
1064 4 2 2 2 417 421 539 532
1065 4 2 2 2 159 326 15 560
1066 4 2 2 2 417 421 427 539
1067 4 2 2 2 546 435 508 549
1068 4 2 2 2 420 413 421 496
1069 4 2 2 2 426 552 423 557
1070 4 2 2 2 102 423 271 103
1071 4 2 2 2 102 423 101 271
1072 4 2 2 2 501 423 498 422
1073 4 2 2 2 499 424 503 509
1074 4 2 2 2 538 423 553 501
1075 4 2 2 2 551 423 101 102
1076 4 2 2 2 499 423 498 6
1077 4 2 2 2 506 425 544 533
1078 4 2 2 2 425 506 544 426
1079 4 2 2 2 424 414 430 540
1080 4 2 2 2 415 419 425 550
1081 4 2 2 2 522 419 550 425
1082 4 2 2 2 31 32 410 542
1083 4 2 2 2 426 552 513 423
1084 4 2 2 2 423 498 6 106
1085 4 2 2 2 500 423 425 424
1086 4 2 2 2 424 510 540 523
1087 4 2 2 2 504 424 508 503
1088 4 2 2 2 518 423 538 501
1089 4 2 2 2 539 421 515 532
1090 4 2 2 2 500 425 551 505
1091 4 2 2 2 422 498 502 509
1092 4 2 2 2 415 425 435 521
1093 4 2 2 2 424 504 425 500
1094 4 2 2 2 504 425 521 435
1095 4 2 2 2 435 546 508 424
1096 4 2 2 2 107 8 286 560
1097 4 2 2 2 424 504 508 435
1098 4 2 2 2 435 546 424 410
1099 4 2 2 2 34 415 530 419
1100 4 2 2 2 546 424 540 523
1101 4 2 2 2 84 83 529 412
1102 4 2 2 2 425 415 550 521
1103 4 2 2 2 421 518 538 541
1104 4 2 2 2 426 552 557 517
1105 4 2 2 2 536 422 418 413
1106 4 2 2 2 506 423 102 103
1107 4 2 2 2 101 423 6 271
1108 4 2 2 2 423 499 498 424
1109 4 2 2 2 499 423 6 101
1110 4 2 2 2 504 425 500 505
1111 4 2 2 2 518 423 422 421
1112 4 2 2 2 44 45 413 535
1113 4 2 2 2 535 496 536 413
1114 4 2 2 2 420 421 431 496
1115 4 2 2 2 501 422 502 518
1116 4 2 2 2 510 424 509 523
1117 4 2 2 2 510 414 540 555
1118 4 2 2 2 421 413 541 496
1119 4 2 2 2 91 496 92 420
1120 4 2 2 2 425 506 545 533
1121 4 2 2 2 512 515 423 553
1122 4 2 2 2 423 515 514 427
1123 4 2 2 2 46 1 414 534
1124 4 2 2 2 34 35 419 530
1125 4 2 2 2 418 414 422 555
1126 4 2 2 2 85 84 507 429
1127 4 2 2 2 419 522 412 425
1128 4 2 2 2 501 422 498 502
1129 4 2 2 2 518 423 501 422
1130 4 2 2 2 538 423 515 553
1131 4 2 2 2 524 427 516 519
1132 4 2 2 2 507 84 529 412
1133 4 2 2 2 422 498 424 423
1134 4 2 2 2 498 422 424 509
1135 4 2 2 2 423 500 425 551
1136 4 2 2 2 504 424 425 435
1137 4 2 2 2 430 424 540 546
1138 4 2 2 2 423 506 102 545
1139 4 2 2 2 506 425 545 423
1140 4 2 2 2 522 419 412 529
1141 4 2 2 2 422 414 510 555
1142 4 2 2 2 433 427 525 417
1143 4 2 2 2 552 423 103 104
1144 4 2 2 2 423 513 512 104
1145 4 2 2 2 424 510 509 422
1146 4 2 2 2 423 518 538 421
1147 4 2 2 2 507 528 412 529
1148 4 2 2 2 507 412 528 434
1149 4 2 2 2 85 37 507 526
1150 4 2 2 2 85 507 37 429
1151 4 2 2 2 416 507 37 526
1152 4 2 2 2 416 37 507 429
1153 4 2 2 2 42 417 531 431
1154 4 2 2 2 42 531 417 511
1155 4 2 2 2 532 417 531 511
1156 4 2 2 2 1 497 414 534
1157 4 2 2 2 1 414 497 430
1158 4 2 2 2 540 414 497 534
1159 4 2 2 2 540 497 414 430
1160 4 2 2 2 525 88 411 433
1161 4 2 2 2 525 411 88 537
1162 4 2 2 2 40 411 88 433
1163 4 2 2 2 433 41 88 40
1164 4 2 2 2 433 88 41 556
1165 4 2 2 2 132 561 317 277
1166 4 2 2 2 317 561 132 178
1167 4 2 2 2 132 325 317 178
1168 4 2 2 2 83 529 419 530
1169 4 2 2 2 83 419 529 412
1170 4 2 2 2 169 290 170 143
1171 4 2 2 2 169 170 290 330
1172 4 2 2 2 31 170 290 143
1173 4 2 2 2 31 290 170 330
1174 4 2 2 2 1 291 94 46
1175 4 2 2 2 1 94 291 331
1176 4 2 2 2 141 94 291 46
1177 4 2 2 2 141 291 94 331
1178 4 2 2 2 283 140 315 275
1179 4 2 2 2 283 315 140 167
1180 4 2 2 2 166 140 315 167
1181 4 2 2 2 325 139 315 166
1182 4 2 2 2 325 315 139 275
1183 4 2 2 2 140 315 139 166
1184 4 2 2 2 140 139 315 275
1185 4 2 2 2 325 275 317 315
1186 4 2 2 2 45 317 275 315
1187 4 2 2 2 45 275 317 277
1188 4 2 2 2 542 497 31 79
1189 4 2 2 2 432 87 38 39
1190 4 2 2 2 432 38 87 86
1191 4 2 2 2 162 38 87 39
1192 4 2 2 2 162 87 38 86
1193 4 2 2 2 542 543 410 549
1194 4 2 2 2 542 410 543 428
1195 4 2 2 2 435 410 543 549
1196 4 2 2 2 435 543 410 428
1197 4 2 2 2 496 531 421 431
1198 4 2 2 2 496 421 531 532
1199 4 2 2 2 417 421 531 431
1200 4 2 2 2 417 531 421 532
1201 4 2 2 2 88 313 41 89
1202 4 2 2 2 530 415 82 495
1203 4 2 2 2 530 82 415 34
1204 4 2 2 2 33 82 415 495
1205 4 2 2 2 33 415 82 34
1206 4 2 2 2 326 278 127 286
1207 4 2 2 2 326 15 127 173
1208 4 2 2 2 139 285 17 325
1209 4 2 2 2 139 17 285 12
1210 4 2 2 2 132 17 285 325
1211 4 2 2 2 132 285 17 12
1212 4 2 2 2 279 327 133 287
1213 4 2 2 2 16 133 327 287
1214 4 2 2 2 16 327 133 179
1215 4 2 2 2 36 412 83 84
1216 4 2 2 2 83 412 36 35
1217 4 2 2 2 83 279 36 84
1218 4 2 2 2 36 279 83 35
1219 4 2 2 2 112 280 163 111
1220 4 2 2 2 112 163 280 320
1221 4 2 2 2 38 163 280 111
1222 4 2 2 2 38 280 163 320
1223 4 2 2 2 88 321 39 281
1224 4 2 2 2 88 39 321 87
1225 4 2 2 2 161 39 321 281
1226 4 2 2 2 161 321 39 87
1227 4 2 2 2 536 520 413 418
1228 4 2 2 2 536 413 520 535
1229 4 2 2 2 45 413 520 418
1230 4 2 2 2 45 520 413 535
1231 4 2 2 2 39 88 411 537
1232 4 2 2 2 39 411 88 40
1233 4 2 2 2 132 285 317 325
1234 4 2 2 2 132 317 285 277
1235 4 2 2 2 275 317 285 325
1236 4 2 2 2 275 285 317 277
1237 4 2 2 2 138 284 316 276
1238 4 2 2 2 138 316 284 324
1239 4 2 2 2 274 316 284 276
1240 4 2 2 2 274 284 316 324
1241 4 2 2 2 282 31 80 32
1242 4 2 2 2 80 31 282 322
1243 4 2 2 2 80 314 282 32
1244 4 2 2 2 282 314 80 322
1245 4 2 2 2 317 92 289 329
1246 4 2 2 2 317 289 92 44
1247 4 2 2 2 91 289 92 329
1248 4 2 2 2 91 92 289 44
1249 4 2 2 2 291 1 169 142
1250 4 2 2 2 169 1 291 331
1251 4 2 2 2 169 141 291 142
1252 4 2 2 2 291 141 169 331
1253 4 2 2 2 113 287 312 272
1254 4 2 2 2 113 312 287 327
1255 4 2 2 2 279 312 287 272
1256 4 2 2 2 279 287 312 327
1257 4 2 2 2 129 91 42 90
1258 4 2 2 2 129 42 91 43
1259 4 2 2 2 531 42 91 90
1260 4 2 2 2 135 82 35 34
1261 4 2 2 2 135 35 82 83
1262 4 2 2 2 530 35 82 34
1263 4 2 2 2 530 82 35 83
1264 4 2 2 2 161 321 108 281
1265 4 2 2 2 161 108 321 160
1266 4 2 2 2 313 108 321 281
1267 4 2 2 2 313 321 108 160
1268 4 2 2 2 329 177 130 289
1269 4 2 2 2 130 177 329 176
1270 4 2 2 2 130 91 329 289
1271 4 2 2 2 329 91 130 176
1272 4 2 2 2 534 520 46 94
1273 4 2 2 2 282 171 274 314
1274 4 2 2 2 282 274 171 144
1275 4 2 2 2 145 171 274 144
1276 4 2 2 2 431 42 91 531
1277 4 2 2 2 431 91 42 43
1278 4 2 2 2 431 496 91 420
1279 4 2 2 2 431 91 496 531
1280 4 2 2 2 33 82 288 34
1281 4 2 2 2 136 82 288 328
1282 4 2 2 2 136 288 82 34
1283 4 2 2 2 316 81 288 33
1284 4 2 2 2 316 288 81 328
1285 4 2 2 2 82 288 81 33
1286 4 2 2 2 82 81 288 328
1287 4 2 2 2 41 40 313 88
1288 4 2 2 2 41 313 40 273
1289 4 2 2 2 281 313 40 88
1290 4 2 2 2 281 40 313 273
1291 4 2 2 2 41 278 313 273
1292 4 2 2 2 326 278 313 318
1293 4 2 2 2 44 92 496 420
1294 4 2 2 2 496 92 44 535
1295 4 2 2 2 496 413 44 420
1296 4 2 2 2 44 413 496 535
1297 4 2 2 2 174 318 127 173
1298 4 2 2 2 326 318 127 278
1299 4 2 2 2 326 127 318 173
1300 4 2 2 2 319 180 133 179
1301 4 2 2 2 319 327 133 279
1302 4 2 2 2 133 327 319 179
1303 4 2 2 2 495 548 428 543
1304 4 2 2 2 495 428 548 415
1305 4 2 2 2 435 428 548 543
1306 4 2 2 2 435 548 428 415
1307 4 2 2 2 128 90 318 174
1308 4 2 2 2 318 90 128 278
1309 4 2 2 2 318 127 128 174
1310 4 2 2 2 128 127 318 278
1311 4 2 2 2 83 134 319 180
1312 4 2 2 2 83 319 134 279
1313 4 2 2 2 133 319 134 180
1314 4 2 2 2 133 134 319 279
1315 4 2 2 2 410 31 497 430
1316 4 2 2 2 497 31 410 542
1317 4 2 2 2 497 546 410 430
1318 4 2 2 2 410 546 497 542
1319 4 2 2 2 426 547 494 432
1320 4 2 2 2 426 494 547 527
1321 4 2 2 2 526 416 494 432
1322 4 2 2 2 526 494 416 527
1323 4 2 2 2 416 426 494 432
1324 4 2 2 2 416 494 426 527
1325 4 2 2 2 545 551 423 425
1326 4 2 2 2 545 423 551 102
1327 4 2 2 2 528 544 425 533
1328 4 2 2 2 528 425 544 434
1329 4 2 2 2 425 412 528 522
1330 4 2 2 2 425 528 412 434
1331 4 2 2 2 525 427 524 519
1332 4 2 2 2 525 524 427 411
1333 4 2 2 2 494 524 432 547
1334 4 2 2 2 426 524 432 411
1335 4 2 2 2 426 432 524 547
1336 4 2 2 2 424 414 510 422
1337 4 2 2 2 424 510 414 540
1338 4 2 2 2 46 414 520 534
1339 4 2 2 2 46 520 414 418
1340 4 2 2 2 555 520 414 534
1341 4 2 2 2 555 414 520 418
1342 4 2 2 2 560 8 326 15
1343 4 2 2 2 560 326 8 286
1344 4 2 2 2 127 326 8 15
1345 4 2 2 2 127 8 326 286
1346 4 2 2 2 313 89 278 41
1347 4 2 2 2 313 278 89 318
1348 4 2 2 2 90 278 89 41
1349 4 2 2 2 90 89 278 318
1350 4 2 2 2 107 286 313 326
1351 4 2 2 2 107 313 286 273
1352 4 2 2 2 278 313 286 326
1353 4 2 2 2 278 286 313 273
1354 4 2 2 2 171 172 274 314
1355 4 2 2 2 171 274 172 145
1356 4 2 2 2 324 274 172 314
1357 4 2 2 2 284 274 172 324
1358 4 2 2 2 172 274 284 145
1359 4 2 2 2 172 18 284 324
1360 4 2 2 2 284 18 172 145
1361 4 2 2 2 432 537 524 494
1362 4 2 2 2 432 524 537 411
1363 4 2 3 3 206 78 94 567
1364 4 2 3 3 168 206 94 567
1365 4 2 3 3 343 168 323 567
1366 4 2 3 3 343 206 168 567
1367 4 2 3 3 83 180 67 564
1368 4 2 3 3 67 180 199 564
1369 4 2 3 3 89 72 88 563
1370 4 2 3 3 73 72 89 563
1371 4 2 3 3 70 162 188 565
1372 4 2 3 3 162 70 86 565
1373 4 2 3 3 92 76 75 568
1374 4 2 3 3 86 189 163 565
1375 4 2 3 3 207 170 169 566
1376 4 2 3 3 189 86 70 565
1377 4 2 3 3 192 174 173 562
1378 4 2 3 3 91 92 75 568
1379 4 2 3 3 206 351 331 94
1380 4 2 3 3 208 170 207 566
1381 4 2 3 3 349 329 91 568
1382 4 2 3 3 181 201 66 182
1383 4 2 3 3 316 334 64 314
1384 4 2 3 3 87 70 162 71
1385 4 2 3 3 70 87 162 86
1386 4 2 3 3 70 162 71 188
1387 4 2 3 3 189 188 163 565
1388 4 2 3 3 194 91 195 176
1389 4 2 3 3 166 205 335 204
1390 4 2 3 3 209 314 172 171
1391 4 2 3 3 200 199 181 564
1392 4 2 3 3 162 163 188 565
1393 4 2 3 3 190 312 164 165
1394 4 2 3 3 188 161 71 187
1395 4 2 3 3 315 77 93 317
1396 4 2 3 3 334 316 64 336
1397 4 2 3 3 316 64 80 314
1398 4 2 3 3 312 68 69 85
1399 4 2 3 3 193 174 192 562
1400 4 2 3 3 333 160 159 186
1401 4 2 3 3 92 93 77 317
1402 4 2 3 3 316 64 81 80
1403 4 2 3 3 161 162 71 87
1404 4 2 3 3 161 188 71 162
1405 4 2 3 3 336 184 316 183
1406 4 2 3 3 330 63 4 350
1407 4 2 3 3 181 199 180 564
1408 4 2 3 3 191 190 165 332
1409 4 2 3 3 317 197 177 178
1410 4 2 3 3 186 333 185 159
1411 4 2 3 3 336 184 183 203
1412 4 2 3 3 63 170 330 79
1413 4 2 3 3 331 168 206 94
1414 4 2 3 3 351 206 78 94
1415 4 2 3 3 68 312 69 332
1416 4 2 3 3 312 68 85 84
1417 4 2 3 3 82 181 66 182
1418 4 2 3 3 194 91 176 175
1419 4 2 3 3 181 201 200 66
1420 4 2 3 3 183 336 203 202
1421 4 2 3 3 333 160 313 159
1422 4 2 3 3 190 312 165 332
1423 4 2 3 3 68 319 83 84
1424 4 2 3 3 86 189 340 320
1425 4 2 3 3 75 349 91 568
1426 4 2 3 3 91 194 195 75
1427 4 2 3 3 22 324 344 184
1428 4 2 3 3 204 166 21 345
1429 4 2 3 3 339 180 67 319
1430 4 2 3 3 350 169 330 566
1431 4 2 3 3 194 174 90 175
1432 4 2 3 3 327 16 20 179
1433 4 2 3 3 193 318 90 174
1434 4 2 3 3 319 83 180 67
1435 4 2 3 3 180 339 67 199
1436 4 2 3 3 334 336 344 324
1437 4 2 3 3 71 161 341 187
1438 4 2 3 3 86 189 320 163
1439 4 2 3 3 63 170 79 322
1440 4 2 3 3 17 197 325 178
1441 4 2 3 3 22 324 184 18
1442 4 2 3 3 15 192 346 19
1443 4 2 3 3 184 344 336 324
1444 4 2 3 3 334 316 324 314
1445 4 2 3 3 71 341 88 72
1446 4 2 3 3 189 86 340 70
1447 4 2 3 3 4 350 169 330
1448 4 2 3 3 327 332 347 165
1449 4 2 3 3 346 159 333 326
1450 4 2 3 3 322 64 63 342
1451 4 2 3 3 351 169 206 331
1452 4 2 3 3 90 193 194 74
1453 4 2 3 3 193 90 194 174
1454 4 2 3 3 315 343 77 335
1455 4 2 3 3 167 343 168 323
1456 4 2 3 3 349 76 337 329
1457 4 2 3 3 210 324 22 172
1458 4 2 3 3 65 336 328 348
1459 4 2 3 3 203 22 344 184
1460 4 2 3 3 343 167 168 205
1461 4 2 3 3 209 170 322 171
1462 4 2 3 3 3 63 350 4
1463 4 2 3 3 348 183 336 328
1464 4 2 3 3 324 210 22 344
1465 4 2 3 3 339 67 68 319
1466 4 2 3 3 334 316 336 324
1467 4 2 3 3 326 159 15 346
1468 4 2 3 3 347 165 20 327
1469 4 2 3 3 70 340 69 86
1470 4 2 3 3 194 91 90 75
1471 4 2 3 3 91 194 90 175
1472 4 2 3 3 181 83 82 66
1473 4 2 3 3 181 83 66 200
1474 4 2 3 3 328 183 336 316
1475 4 2 3 3 190 320 312 340
1476 4 2 3 3 333 88 72 563
1477 4 2 3 3 172 324 22 18
1478 4 2 3 3 320 312 164 190
1479 4 2 3 3 319 68 83 67
1480 4 2 3 3 337 196 349 329
1481 4 2 3 3 64 314 322 80
1482 4 2 3 3 184 324 336 316
1483 4 2 3 3 191 165 347 332
1484 4 2 3 3 159 346 333 185
1485 4 2 3 3 183 348 336 202
1486 4 2 3 3 64 322 63 80
1487 4 2 3 3 197 317 325 178
1488 4 2 3 3 344 184 336 203
1489 4 2 3 3 3 94 351 78
1490 4 2 3 3 63 330 4 79
1491 4 2 3 3 78 323 93 94
1492 4 2 3 3 322 79 63 80
1493 4 2 3 3 90 194 75 74
1494 4 2 3 3 200 66 67 83
1495 4 2 3 3 183 328 348 182
1496 4 2 3 3 159 19 15 346
1497 4 2 3 3 165 20 327 16
1498 4 2 3 3 346 159 19 185
1499 4 2 3 3 165 347 20 191
1500 4 2 3 3 159 333 326 313
1501 4 2 3 3 327 332 165 312
1502 4 2 3 3 166 204 335 345
1503 4 2 3 3 348 183 182 201
1504 4 2 3 3 68 312 319 84
1505 4 2 3 3 88 333 313 563
1506 4 2 3 3 339 327 332 347
1507 4 2 3 3 325 166 335 345
1508 4 2 3 3 350 207 169 566
1509 4 2 3 3 205 343 206 168
1510 4 2 3 3 177 195 329 176
1511 4 2 3 3 183 348 202 201
1512 4 2 3 3 312 190 340 332
1513 4 2 3 3 333 160 321 313
1514 4 2 3 3 315 343 167 323
1515 4 2 3 3 325 335 166 315
1516 4 2 3 3 3 350 207 169
1517 4 2 3 3 207 351 3 169
1518 4 2 3 3 169 351 206 207
1519 4 2 3 3 196 329 195 349
1520 4 2 3 3 171 209 314 322
1521 4 2 3 3 334 210 324 344
1522 4 2 3 3 329 196 195 177
1523 4 2 3 3 350 4 169 3
1524 4 2 3 3 321 333 88 341
1525 4 2 3 3 182 348 66 328
1526 4 2 3 3 348 182 66 201
1527 4 2 3 3 65 82 328 81
1528 4 2 3 3 189 320 190 340
1529 4 2 3 3 164 189 320 190
1530 4 2 3 3 341 333 88 72
1531 4 2 3 3 329 195 349 91
1532 4 2 3 3 65 66 348 328
1533 4 2 3 3 329 195 91 176
1534 4 2 3 3 181 83 200 564
1535 4 2 3 3 168 206 169 331
1536 4 2 3 3 189 164 320 163
1537 4 2 3 3 186 341 161 187
1538 4 2 3 3 333 88 313 321
1539 4 2 3 3 69 312 340 332
1540 4 2 3 3 67 200 83 564
1541 4 2 3 3 179 339 180 198
1542 4 2 3 3 182 328 66 82
1543 4 2 3 3 75 349 195 91
1544 4 2 3 3 65 66 328 82
1545 4 2 3 3 339 179 180 319
1546 4 2 3 3 319 179 327 339
1547 4 2 3 3 193 338 318 562
1548 4 2 3 3 339 199 180 198
1549 4 2 3 3 329 76 92 568
1550 4 2 3 3 349 76 329 568
1551 4 2 3 3 193 318 174 562
1552 4 2 3 3 323 78 343 567
1553 4 2 3 3 78 323 94 567
1554 4 2 3 3 163 162 86 565
1555 4 2 3 3 192 338 193 562
1556 4 2 3 3 89 88 313 563
1557 4 2 3 3 180 83 181 564
1558 4 2 3 3 199 200 67 564
1559 4 2 3 3 75 76 349 568
1560 4 2 3 3 318 173 174 562
1561 4 2 3 3 323 168 94 567
1562 4 2 3 3 91 329 92 568
1563 4 2 3 3 170 330 169 566
1564 4 2 3 3 189 70 188 565
1565 4 2 3 3 350 208 207 566
1566 4 2 3 3 72 73 333 563
1567 4 2 3 3 78 206 343 567
1568 4 2 3 3 350 566 170 208
1569 4 2 3 3 170 566 350 330
1570 4 2 3 3 170 63 350 208
1571 4 2 3 3 350 63 170 330
1572 4 2 3 3 77 335 317 315
1573 4 2 3 3 77 317 335 337
1574 4 2 3 3 325 317 335 315
1575 4 2 3 3 77 76 317 337
1576 4 2 3 3 77 317 76 92
1577 4 2 3 3 329 317 76 337
1578 4 2 3 3 329 76 317 92
1579 4 2 3 3 166 205 315 335
1580 4 2 3 3 166 315 205 167
1581 4 2 3 3 343 315 205 335
1582 4 2 3 3 343 205 315 167
1583 4 2 3 3 64 65 316 81
1584 4 2 3 3 64 316 65 336
1585 4 2 3 3 328 316 65 81
1586 4 2 3 3 328 65 316 336
1587 4 2 3 3 169 331 3 4
1588 4 2 3 3 169 3 331 351
1589 4 2 3 3 94 3 331 4
1590 4 2 3 3 94 331 3 351
1591 4 2 3 3 15 326 192 173
1592 4 2 3 3 15 192 326 346
1593 4 2 3 3 209 342 170 208
1594 4 2 3 3 209 170 342 322
1595 4 2 3 3 63 170 342 208
1596 4 2 3 3 63 342 170 322
1597 4 2 3 3 177 197 337 196
1598 4 2 3 3 337 197 177 317
1599 4 2 3 3 337 329 177 196
1600 4 2 3 3 177 329 337 317
1601 4 2 3 3 321 88 71 341
1602 4 2 3 3 71 88 321 87
1603 4 2 3 3 71 161 321 341
1604 4 2 3 3 321 161 71 87
1605 4 2 3 3 318 562 192 173
1606 4 2 3 3 192 562 318 338
1607 4 2 3 3 192 326 318 173
1608 4 2 3 3 345 166 17 325
1609 4 2 3 3 17 166 345 21
1610 4 2 3 3 17 197 345 325
1611 4 2 3 3 345 197 17 21
1612 4 2 3 3 339 347 179 327
1613 4 2 3 3 339 179 347 198
1614 4 2 3 3 20 179 347 327
1615 4 2 3 3 20 347 179 198
1616 4 2 3 3 73 338 90 74
1617 4 2 3 3 193 90 338 74
1618 4 2 3 3 193 338 90 318
1619 4 2 3 3 312 320 69 340
1620 4 2 3 3 312 69 320 85
1621 4 2 3 3 86 69 320 340
1622 4 2 3 3 86 320 69 85
1623 4 2 3 3 345 197 317 325
1624 4 2 3 3 317 197 345 337
1625 4 2 3 3 317 335 345 325
1626 4 2 3 3 345 335 317 337
1627 4 2 3 3 78 343 93 323
1628 4 2 3 3 78 93 343 77
1629 4 2 3 3 315 93 343 323
1630 4 2 3 3 315 343 93 77
1631 4 2 3 3 64 322 334 342
1632 4 2 3 3 64 334 322 314
1633 4 2 3 3 209 334 322 342
1634 4 2 3 3 209 322 334 314
1635 4 2 3 3 161 341 160 321
1636 4 2 3 3 161 160 341 186
1637 4 2 3 3 333 160 341 321
1638 4 2 3 3 333 341 160 186
1639 4 2 3 3 90 89 338 73
1640 4 2 3 3 90 338 89 318
1641 4 2 3 3 68 312 339 319
1642 4 2 3 3 68 339 312 332
1643 4 2 3 3 327 339 312 319
1644 4 2 3 3 327 312 339 332
1645 4 2 3 3 563 89 333 313
1646 4 2 3 3 563 333 89 73
1647 4 2 3 3 338 89 333 73
1648 4 2 3 3 333 89 318 313
1649 4 2 3 3 318 89 333 338
1650 4 2 3 3 318 326 333 313
1651 4 2 3 3 324 334 172 210
1652 4 2 3 3 324 172 334 314
1653 4 2 3 3 209 172 334 210
1654 4 2 3 3 209 334 172 314
1655 4 2 3 3 346 333 318 326
1656 4 2 3 3 318 333 346 338
1657 4 2 3 3 318 192 346 326
1658 4 2 3 3 346 192 318 338
1659 4 2 4 6 271 99 105 266
1660 4 2 4 6 269 270 271 95
1661 4 2 4 6 99 271 267 270
1662 4 2 4 6 271 99 266 270
1663 4 2 4 6 266 271 270 100
1664 4 2 4 6 97 270 268 271
1665 4 2 4 6 264 270 97 271
1666 4 2 4 6 271 99 267 105
1667 4 2 4 6 95 271 269 101
1668 4 2 4 6 265 271 270 95
1669 4 2 4 6 263 270 271 100
1670 4 2 4 6 271 5 6 265
1671 4 2 4 6 270 5 271 265
1672 4 2 4 6 271 5 270 263
1673 4 2 4 6 271 6 5 263
1674 4 2 4 6 95 265 271 101
1675 4 2 4 6 104 270 98 267
1676 4 2 4 6 104 270 267 271
1677 4 2 4 6 104 270 268 98
1678 4 2 4 6 268 270 104 271
1679 4 2 4 6 106 271 266 100
1680 4 2 4 6 263 271 106 100
1681 4 2 4 6 271 102 270 269
1682 4 2 4 6 270 264 102 271
1683 4 2 4 6 96 270 102 269
1684 4 2 4 6 96 270 264 102
1685 4 2 4 6 268 103 97 271
1686 4 2 4 6 264 97 103 271
1687 4 2 4 6 265 270 5 95
1688 4 2 4 6 98 270 99 267
1689 4 2 4 6 96 270 269 95
1690 4 2 4 6 97 96 270 264
1691 4 2 4 6 270 99 266 100
1692 4 2 4 6 268 270 97 98
1693 4 2 4 6 263 5 270 100
1694 4 2 4 6 265 6 271 101
1695 4 2 4 6 104 105 271 267
1696 4 2 4 6 271 106 6 263
1697 4 2 4 6 105 106 271 266
1698 4 2 4 6 269 271 102 101
1699 4 2 4 6 268 104 103 271
1700 4 2 4 6 102 264 103 271
1701 4 2 5 7 51 147 148 400
1702 4 2 5 7 147 51 299 400
1703 4 2 5 7 397 304 26 229
1704 4 2 5 7 304 26 236 397
1705 4 2 5 7 56 57 293 402
1706 4 2 5 7 58 122 298 362
1707 4 2 5 7 387 216 215 300
1708 4 2 5 7 53 292 52 398
1709 4 2 5 7 379 380 48 381
1710 4 2 5 7 385 388 62 357
1711 4 2 5 7 221 222 384 309
1712 4 2 5 7 228 378 308 227
1713 4 2 5 7 57 58 298 362
1714 4 2 5 7 384 376 60 360
1715 4 2 5 7 47 156 310 396
1716 4 2 5 7 50 51 148 355
1717 4 2 5 7 433 383 377 390
1718 4 2 5 7 47 302 156 396
1719 4 2 5 7 58 352 362 363
1720 4 2 5 7 50 355 378 382
1721 4 2 5 7 58 123 122 362
1722 4 2 5 7 431 352 363 364
1723 4 2 5 7 388 232 233 311
1724 4 2 5 7 60 364 376 384
1725 4 2 5 7 355 375 51 400
1726 4 2 5 7 58 59 123 352
1727 4 2 5 7 362 361 57 377
1728 4 2 5 7 235 302 380 396
1729 4 2 5 7 364 59 352 384
1730 4 2 5 7 374 387 53 398
1731 4 2 5 7 310 353 234 233
1732 4 2 5 7 423 426 425 369
1733 4 2 5 7 48 294 302 380
1734 4 2 5 7 423 425 424 369
1735 4 2 5 7 375 374 373 412
1736 4 2 5 7 359 375 52 398
1737 4 2 5 7 356 56 402 390
1738 4 2 5 7 47 381 396 353
1739 4 2 5 7 394 387 53 374
1740 4 2 5 7 212 301 356 213
1741 4 2 5 7 375 374 52 398
1742 4 2 5 7 377 363 383 417
1743 4 2 5 7 426 411 432 372
1744 4 2 5 7 54 55 117 354
1745 4 2 5 7 422 367 386 366
1746 4 2 5 7 411 372 383 390
1747 4 2 5 7 426 423 427 368
1748 4 2 5 7 55 116 117 389
1749 4 2 5 7 382 378 49 379
1750 4 2 5 7 117 118 54 354
1751 4 2 5 7 303 357 231 393
1752 4 2 5 7 59 124 123 352
1753 4 2 5 7 294 380 397 235
1754 4 2 5 7 366 385 418 376
1755 4 2 5 7 388 2 353 395
1756 4 2 5 7 414 422 424 386
1757 4 2 5 7 364 366 413 376
1758 4 2 5 7 216 387 391 300
1759 4 2 5 7 395 385 414 386
1760 4 2 5 7 368 383 365 427
1761 4 2 5 7 114 115 293 392
1762 4 2 5 7 422 424 367 423
1763 4 2 5 7 378 355 50 227
1764 4 2 5 7 378 358 49 379
1765 4 2 5 7 418 413 366 376
1766 4 2 5 7 361 402 57 377
1767 4 2 5 7 408 375 51 355
1768 4 2 5 7 117 55 389 354
1769 4 2 5 7 297 222 384 360
1770 4 2 5 7 379 428 382 406
1771 4 2 5 7 387 215 354 300
1772 4 2 5 7 371 373 374 434
1773 4 2 5 7 360 297 222 223
1774 4 2 5 7 430 381 395 407
1775 4 2 5 7 369 423 368 367
1776 4 2 5 7 149 50 148 355
1777 4 2 5 7 366 421 413 422
1778 4 2 5 7 363 365 383 417
1779 4 2 5 7 309 222 384 297
1780 4 2 5 7 295 61 303 399
1781 4 2 5 7 418 386 385 366
1782 4 2 5 7 62 2 311 388
1783 4 2 5 7 365 423 367 368
1784 4 2 5 7 423 427 365 421
1785 4 2 5 7 310 2 47 353
1786 4 2 5 7 294 158 157 236
1787 4 2 5 7 421 366 364 365
1788 4 2 5 7 434 369 426 371
1789 4 2 5 7 371 372 368 426
1790 4 2 5 7 229 358 296 228
1791 4 2 5 7 232 388 357 311
1792 4 2 5 7 422 365 367 366
1793 4 2 5 7 424 410 430 407
1794 4 2 5 7 62 154 357 311
1795 4 2 5 7 380 48 358 379
1796 4 2 5 7 52 292 299 398
1797 4 2 5 7 295 61 399 360
1798 4 2 5 7 427 426 372 411
1799 4 2 5 7 357 231 232 303
1800 4 2 5 7 424 425 435 370
1801 4 2 5 7 61 295 297 360
1802 4 2 5 7 367 421 365 422
1803 4 2 5 7 48 49 296 379
1804 4 2 5 7 231 153 393 230
1805 4 2 5 7 298 361 362 219
1806 4 2 5 7 427 372 368 383
1807 4 2 5 7 115 392 211 212
1808 4 2 5 7 422 421 423 367
1809 4 2 5 7 218 361 298 219
1810 4 2 5 7 424 369 425 370
1811 4 2 5 7 385 61 376 399
1812 4 2 5 7 387 54 354 394
1813 4 2 5 7 222 126 297 125
1814 4 2 5 7 292 120 391 119
1815 4 2 5 7 367 369 424 370
1816 4 2 5 7 369 434 373 371
1817 4 2 5 7 152 295 153 393
1818 4 2 5 7 393 153 152 230
1819 4 2 5 7 369 367 424 423
1820 4 2 5 7 296 294 48 358
1821 4 2 5 7 221 123 352 220
1822 4 2 5 7 303 231 232 153
1823 4 2 5 7 311 357 232 154
1824 4 2 5 7 62 154 303 357
1825 4 2 5 7 403 224 24 307
1826 4 2 5 7 401 390 55 389
1827 4 2 5 7 126 222 297 223
1828 4 2 5 7 306 7 405 121
1829 4 2 5 7 150 229 296 228
1830 4 2 5 7 229 150 296 151
1831 4 2 5 7 392 301 356 212
1832 4 2 5 7 297 60 61 360
1833 4 2 5 7 434 369 425 426
1834 4 2 5 7 217 119 391 120
1835 4 2 5 7 123 221 352 124
1836 4 2 5 7 362 220 123 219
1837 4 2 5 7 412 425 434 373
1838 4 2 5 7 354 214 389 117
1839 4 2 5 7 379 410 428 406
1840 4 2 5 7 213 117 389 214
1841 4 2 5 7 366 421 422 365
1842 4 2 5 7 305 11 126 404
1843 4 2 5 7 430 381 353 395
1844 4 2 5 7 425 415 435 409
1845 4 2 5 7 384 59 352 221
1846 4 2 5 7 236 157 294 235
1847 4 2 5 7 377 402 433 390
1848 4 2 5 7 421 423 367 365
1849 4 2 5 7 233 2 353 388
1850 4 2 5 7 52 53 398 429
1851 4 2 5 7 119 217 391 216
1852 4 2 5 7 381 430 353 47
1853 4 2 5 7 406 379 410 381
1854 4 2 5 7 62 303 399 357
1855 4 2 5 7 416 372 394 371
1856 4 2 5 7 426 369 368 371
1857 4 2 5 7 397 358 304 229
1858 4 2 5 7 412 419 425 373
1859 4 2 5 7 114 392 211 115
1860 4 2 5 7 213 301 356 389
1861 4 2 5 7 358 294 48 380
1862 4 2 5 7 427 417 365 421
1863 4 2 5 7 214 354 215 117
1864 4 2 5 7 149 355 148 227
1865 4 2 5 7 355 226 148 227
1866 4 2 5 7 376 61 60 360
1867 4 2 5 7 435 370 425 409
1868 4 2 5 7 293 57 361 402
1869 4 2 5 7 217 403 24 307
1870 4 2 5 7 359 403 391 307
1871 4 2 5 7 418 422 386 366
1872 4 2 5 7 430 386 414 424
1873 4 2 5 7 56 301 55 356
1874 4 2 5 7 358 296 304 229
1875 4 2 5 7 62 395 2 388
1876 4 2 5 7 116 55 301 389
1877 4 2 5 7 7 218 23 405
1878 4 2 5 7 7 218 405 121
1879 4 2 5 7 11 223 404 25
1880 4 2 5 7 54 354 118 300
1881 4 2 5 7 53 54 300 387
1882 4 2 5 7 146 10 224 307
1883 4 2 5 7 224 10 24 307
1884 4 2 5 7 410 428 48 379
1885 4 2 5 7 390 401 411 372
1886 4 2 5 7 415 382 406 409
1887 4 2 5 7 408 375 373 412
1888 4 2 5 7 360 376 61 399
1889 4 2 5 7 390 356 55 389
1890 4 2 5 7 152 25 404 230
1891 4 2 5 7 223 11 404 126
1892 4 2 5 7 410 48 381 379
1893 4 2 5 7 301 392 115 212
1894 4 2 5 7 118 354 215 300
1895 4 2 5 7 380 294 302 235
1896 4 2 5 7 213 117 116 389
1897 4 2 5 7 425 370 369 409
1898 4 2 5 7 363 431 421 417
1899 4 2 5 7 407 406 410 381
1900 4 2 5 7 232 154 303 153
1901 4 2 5 7 425 369 373 409
1902 4 2 5 7 2 430 47 353
1903 4 2 5 7 388 233 2 311
1904 4 2 5 7 61 62 303 399
1905 4 2 5 7 430 386 424 407
1906 4 2 5 7 413 420 421 364
1907 4 2 5 7 433 427 417 383
1908 4 2 5 7 305 152 11 404
1909 4 2 5 7 433 402 56 390
1910 4 2 5 7 223 360 297 404
1911 4 2 5 7 394 371 374 416
1912 4 2 5 7 58 352 220 362
1913 4 2 5 7 234 157 396 156
1914 4 2 5 7 353 310 2 233
1915 4 2 5 7 60 309 59 384
1916 4 2 5 7 382 428 415 406
1917 4 2 5 7 366 421 364 413
1918 4 2 5 7 367 370 424 386
1919 4 2 5 7 62 395 388 385
1920 4 2 5 7 434 369 373 425
1921 4 2 5 7 354 215 117 118
1922 4 2 5 7 307 391 359 292
1923 4 2 5 7 417 427 365 383
1924 4 2 5 7 293 57 298 361
1925 4 2 5 7 423 426 369 368
1926 4 2 5 7 222 309 125 297
1927 4 2 5 7 302 157 156 396
1928 4 2 5 7 31 430 2 1
1929 4 2 5 7 217 10 307 24
1930 4 2 5 7 372 416 426 371
1931 4 2 5 7 221 384 59 309
1932 4 2 5 7 300 391 216 119
1933 4 2 5 7 48 296 358 379
1934 4 2 5 7 10 217 307 120
1935 4 2 5 7 49 50 308 378
1936 4 2 5 7 427 423 365 368
1937 4 2 5 7 157 234 396 235
1938 4 2 5 7 52 53 429 37
1939 4 2 5 7 419 409 373 408
1940 4 2 5 7 296 308 150 228
1941 4 2 5 7 397 236 294 235
1942 4 2 5 7 292 120 307 391
1943 4 2 5 7 359 375 400 299
1944 4 2 5 7 300 292 391 119
1945 4 2 5 7 353 396 310 234
1946 4 2 5 7 295 393 360 399
1947 4 2 5 7 416 372 426 432
1948 4 2 5 7 357 388 62 311
1949 4 2 5 7 25 152 404 11
1950 4 2 5 7 360 393 295 404
1951 4 2 5 7 417 421 363 365
1952 4 2 5 7 358 296 49 379
1953 4 2 5 7 384 60 364 420
1954 4 2 5 7 416 372 432 394
1955 4 2 5 7 296 151 304 229
1956 4 2 5 7 356 55 56 390
1957 4 2 5 7 211 7 23 405
1958 4 2 5 7 115 213 301 212
1959 4 2 5 7 211 7 405 114
1960 4 2 5 7 405 7 306 114
1961 4 2 5 7 213 116 301 389
1962 4 2 5 7 419 415 425 409
1963 4 2 5 7 115 293 392 301
1964 4 2 5 7 57 56 433 402
1965 4 2 5 7 233 310 2 155
1966 4 2 5 7 155 2 233 311
1967 4 2 5 7 409 406 435 370
1968 4 2 5 7 430 31 2 47
1969 4 2 5 7 309 384 60 297
1970 4 2 5 7 429 374 52 412
1971 4 2 5 7 233 156 310 155
1972 4 2 5 7 311 233 155 154
1973 4 2 5 7 62 414 395 385
1974 4 2 5 7 422 418 386 414
1975 4 2 5 7 58 362 377 363
1976 4 2 5 7 378 50 308 227
1977 4 2 5 7 123 122 362 219
1978 4 2 5 7 2 430 353 395
1979 4 2 5 7 414 418 386 385
1980 4 2 5 7 398 391 387 292
1981 4 2 5 7 52 37 429 36
1982 4 2 5 7 433 383 411 427
1983 4 2 5 7 224 359 225 299
1984 4 2 5 7 387 53 54 394
1985 4 2 5 7 357 62 385 399
1986 4 2 5 7 392 361 402 293
1987 4 2 5 7 309 124 222 125
1988 4 2 5 7 418 422 366 413
1989 4 2 5 7 233 156 234 310
1990 4 2 5 7 232 233 311 154
1991 4 2 5 7 304 14 26 151
1992 4 2 5 7 297 384 60 360
1993 4 2 5 7 418 385 61 376
1994 4 2 5 7 52 375 359 299
1995 4 2 5 7 58 377 417 363
1996 4 2 5 7 49 308 296 378
1997 4 2 5 7 230 152 393 404
1998 4 2 5 7 435 415 406 409
1999 4 2 5 7 420 421 364 431
2000 4 2 5 7 375 408 419 412
2001 4 2 5 7 405 361 392 293
2002 4 2 5 7 294 296 304 397
2003 4 2 5 7 355 50 408 382
2004 4 2 5 7 302 47 48 380
2005 4 2 5 7 217 307 391 403
2006 4 2 5 7 228 149 308 150
2007 4 2 5 7 222 221 124 309
2008 4 2 5 7 304 26 158 236
2009 4 2 5 7 393 303 357 399
2010 4 2 5 7 151 26 304 229
2011 4 2 5 7 426 427 372 368
2012 4 2 5 7 429 434 374 412
2013 4 2 5 7 376 420 364 60
2014 4 2 5 7 213 115 301 116
2015 4 2 5 7 149 228 308 227
2016 4 2 5 7 426 416 434 371
2017 4 2 5 7 352 123 58 220
2018 4 2 5 7 354 54 387 300
2019 4 2 5 7 434 416 374 371
2020 4 2 5 7 384 364 59 420
2021 4 2 5 7 154 357 232 303
2022 4 2 5 7 352 431 59 364
2023 4 2 5 7 415 428 435 406
2024 4 2 5 7 394 401 372 432
2025 4 2 5 7 411 372 427 383
2026 4 2 5 7 359 391 398 292
2027 4 2 5 7 157 302 235 396
2028 4 2 5 7 41 40 433 56
2029 4 2 5 7 158 14 26 304
2030 4 2 5 7 392 211 405 114
2031 4 2 5 7 56 301 356 293
2032 4 2 5 7 410 370 407 424
2033 4 2 5 7 62 61 385 399
2034 4 2 5 7 355 226 400 148
2035 4 2 5 7 417 377 433 383
2036 4 2 5 7 124 221 59 309
2037 4 2 5 7 376 420 413 364
2038 4 2 5 7 149 50 355 227
2039 4 2 5 7 302 47 380 396
2040 4 2 5 7 53 416 429 37
2041 4 2 5 7 307 217 391 120
2042 4 2 5 7 419 409 425 373
2043 4 2 5 7 375 52 374 412
2044 4 2 5 7 381 380 47 396
2045 4 2 5 7 416 53 429 374
2046 4 2 5 7 358 49 296 378
2047 4 2 5 7 405 218 361 298
2048 4 2 5 7 50 149 308 227
2049 4 2 5 7 373 374 434 412
2050 4 2 5 7 410 424 435 370
2051 4 2 5 7 301 55 356 389
2052 4 2 5 7 303 153 295 393
2053 4 2 5 7 410 370 406 407
2054 4 2 5 7 153 303 231 393
2055 4 2 5 7 215 118 300 119
2056 4 2 5 7 53 374 398 429
2057 4 2 5 7 386 430 395 407
2058 4 2 5 7 359 299 307 292
2059 4 2 5 7 49 428 382 379
2060 4 2 5 7 416 434 374 429
2061 4 2 5 7 50 419 408 382
2062 4 2 5 7 292 391 387 300
2063 4 2 5 7 224 307 299 146
2064 4 2 5 7 359 400 225 299
2065 4 2 5 7 55 54 401 354
2066 4 2 5 7 294 157 302 235
2067 4 2 5 7 389 55 401 354
2068 4 2 5 7 383 433 411 390
2069 4 2 5 7 44 59 420 60
2070 4 2 5 7 410 370 435 406
2071 4 2 5 7 355 50 419 408
2072 4 2 5 7 57 56 41 433
2073 4 2 5 7 300 216 215 119
2074 4 2 5 7 221 59 352 124
2075 4 2 5 7 293 56 402 356
2076 4 2 5 7 47 48 380 381
2077 4 2 5 7 220 123 58 362
2078 4 2 5 7 147 224 299 146
2079 4 2 5 7 147 224 225 299
2080 4 2 5 7 298 121 218 122
2081 4 2 5 7 402 392 293 356
2082 4 2 5 7 387 53 398 292
2083 4 2 5 7 301 293 392 356
2084 4 2 5 7 147 226 400 225
2085 4 2 5 7 419 355 408 51
2086 4 2 5 7 59 60 384 420
2087 4 2 5 7 298 361 57 362
2088 4 2 5 7 400 51 355 148
2089 4 2 5 7 352 58 431 363
2090 4 2 5 7 53 416 394 374
2091 4 2 5 7 362 122 298 219
2092 4 2 5 7 156 310 396 234
2093 4 2 5 7 122 218 298 219
2094 4 2 5 7 300 53 387 292
2095 4 2 5 7 32 410 428 48
2096 4 2 5 7 51 50 419 355
2097 4 2 5 7 433 57 402 377
2098 4 2 5 7 407 386 424 370
2099 4 2 5 7 51 375 408 419
2100 4 2 5 7 393 295 303 399
2101 4 2 5 7 54 401 354 394
2102 4 2 5 7 380 358 294 397
2103 4 2 5 7 52 36 429 412
2104 4 2 5 7 424 422 367 386
2105 4 2 5 7 294 158 236 397
2106 4 2 5 7 299 359 398 292
2107 4 2 5 7 58 59 352 431
2108 4 2 5 7 57 58 362 377
2109 4 2 5 7 51 375 419 412
2110 4 2 5 7 396 310 47 353
2111 4 2 5 7 299 400 225 147
2112 4 2 5 7 226 147 400 148
2113 4 2 5 7 158 294 304 397
2114 4 2 5 7 49 50 378 382
2115 4 2 5 7 59 44 420 43
2116 4 2 5 7 398 374 52 429
2117 4 2 5 7 304 296 358 397
2118 4 2 5 7 430 386 395 414
2119 4 2 5 7 35 34 419 50
2120 4 2 5 7 411 401 432 372
2121 4 2 5 7 428 410 435 406
2122 4 2 5 7 358 296 294 397
2123 4 2 5 7 364 431 59 420
2124 4 2 5 7 35 50 419 51
2125 4 2 5 7 54 401 394 432
2126 4 2 5 7 412 419 373 408
2127 4 2 5 7 430 381 407 410
2128 4 2 5 7 58 59 431 43
2129 4 2 5 7 419 35 51 412
2130 4 2 5 7 42 431 43 58
2131 4 2 5 7 52 359 398 299
2132 4 2 5 7 43 59 431 420
2133 4 2 5 7 236 158 304 397
2134 4 2 5 7 412 51 36 35
2135 4 2 5 7 33 428 48 32
2136 4 2 5 7 363 421 364 365
2137 4 2 5 7 363 364 421 431
2138 4 2 5 7 404 297 295 360
2139 4 2 5 7 404 295 297 305
2140 4 2 5 7 62 1 414 46
2141 4 2 5 7 299 375 51 52
2142 4 2 5 7 299 51 375 400
2143 4 2 5 7 53 38 416 37
2144 4 2 5 7 405 293 114 306
2145 4 2 5 7 114 293 405 392
2146 4 2 5 7 432 54 416 394
2147 4 2 5 7 432 416 54 38
2148 4 2 5 7 53 416 54 394
2149 4 2 5 7 53 54 416 38
2150 4 2 5 7 296 378 228 358
2151 4 2 5 7 228 378 296 308
2152 4 2 5 7 405 298 293 306
2153 4 2 5 7 293 298 405 361
2154 4 2 5 7 418 61 413 376
2155 4 2 5 7 418 413 61 45
2156 4 2 5 7 44 61 413 45
2157 4 2 5 7 49 34 415 33
2158 4 2 5 7 415 428 49 33
2159 4 2 5 7 49 428 415 382
2160 4 2 5 7 61 60 413 376
2161 4 2 5 7 61 413 60 44
2162 4 2 5 7 420 413 60 376
2163 4 2 5 7 420 60 413 44
2164 4 2 5 7 40 411 55 39
2165 4 2 5 7 401 411 55 390
2166 4 2 5 7 61 46 418 45
2167 4 2 5 7 58 417 41 42
2168 4 2 5 7 419 382 409 408
2169 4 2 5 7 419 409 382 415
2170 4 2 5 7 61 62 418 46
2171 4 2 5 7 61 418 62 385
2172 4 2 5 7 414 418 62 46
2173 4 2 5 7 414 62 418 385
2174 4 2 5 7 411 55 432 401
2175 4 2 5 7 411 432 55 39
2176 4 2 5 7 38 55 432 39
2177 4 2 5 7 54 55 432 38
2178 4 2 5 7 54 432 55 401
2179 4 2 5 7 31 48 410 32
2180 4 2 5 7 430 2 414 395
2181 4 2 5 7 430 414 2 1
2182 4 2 5 7 62 414 2 395
2183 4 2 5 7 62 2 414 1
2184 4 2 5 7 121 405 298 218
2185 4 2 5 7 121 298 405 306
2186 4 2 5 7 430 47 410 31
2187 4 2 5 7 430 410 47 381
2188 4 2 5 7 48 410 47 31
2189 4 2 5 7 48 47 410 381
2190 4 2 5 7 404 295 152 393
2191 4 2 5 7 404 152 295 305
2192 4 2 5 7 49 50 415 34
2193 4 2 5 7 49 415 50 382
2194 4 2 5 7 419 415 50 34
2195 4 2 5 7 419 50 415 382
2196 4 2 5 7 359 307 224 403
2197 4 2 5 7 224 307 359 299
2198 4 2 5 7 417 58 431 42
2199 4 2 5 7 417 431 58 363
2200 4 2 5 7 404 126 297 223
2201 4 2 5 7 404 297 126 305
2202 4 2 5 7 52 412 51 36
2203 4 2 5 7 51 412 52 375
2204 4 2 5 7 56 433 411 40
2205 4 2 5 7 411 433 56 390
2206 4 2 5 7 411 55 56 40
2207 4 2 5 7 56 55 411 390
2208 4 2 5 7 49 428 48 33
2209 4 2 5 7 49 48 428 379
2210 4 2 5 7 58 57 417 377
2211 4 2 5 7 58 417 57 41
2212 4 2 5 7 433 417 57 377
2213 4 2 5 7 433 57 417 41
2214 4 2 5 8 451 99 270 100
2215 4 2 5 8 452 570 455 572
2216 4 2 5 8 99 571 451 573
2217 4 2 5 8 100 451 99 571
2218 4 2 5 8 518 450 554 502
2219 4 2 5 8 451 270 5 100
2220 4 2 5 8 449 451 450 571
2221 4 2 5 8 200 199 67 484
2222 4 2 5 8 517 557 544 570
2223 4 2 5 8 449 515 514 573
2224 4 2 5 8 539 515 514 449
2225 4 2 5 8 533 455 544 572
2226 4 2 5 8 528 544 533 455
2227 4 2 5 8 67 199 339 484
2228 4 2 5 8 449 450 518 571
2229 4 2 5 8 516 524 519 456
2230 4 2 5 8 106 263 100 498
2231 4 2 5 8 510 470 523 509
2232 4 2 5 8 504 453 500 569
2233 4 2 5 8 503 509 523 569
2234 4 2 5 8 451 518 450 571
2235 4 2 5 8 481 255 30 344
2236 4 2 5 8 30 262 481 344
2237 4 2 5 8 103 97 264 506
2238 4 2 5 8 467 449 514 573
2239 4 2 5 8 456 519 516 452
2240 4 2 5 8 449 514 539 467
2241 4 2 5 8 544 570 557 572
2242 4 2 5 8 95 453 500 551
2243 4 2 5 8 547 517 455 452
2244 4 2 5 8 98 512 104 267
2245 4 2 5 8 269 453 96 95
2246 4 2 5 8 467 514 452 573
2247 4 2 5 8 500 503 504 569
2248 4 2 5 8 264 545 96 102
2249 4 2 5 8 467 452 449 573
2250 4 2 5 8 73 72 333 486
2251 4 2 5 8 95 269 453 551
2252 4 2 5 8 193 74 338 446
2253 4 2 5 8 5 498 499 569
2254 4 2 5 8 453 505 504 500
2255 4 2 5 8 264 96 545 506
2256 4 2 5 8 451 450 518 502
2257 4 2 5 8 103 264 102 506
2258 4 2 5 8 340 471 242 241
2259 4 2 5 8 68 332 69 482
2260 4 2 5 8 456 467 519 452
2261 4 2 5 8 463 465 64 464
2262 4 2 5 8 467 519 524 456
2263 4 2 5 8 453 455 533 572
2264 4 2 5 8 514 519 467 452
2265 4 2 5 8 470 450 555 469
2266 4 2 5 8 100 266 106 501
2267 4 2 5 8 455 452 517 570
2268 4 2 5 8 247 468 248 349
2269 4 2 5 8 447 436 531 448
2270 4 2 5 8 500 453 95 569
2271 4 2 5 8 469 441 78 472
2272 4 2 5 8 535 450 460 520
2273 4 2 5 8 449 450 448 541
2274 4 2 5 8 504 454 453 569
2275 4 2 5 8 268 104 98 513
2276 4 2 5 8 254 462 253 348
2277 4 2 5 8 517 544 455 570
2278 4 2 5 8 76 460 468 444
2279 4 2 5 8 456 547 455 452
2280 4 2 5 8 208 63 350 480
2281 4 2 5 8 461 556 474 467
2282 4 2 5 8 447 532 539 449
2283 4 2 5 8 493 454 453 504
2284 4 2 5 8 74 338 446 73
2285 4 2 5 8 533 522 457 453
2286 4 2 5 8 447 531 532 448
2287 4 2 5 8 102 264 545 506
2288 4 2 5 8 469 460 450 520
2289 4 2 5 8 268 103 104 552
2290 4 2 5 8 449 539 447 467
2291 4 2 5 8 194 74 193 446
2292 4 2 5 8 472 258 351 259
2293 4 2 5 8 455 570 544 572
2294 4 2 5 8 449 447 532 448
2295 4 2 5 8 541 449 450 518
2296 4 2 5 8 539 519 467 514
2297 4 2 5 8 97 103 557 506
2298 4 2 5 8 502 518 451 501
2299 4 2 5 8 63 208 342 480
2300 4 2 5 8 517 547 516 452
2301 4 2 5 8 504 505 493 521
2302 4 2 5 8 505 493 453 504
2303 4 2 5 8 66 200 67 439
2304 4 2 5 8 522 528 533 457
2305 4 2 5 8 259 437 260 350
2306 4 2 5 8 479 469 470 534
2307 4 2 5 8 470 450 554 555
2308 4 2 5 8 499 498 509 569
2309 4 2 5 8 447 511 461 467
2310 4 2 5 8 446 73 445 461
2311 4 2 5 8 505 521 522 493
2312 4 2 5 8 448 460 468 76
2313 4 2 5 8 453 505 500 551
2314 4 2 5 8 453 522 457 493
2315 4 2 5 8 446 436 74 447
2316 4 2 5 8 460 448 450 535
2317 4 2 5 8 263 106 6 498
2318 4 2 5 8 469 450 555 520
2319 4 2 5 8 467 524 525 456
2320 4 2 5 8 66 439 466 462
2321 4 2 5 8 70 188 71 438
2322 4 2 5 8 75 74 194 436
2323 4 2 5 8 551 269 102 101
2324 4 2 5 8 436 448 468 75
2325 4 2 5 8 525 474 467 456
2326 4 2 5 8 503 523 454 569
2327 4 2 5 8 557 103 97 552
2328 4 2 5 8 104 268 552 513
2329 4 2 5 8 261 480 464 342
2330 4 2 5 8 525 537 456 524
2331 4 2 5 8 456 516 547 452
2332 4 2 5 8 554 470 555 510
2333 4 2 5 8 470 555 534 469
2334 4 2 5 8 535 536 450 520
2335 4 2 5 8 519 514 516 452
2336 4 2 5 8 556 525 474 467
2337 4 2 5 8 438 473 188 71
2338 4 2 5 8 458 482 69 471
2339 4 2 5 8 70 189 188 438
2340 4 2 5 8 268 97 103 552
2341 4 2 5 8 449 518 538 571
2342 4 2 5 8 246 436 247 195
2343 4 2 5 8 498 100 106 501
2344 4 2 5 8 71 188 187 473
2345 4 2 5 8 454 491 470 523
2346 4 2 5 8 478 458 69 471
2347 4 2 5 8 105 106 266 553
2348 4 2 5 8 337 468 248 444
2349 4 2 5 8 195 75 194 436
2350 4 2 5 8 546 454 549 508
2351 4 2 5 8 349 468 248 337
2352 4 2 5 8 523 491 540 546
2353 4 2 5 8 527 455 478 456
2354 4 2 5 8 469 479 472 534
2355 4 2 5 8 440 238 239 341
2356 4 2 5 8 443 482 68 459
2357 4 2 5 8 249 337 248 444
2358 4 2 5 8 491 465 479 497
2359 4 2 5 8 258 351 441 472
2360 4 2 5 8 439 484 67 459
2361 4 2 5 8 508 504 454 548
2362 4 2 5 8 465 490 463 542
2363 4 2 5 8 485 474 537 456
2364 4 2 5 8 471 475 340 242
2365 4 2 5 8 333 186 185 476
2366 4 2 5 8 507 457 455 528
2367 4 2 5 8 495 490 493 548
2368 4 2 5 8 241 340 471 438
2369 4 2 5 8 334 64 342 464
2370 4 2 5 8 543 463 490 542
2371 4 2 5 8 493 454 504 548
2372 4 2 5 8 511 539 467 447
2373 4 2 5 8 541 450 448 496
2374 4 2 5 8 201 200 66 439
2375 4 2 5 8 205 256 477 204
2376 4 2 5 8 78 206 351 441
2377 4 2 5 8 511 532 539 447
2378 4 2 5 8 465 437 479 497
2379 4 2 5 8 335 204 205 477
2380 4 2 5 8 444 335 77 483
2381 4 2 5 8 254 255 442 336
2382 4 2 5 8 547 524 516 456
2383 4 2 5 8 465 63 437 497
2384 4 2 5 8 98 104 512 513
2385 4 2 5 8 439 66 253 462
2386 4 2 5 8 459 482 68 458
2387 4 2 5 8 101 265 6 499
2388 4 2 5 8 474 486 72 556
2389 4 2 5 8 206 351 441 258
2390 4 2 5 8 474 486 556 461
2391 4 2 5 8 529 459 458 457
2392 4 2 5 8 512 104 267 105
2393 4 2 5 8 486 440 474 72
2394 4 2 5 8 346 489 19 192
2395 4 2 5 8 501 266 106 553
2396 4 2 5 8 441 477 343 257
2397 4 2 5 8 480 63 437 465
2398 4 2 5 8 546 542 549 491
2399 4 2 5 8 464 481 261 334
2400 4 2 5 8 345 197 21 488
2401 4 2 5 8 210 261 262 334
2402 4 2 5 8 205 256 257 477
2403 4 2 5 8 257 343 441 258
2404 4 2 5 8 248 196 337 249
2405 4 2 5 8 478 69 526 471
2406 4 2 5 8 238 476 237 186
2407 4 2 5 8 335 77 337 444
2408 4 2 5 8 466 463 490 543
2409 4 2 5 8 334 64 442 336
2410 4 2 5 8 493 457 492 550
2411 4 2 5 8 495 543 490 548
2412 4 2 5 8 254 203 336 202
2413 4 2 5 8 203 254 336 255
2414 4 2 5 8 197 337 196 249
2415 4 2 5 8 337 77 76 444
2416 4 2 5 8 496 535 450 448
2417 4 2 5 8 332 191 190 475
2418 4 2 5 8 436 246 194 195
2419 4 2 5 8 462 254 442 348
2420 4 2 5 8 252 439 200 253
2421 4 2 5 8 198 487 28 347
2422 4 2 5 8 65 64 336 463
2423 4 2 5 8 499 509 503 569
2424 4 2 5 8 253 439 200 201
2425 4 2 5 8 462 463 65 442
2426 4 2 5 8 507 527 478 526
2427 4 2 5 8 501 518 451 571
2428 4 2 5 8 463 64 465 542
2429 4 2 5 8 448 531 532 496
2430 4 2 5 8 536 555 450 520
2431 4 2 5 8 466 463 65 462
2432 4 2 5 8 491 454 549 546
2433 4 2 5 8 210 261 334 209
2434 4 2 5 8 473 240 438 188
2435 4 2 5 8 460 76 77 444
2436 4 2 5 8 243 347 28 487
2437 4 2 5 8 336 442 254 348
2438 4 2 5 8 491 540 470 523
2439 4 2 5 8 486 445 73 461
2440 4 2 5 8 70 526 69 471
2441 4 2 5 8 522 505 493 453
2442 4 2 5 8 526 70 478 471
2443 4 2 5 8 191 242 475 243
2444 4 2 5 8 345 21 204 488
2445 4 2 5 8 438 241 189 240
2446 4 2 5 8 185 237 476 186
2447 4 2 5 8 464 64 463 442
2448 4 2 5 8 473 239 240 188
2449 4 2 5 8 21 256 204 488
2450 4 2 5 8 338 445 245 446
2451 4 2 5 8 442 464 64 334
2452 4 2 5 8 240 189 438 188
2453 4 2 5 8 77 335 343 483
2454 4 2 5 8 238 440 476 341
2455 4 2 5 8 206 78 343 441
2456 4 2 5 8 530 459 529 492
2457 4 2 5 8 472 78 469 534
2458 4 2 5 8 543 64 463 542
2459 4 2 5 8 263 6 5 498
2460 4 2 5 8 70 478 471 438
2461 4 2 5 8 239 473 440 341
2462 4 2 5 8 70 340 189 438
2463 4 2 5 8 504 503 454 569
2464 4 2 5 8 344 442 255 336
2465 4 2 5 8 445 244 338 245
2466 4 2 5 8 494 527 478 456
2467 4 2 5 8 192 27 489 19
2468 4 2 5 8 491 479 540 497
2469 4 2 5 8 457 507 455 458
2470 4 2 5 8 522 457 493 550
2471 4 2 5 8 242 191 475 190
2472 4 2 5 8 29 21 197 488
2473 4 2 5 8 472 3 479 437
2474 4 2 5 8 63 3 437 497
2475 4 2 5 8 499 5 6 498
2476 4 2 5 8 487 198 28 250
2477 4 2 5 8 241 189 340 438
2478 4 2 5 8 28 198 347 20
2479 4 2 5 8 454 493 490 548
2480 4 2 5 8 483 343 78 441
2481 4 2 5 8 483 77 460 469
2482 4 2 5 8 3 472 259 437
2483 4 2 5 8 63 3 350 437
2484 4 2 5 8 492 439 67 459
2485 4 2 5 8 245 246 193 446
2486 4 2 5 8 436 468 247 75
2487 4 2 5 8 4 63 497 3
2488 4 2 5 8 437 259 3 350
2489 4 2 5 8 473 239 188 187
2490 4 2 5 8 333 486 445 73
2491 4 2 5 8 472 351 3 259
2492 4 2 5 8 455 527 547 456
2493 4 2 5 8 258 207 351 259
2494 4 2 5 8 350 260 259 207
2495 4 2 5 8 3 78 351 472
2496 4 2 5 8 332 68 339 482
2497 4 2 5 8 27 192 489 244
2498 4 2 5 8 473 485 474 71
2499 4 2 5 8 77 460 444 483
2500 4 2 5 8 473 474 440 71
2501 4 2 5 8 191 347 28 243
2502 4 2 5 8 488 197 29 249
2503 4 2 5 8 527 507 478 455
2504 4 2 5 8 537 525 456 474
2505 4 2 5 8 255 22 344 203
2506 4 2 5 8 206 343 205 257
2507 4 2 5 8 206 343 257 258
2508 4 2 5 8 549 542 490 491
2509 4 2 5 8 473 341 187 71
2510 4 2 5 8 440 341 71 72
2511 4 2 5 8 496 535 536 450
2512 4 2 5 8 267 99 512 105
2513 4 2 5 8 190 340 475 242
2514 4 2 5 8 465 491 490 542
2515 4 2 5 8 524 525 519 467
2516 4 2 5 8 68 529 459 458
2517 4 2 5 8 238 476 186 341
2518 4 2 5 8 479 540 470 491
2519 4 2 5 8 209 260 480 208
2520 4 2 5 8 546 523 454 508
2521 4 2 5 8 466 490 493 495
2522 4 2 5 8 255 481 442 344
2523 4 2 5 8 521 493 504 548
2524 4 2 5 8 517 527 547 455
2525 4 2 5 8 480 342 209 208
2526 4 2 5 8 469 77 460 520
2527 4 2 5 8 190 340 332 475
2528 4 2 5 8 19 489 346 185
2529 4 2 5 8 441 351 78 472
2530 4 2 5 8 534 555 520 469
2531 4 2 5 8 484 443 339 459
2532 4 2 5 8 3 78 472 534
2533 4 2 5 8 461 511 556 467
2534 4 2 5 8 196 349 248 337
2535 4 2 5 8 260 209 480 261
2536 4 2 5 8 334 261 464 342
2537 4 2 5 8 474 440 71 72
2538 4 2 5 8 3 94 534 4
2539 4 2 5 8 437 3 479 497
2540 4 2 5 8 86 69 526 85
2541 4 2 5 8 490 466 543 495
2542 4 2 5 8 74 246 436 446
2543 4 2 5 8 343 78 77 483
2544 4 2 5 8 4 63 79 497
2545 4 2 5 8 348 254 336 202
2546 4 2 5 8 518 541 449 538
2547 4 2 5 8 488 204 345 477
2548 4 2 5 8 483 444 335 477
2549 4 2 5 8 481 262 261 334
2550 4 2 5 8 73 72 486 556
2551 4 2 5 8 21 256 488 29
2552 4 2 5 8 64 463 442 336
2553 4 2 5 8 349 247 468 75
2554 4 2 5 8 454 491 523 546
2555 4 2 5 8 336 255 344 203
2556 4 2 5 8 239 473 341 187
2557 4 2 5 8 555 470 534 540
2558 4 2 5 8 350 259 3 207
2559 4 2 5 8 259 351 3 207
2560 4 2 5 8 185 27 489 237
2561 4 2 5 8 442 463 65 336
2562 4 2 5 8 455 458 507 478
2563 4 2 5 8 459 529 492 457
2564 4 2 5 8 28 20 347 191
2565 4 2 5 8 516 513 517 570
2566 4 2 5 8 340 70 69 471
2567 4 2 5 8 477 488 204 256
2568 4 2 5 8 347 243 475 487
2569 4 2 5 8 105 99 512 553
2570 4 2 5 8 476 333 186 341
2571 4 2 5 8 246 194 193 446
2572 4 2 5 8 494 526 478 527
2573 4 2 5 8 339 198 250 251
2574 4 2 5 8 76 468 349 337
2575 4 2 5 8 485 474 71 537
2576 4 2 5 8 204 335 345 477
2577 4 2 5 8 480 260 437 350
2578 4 2 5 8 532 511 531 447
2579 4 2 5 8 69 86 526 70
2580 4 2 5 8 262 30 210 344
2581 4 2 5 8 505 522 533 453
2582 4 2 5 8 27 185 489 19
2583 4 2 5 8 347 191 332 475
2584 4 2 5 8 3 78 534 94
2585 4 2 5 8 544 506 533 572
2586 4 2 5 8 68 339 443 459
2587 4 2 5 8 458 69 526 478
2588 4 2 5 8 476 445 489 333
2589 4 2 5 8 66 253 462 348
2590 4 2 5 8 450 541 536 496
2591 4 2 5 8 339 250 443 251
2592 4 2 5 8 448 436 531 75
2593 4 2 5 8 337 76 468 444
2594 4 2 5 8 350 208 260 207
2595 4 2 5 8 207 258 351 206
2596 4 2 5 8 78 483 441 469
2597 4 2 5 8 253 202 348 201
2598 4 2 5 8 335 337 345 444
2599 4 2 5 8 99 512 553 573
2600 4 2 5 8 501 100 266 571
2601 4 2 5 8 497 542 546 491
2602 4 2 5 8 494 547 527 456
2603 4 2 5 8 338 73 333 445
2604 4 2 5 8 72 89 88 556
2605 4 2 5 8 552 97 557 570
2606 4 2 5 8 349 248 247 196
2607 4 2 5 8 461 446 74 447
2608 4 2 5 8 340 70 471 438
2609 4 2 5 8 464 63 64 342
2610 4 2 5 8 22 255 344 30
2611 4 2 5 8 341 186 238 187
2612 4 2 5 8 238 239 341 187
2613 4 2 5 8 247 195 349 196
2614 4 2 5 8 534 540 470 479
2615 4 2 5 8 459 530 67 492
2616 4 2 5 8 243 347 475 191
2617 4 2 5 8 253 202 254 348
2618 4 2 5 8 343 206 441 258
2619 4 2 5 8 439 200 484 252
2620 4 2 5 8 332 482 475 471
2621 4 2 5 8 525 511 539 467
2622 4 2 5 8 261 480 342 209
2623 4 2 5 8 66 439 253 201
2624 4 2 5 8 75 76 448 468
2625 4 2 5 8 483 78 77 469
2626 4 2 5 8 69 458 68 482
2627 4 2 5 8 246 194 74 436
2628 4 2 5 8 526 485 494 478
2629 4 2 5 8 491 454 490 549
2630 4 2 5 8 66 253 348 201
2631 4 2 5 8 489 237 476 185
2632 4 2 5 8 485 526 70 478
2633 4 2 5 8 339 198 347 487
2634 4 2 5 8 464 480 63 342
2635 4 2 5 8 486 445 476 333
2636 4 2 5 8 477 343 483 441
2637 4 2 5 8 451 509 502 498
2638 4 2 5 8 95 5 265 569
2639 4 2 5 8 76 75 349 468
2640 4 2 5 8 473 440 341 71
2641 4 2 5 8 533 506 545 572
2642 4 2 5 8 450 554 555 536
2643 4 2 5 8 200 251 484 252
2644 4 2 5 8 523 540 470 510
2645 4 2 5 8 349 195 247 75
2646 4 2 5 8 5 6 265 499
2647 4 2 5 8 65 463 466 543
2648 4 2 5 8 527 517 544 455
2649 4 2 5 8 465 480 63 464
2650 4 2 5 8 445 244 489 338
2651 4 2 5 8 73 72 556 89
2652 4 2 5 8 528 507 457 529
2653 4 2 5 8 340 190 189 242
2654 4 2 5 8 210 30 22 344
2655 4 2 5 8 531 74 436 447
2656 4 2 5 8 542 543 549 490
2657 4 2 5 8 508 503 523 454
2658 4 2 5 8 485 473 438 71
2659 4 2 5 8 66 65 348 462
2660 4 2 5 8 335 205 343 477
2661 4 2 5 8 529 67 459 530
2662 4 2 5 8 440 333 341 72
2663 4 2 5 8 342 334 261 209
2664 4 2 5 8 540 534 497 479
2665 4 2 5 8 485 438 70 71
2666 4 2 5 8 449 571 515 573
2667 4 2 5 8 340 332 475 471
2668 4 2 5 8 339 198 487 250
2669 4 2 5 8 528 507 527 455
2670 4 2 5 8 99 105 266 553
2671 4 2 5 8 465 63 64 464
2672 4 2 5 8 333 476 440 341
2673 4 2 5 8 546 491 540 497
2674 4 2 5 8 477 205 343 257
2675 4 2 5 8 451 498 5 569
2676 4 2 5 8 503 504 454 508
2677 4 2 5 8 478 485 494 456
2678 4 2 5 8 336 334 344 481
2679 4 2 5 8 250 487 339 443
2680 4 2 5 8 498 451 100 501
2681 4 2 5 8 501 538 518 571
2682 4 2 5 8 440 486 333 72
2683 4 2 5 8 436 247 195 75
2684 4 2 5 8 492 550 529 530
2685 4 2 5 8 482 332 69 471
2686 4 2 5 8 529 458 507 457
2687 4 2 5 8 251 443 339 484
2688 4 2 5 8 66 439 492 466
2689 4 2 5 8 542 497 465 491
2690 4 2 5 8 498 502 451 501
2691 4 2 5 8 486 476 440 333
2692 4 2 5 8 260 480 208 350
2693 4 2 5 8 246 74 194 446
2694 4 2 5 8 73 445 338 446
2695 4 2 5 8 245 193 338 446
2696 4 2 5 8 484 67 200 439
2697 4 2 5 8 242 189 340 241
2698 4 2 5 8 100 263 451 498
2699 4 2 5 8 244 192 338 193
2700 4 2 5 8 198 339 199 251
2701 4 2 5 8 193 338 244 245
2702 4 2 5 8 499 503 500 569
2703 4 2 5 8 525 511 467 556
2704 4 2 5 8 506 544 557 572
2705 4 2 5 8 541 450 536 518
2706 4 2 5 8 550 493 522 521
2707 4 2 5 8 483 335 343 477
2708 4 2 5 8 472 479 3 534
2709 4 2 5 8 80 64 543 542
2710 4 2 5 8 481 262 334 210
2711 4 2 5 8 97 264 506 572
2712 4 2 5 8 505 453 545 551
2713 4 2 5 8 332 340 69 471
2714 4 2 5 8 556 486 73 461
2715 4 2 5 8 552 268 97 570
2716 4 2 5 8 96 506 264 572
2717 4 2 5 8 536 450 554 518
2718 4 2 5 8 501 266 553 571
2719 4 2 5 8 5 499 265 569
2720 4 2 5 8 5 451 263 498
2721 4 2 5 8 530 492 550 495
2722 4 2 5 8 481 464 442 334
2723 4 2 5 8 480 437 63 350
2724 4 2 5 8 74 73 446 461
2725 4 2 5 8 492 530 66 466
2726 4 2 5 8 519 525 539 467
2727 4 2 5 8 99 266 100 571
2728 4 2 5 8 557 97 506 572
2729 4 2 5 8 263 451 5 100
2730 4 2 5 8 545 533 453 505
2731 4 2 5 8 251 199 200 484
2732 4 2 5 8 449 538 515 571
2733 4 2 5 8 513 552 517 570
2734 4 2 5 8 466 65 66 462
2735 4 2 5 8 550 492 529 457
2736 4 2 5 8 515 553 512 573
2737 4 2 5 8 507 526 478 458
2738 4 2 5 8 70 478 438 485
2739 4 2 5 8 251 339 199 484
2740 4 2 5 8 75 74 436 531
2741 4 2 5 8 344 481 442 336
2742 4 2 5 8 67 66 439 530
2743 4 2 5 8 514 513 516 452
2744 4 2 5 8 451 509 498 569
2745 4 2 5 8 98 512 267 573
2746 4 2 5 8 548 549 543 490
2747 4 2 5 8 457 522 529 550
2748 4 2 5 8 494 485 537 456
2749 4 2 5 8 492 530 466 495
2750 4 2 5 8 529 67 530 83
2751 4 2 5 8 514 512 513 573
2752 4 2 5 8 99 553 571 573
2753 4 2 5 8 515 538 553 571
2754 4 2 5 8 517 552 557 570
2755 4 2 5 8 334 442 481 336
2756 4 2 5 8 557 570 97 572
2757 4 2 5 8 210 334 481 344
2758 4 2 5 8 521 495 493 548
2759 4 2 5 8 515 539 532 449
2760 4 2 5 8 67 530 439 492
2761 4 2 5 8 506 96 545 572
2762 4 2 5 8 516 452 513 570
2763 4 2 5 8 513 512 98 573
2764 4 2 5 8 544 528 527 455
2765 4 2 5 8 99 553 266 571
2766 4 2 5 8 449 532 515 538
2767 4 2 5 8 82 83 530 66
2768 4 2 5 8 90 75 91 531
2769 4 2 5 8 555 470 540 510
2770 4 2 5 8 501 451 100 571
2771 4 2 5 8 97 96 264 572
2772 4 2 5 8 553 538 501 571
2773 4 2 5 8 67 66 530 83
2774 4 2 5 8 515 571 553 573
2775 4 2 5 8 75 74 531 90
2776 4 2 5 8 98 267 99 573
2777 4 2 5 8 439 530 66 492
2778 4 2 5 8 537 524 494 456
2779 4 2 5 8 494 524 547 456
2780 4 2 5 8 522 529 528 457
2781 4 2 5 8 68 339 482 443
2782 4 2 5 8 99 267 512 573
2783 4 2 5 8 210 481 262 344
2784 4 2 5 8 516 517 452 570
2785 4 2 5 8 515 512 514 573
2786 4 2 5 8 538 532 541 449
2787 4 2 5 8 495 493 550 521
2788 4 2 5 8 533 545 453 572
2789 4 2 5 8 514 513 452 573
2790 4 2 5 8 96 453 545 572
2791 4 2 5 8 454 451 453 569
2792 4 2 5 8 453 452 455 572
2793 4 2 5 8 451 573 449 452
2794 4 2 5 8 449 573 451 571
2795 4 2 5 8 451 452 99 573
2796 4 2 5 8 452 98 99 573
2797 4 2 5 8 510 470 502 554
2798 4 2 5 8 450 470 502 451
2799 4 2 5 8 450 502 470 554
2800 4 2 5 8 454 451 523 470
2801 4 2 5 8 454 523 451 569
2802 4 2 5 8 509 523 451 470
2803 4 2 5 8 509 451 523 569
2804 4 2 5 8 455 533 457 453
2805 4 2 5 8 455 457 533 528
2806 4 2 5 8 102 269 545 96
2807 4 2 5 8 102 545 269 551
2808 4 2 5 8 453 545 269 96
2809 4 2 5 8 453 269 545 551
2810 4 2 5 8 513 570 268 552
2811 4 2 5 8 551 95 101 500
2812 4 2 5 8 551 101 95 269
2813 4 2 5 8 68 83 529 84
2814 4 2 5 8 81 64 543 80
2815 4 2 5 8 68 67 529 83
2816 4 2 5 8 529 67 68 459
2817 4 2 5 8 541 448 532 496
2818 4 2 5 8 541 532 448 449
2819 4 2 5 8 459 339 67 68
2820 4 2 5 8 459 67 339 484
2821 4 2 5 8 333 489 185 346
2822 4 2 5 8 333 185 489 476
2823 4 2 5 8 348 442 65 336
2824 4 2 5 8 348 65 442 462
2825 4 2 5 8 492 495 493 550
2826 4 2 5 8 493 495 492 466
2827 4 2 5 8 82 65 495 81
2828 4 2 5 8 543 495 65 81
2829 4 2 5 8 543 65 495 466
2830 4 2 5 8 338 489 333 346
2831 4 2 5 8 338 333 489 445
2832 4 2 5 8 494 87 70 86
2833 4 2 5 8 494 526 70 485
2834 4 2 5 8 70 526 494 86
2835 4 2 5 8 454 549 548 490
2836 4 2 5 8 454 548 549 508
2837 4 2 5 8 529 68 507 458
2838 4 2 5 8 529 507 68 84
2839 4 2 5 8 85 68 507 84
2840 4 2 5 8 71 537 88 87
2841 4 2 5 8 531 75 496 448
2842 4 2 5 8 531 496 75 91
2843 4 2 5 8 92 75 496 91
2844 4 2 5 8 72 556 525 474
2845 4 2 5 8 72 525 556 88
2846 4 2 5 8 537 72 525 474
2847 4 2 5 8 537 525 72 88
2848 4 2 5 8 71 72 537 474
2849 4 2 5 8 71 537 72 88
2850 4 2 5 8 77 92 535 93
2851 4 2 5 8 535 520 77 93
2852 4 2 5 8 77 520 535 460
2853 4 2 5 8 537 71 494 87
2854 4 2 5 8 537 494 71 485
2855 4 2 5 8 70 494 71 87
2856 4 2 5 8 70 71 494 485
2857 4 2 5 8 345 477 444 488
2858 4 2 5 8 444 477 345 335
2859 4 2 5 8 489 192 338 244
2860 4 2 5 8 338 192 489 346
2861 4 2 5 8 80 63 542 79
2862 4 2 5 8 497 542 63 79
2863 4 2 5 8 497 63 542 465
2864 4 2 5 8 65 66 495 466
2865 4 2 5 8 65 495 66 82
2866 4 2 5 8 530 495 66 466
2867 4 2 5 8 530 66 495 82
2868 4 2 5 8 339 332 475 347
2869 4 2 5 8 475 487 339 347
2870 4 2 5 8 339 487 475 443
2871 4 2 5 8 497 3 534 4
2872 4 2 5 8 497 534 3 479
2873 4 2 5 8 488 197 337 345
2874 4 2 5 8 337 197 488 249
2875 4 2 5 8 337 444 488 345
2876 4 2 5 8 488 444 337 249
2877 4 2 5 8 78 534 520 469
2878 4 2 5 8 520 534 78 94
2879 4 2 5 8 78 93 520 94
2880 4 2 5 8 65 543 64 463
2881 4 2 5 8 65 64 543 81
2882 4 2 5 8 90 73 511 89
2883 4 2 5 8 556 511 73 89
2884 4 2 5 8 556 73 511 461
2885 4 2 5 8 531 74 511 90
2886 4 2 5 8 531 511 74 447
2887 4 2 5 8 461 74 511 447
2888 4 2 5 8 453 451 95 569
2889 4 2 5 8 5 451 95 270
2890 4 2 5 8 5 95 451 569
2891 4 2 5 8 569 500 101 95
2892 4 2 5 8 101 500 569 499
2893 4 2 5 8 101 265 569 95
2894 4 2 5 8 569 265 101 499
2895 4 2 5 8 526 69 507 85
2896 4 2 5 8 526 507 69 458
2897 4 2 5 8 68 507 69 85
2898 4 2 5 8 68 69 507 458
2899 4 2 5 8 448 76 535 460
2900 4 2 5 8 77 535 76 460
2901 4 2 5 8 77 76 535 92
2902 4 2 5 8 64 542 63 465
2903 4 2 5 8 63 542 64 80
2904 4 2 5 8 572 97 452 570
2905 4 2 5 8 452 513 98 573
2906 4 2 5 8 470 502 509 510
2907 4 2 5 8 470 509 502 451
2908 4 2 5 8 78 77 520 93
2909 4 2 5 8 78 520 77 469
2910 4 2 5 8 73 74 511 461
2911 4 2 5 8 73 511 74 90
2912 4 2 5 8 475 339 482 332
2913 4 2 5 8 482 339 475 443
2914 4 2 5 8 75 76 496 448
2915 4 2 5 8 75 496 76 92
2916 4 2 5 8 535 496 76 448
2917 4 2 5 8 535 76 496 92
2918 4 2 5 8 96 452 572 97
2919 4 2 5 8 270 98 452 97
2920 4 2 5 8 96 270 452 97
2921 4 2 5 8 97 452 268 98
2922 4 2 5 8 97 268 452 570
2923 4 2 5 8 513 268 452 98
2924 4 2 5 8 513 452 268 570
2925 4 2 5 8 452 453 96 572
2926 4 2 5 8 270 99 452 98
2927 4 2 5 8 270 452 99 451
2928 4 2 5 8 452 453 270 96
2929 4 2 5 8 452 270 453 451
2930 4 2 5 8 95 270 453 96
2931 4 2 5 8 95 453 270 451
$EndElements
