$MeshFormat
2.2 0 8
$EndMeshFormat
$PhysicalNames
12
2 6 "fluid_structure_interface"
2 7 "Boundary_Z_Min"
2 8 "Boundary_Z_Max"
2 9 "Boundary_X_Min"
2 10 "Boundary_X_Max"
2 11 "Boundary_Y_Min"
2 12 "Boundary_Y_Max"
3 1 "Bottom_Steel"
3 2 "Rubber"
3 3 "Top_Steel"
3 4 "Resonator"
3 5 "Fluid"
$EndPhysicalNames
$Nodes
624
1 0.119 0.06949999999999999 0.0015
2 0.119 0.06949999999999999 0
3 0.119 0.06949999999999999 0.004
4 0.119 0.06949999999999999 0.0025
5 0 0 0
6 0 0 0.0015
7 0 0.139 0.0015
8 0 0.139 0
9 0.136 0 0
10 0.136 0 0.0015
11 0.136 0.139 0.0015
12 0.136 0.139 0
13 0 0 0.0025
14 0 0.139 0.0025
15 0.136 0 0.0025
16 0.136 0.139 0.0025
17 0 0 0.004
18 0 0.139 0.004
19 0.136 0 0.004
20 0.136 0.139 0.004
21 0.07300000000000001 0.06950000000000001 0.0055
22 0.07300000000000001 0.06950000000000001 0.0025
23 0 0 -0.0075
24 0 0.139 -0.0075
25 0.136 0 -0.0075
26 0.136 0.139 -0.0075
27 0 0 0.0225
28 0 0.139 0.0225
29 0.136 0 0.0225
30 0.136 0.139 0.0225
31 0.1155560836996221 0.08792332497554481 0.0015
32 0.1056894547782536 0.1038584778259744 0.0015
33 0.09073265614460344 0.1151533278591082 0.0015
34 0.07270568633262837 0.1202824429910468 0.0015
35 0.05404318750632373 0.1185531078018138 0.0015
36 0.03726563354465788 0.1101988785912922 0.0015
37 0.02463892607778963 0.09634804030674507 0.0015
38 0.017868371916121 0.07887122540864501 0.0015
39 0.01786837191612103 0.06012877459135486 0.0015
40 0.02463892607778969 0.04265195969325486 0.0015
41 0.03726563354465789 0.02880112140870782 0.0015
42 0.05404318750632373 0.02044689219818625 0.0015
43 0.07270568633262833 0.01871755700895324 0.0015
44 0.09073265614460342 0.02384667214089182 0.0015
45 0.1056894547782536 0.03514152217402556 0.0015
46 0.1155560836996221 0.05107667502445516 0.0015
47 0.1155560836996221 0.08792332497554481 0
48 0.1056894547782536 0.1038584778259744 0
49 0.09073265614460344 0.1151533278591082 0
50 0.07270568633262837 0.1202824429910468 0
51 0.05404318750632373 0.1185531078018138 0
52 0.03726563354465788 0.1101988785912922 0
53 0.02463892607778963 0.09634804030674507 0
54 0.017868371916121 0.07887122540864501 0
55 0.01786837191612103 0.06012877459135486 0
56 0.02463892607778969 0.04265195969325486 0
57 0.03726563354465789 0.02880112140870782 0
58 0.05404318750632373 0.02044689219818625 0
59 0.07270568633262833 0.01871755700895324 0
60 0.09073265614460342 0.02384667214089182 0
61 0.1056894547782536 0.03514152217402556 0
62 0.1155560836996221 0.05107667502445516 0
63 0.1155560836996221 0.08792332497554481 0.004
64 0.1056894547782536 0.1038584778259744 0.004
65 0.09073265614460344 0.1151533278591082 0.004
66 0.07270568633262837 0.1202824429910468 0.004
67 0.05404318750632373 0.1185531078018138 0.004
68 0.03726563354465788 0.1101988785912922 0.004
69 0.02463892607778963 0.09634804030674507 0.004
70 0.017868371916121 0.07887122540864501 0.004
71 0.01786837191612103 0.06012877459135486 0.004
72 0.02463892607778969 0.04265195969325486 0.004
73 0.03726563354465789 0.02880112140870782 0.004
74 0.05404318750632373 0.02044689219818625 0.004
75 0.07270568633262833 0.01871755700895324 0.004
76 0.09073265614460342 0.02384667214089182 0.004
77 0.1056894547782536 0.03514152217402556 0.004
78 0.1155560836996221 0.05107667502445516 0.004
79 0.1155560836996221 0.08792332497554481 0.0025
80 0.1056894547782536 0.1038584778259744 0.0025
81 0.09073265614460344 0.1151533278591082 0.0025
82 0.07270568633262837 0.1202824429910468 0.0025
83 0.05404318750632373 0.1185531078018138 0.0025
84 0.03726563354465788 0.1101988785912922 0.0025
85 0.02463892607778963 0.09634804030674507 0.0025
86 0.017868371916121 0.07887122540864501 0.0025
87 0.01786837191612103 0.06012877459135486 0.0025
88 0.02463892607778969 0.04265195969325486 0.0025
89 0.03726563354465789 0.02880112140870782 0.0025
90 0.05404318750632373 0.02044689219818625 0.0025
91 0.07270568633262833 0.01871755700895324 0.0025
92 0.09073265614460342 0.02384667214089182 0.0025
93 0.1056894547782536 0.03514152217402556 0.0025
94 0.1155560836996221 0.05107667502445516 0.0025
95 0 0.01737500000000003 0.0015
96 0 0.03475000000000005 0.0015
97 0 0.0521250000000001 0.0015
98 0 0.06950000000000013 0.0015
99 0 0.08687500000000012 0.0015
100 0 0.1042500000000001 0.0015
101 0 0.121625 0.0015
102 0 0.01737500000000003 0
103 0 0.03475000000000005 0
104 0 0.0521250000000001 0
105 0 0.06950000000000013 0
106 0 0.08687500000000012 0
107 0 0.1042500000000001 0
108 0 0.121625 0
109 0.01942857142857141 0 0
110 0.03885714285714285 0 0
111 0.05828571428571428 0 0
112 0.07771428571428571 0 0
113 0.09714285714285714 0 0
114 0.1165714285714286 0 0
115 0.01942857142857141 0 0.0015
116 0.03885714285714285 0 0.0015
117 0.05828571428571428 0 0.0015
118 0.07771428571428571 0 0.0015
119 0.09714285714285714 0 0.0015
120 0.1165714285714286 0 0.0015
121 0.01942857142857141 0.139 0.0015
122 0.03885714285714285 0.139 0.0015
123 0.05828571428571428 0.139 0.0015
124 0.07771428571428571 0.139 0.0015
125 0.09714285714285714 0.139 0.0015
126 0.1165714285714286 0.139 0.0015
127 0.136 0.01737500000000003 0.0015
128 0.136 0.03475000000000005 0.0015
129 0.136 0.0521250000000001 0.0015
130 0.136 0.06950000000000013 0.0015
131 0.136 0.08687500000000012 0.0015
132 0.136 0.1042500000000001 0.0015
133 0.136 0.121625 0.0015
134 0.01942857142857141 0.139 0
135 0.03885714285714285 0.139 0
136 0.05828571428571428 0.139 0
137 0.07771428571428571 0.139 0
138 0.09714285714285714 0.139 0
139 0.1165714285714286 0.139 0
140 0.136 0.01737500000000003 0
141 0.136 0.03475000000000005 0
142 0.136 0.0521250000000001 0
143 0.136 0.06950000000000013 0
144 0.136 0.08687500000000012 0
145 0.136 0.1042500000000001 0
146 0.136 0.121625 0
147 0 0.01737500000000003 0.0025
148 0 0.03475000000000005 0.0025
149 0 0.0521250000000001 0.0025
150 0 0.06950000000000013 0.0025
151 0 0.08687500000000012 0.0025
152 0 0.1042500000000001 0.0025
153 0 0.121625 0.0025
154 0.136 0.01737500000000003 0.0025
155 0.136 0.03475000000000005 0.0025
156 0.136 0.0521250000000001 0.0025
157 0.136 0.06950000000000013 0.0025
158 0.136 0.08687500000000012 0.0025
159 0.136 0.1042500000000001 0.0025
160 0.136 0.121625 0.0025
161 0.01942857142857141 0 0.0025
162 0.03885714285714285 0 0.0025
163 0.05828571428571428 0 0.0025
164 0.07771428571428571 0 0.0025
165 0.09714285714285714 0 0.0025
166 0.1165714285714286 0 0.0025
167 0.01942857142857141 0.139 0.0025
168 0.03885714285714285 0.139 0.0025
169 0.05828571428571428 0.139 0.0025
170 0.07771428571428571 0.139 0.0025
171 0.09714285714285714 0.139 0.0025
172 0.1165714285714286 0.139 0.0025
173 0 0.01737500000000003 0.004
174 0 0.03475000000000005 0.004
175 0 0.0521250000000001 0.004
176 0 0.06950000000000013 0.004
177 0 0.08687500000000012 0.004
178 0 0.1042500000000001 0.004
179 0 0.121625 0.004
180 0.01942857142857141 0 0.004
181 0.03885714285714285 0 0.004
182 0.05828571428571428 0 0.004
183 0.07771428571428571 0 0.004
184 0.09714285714285714 0 0.004
185 0.1165714285714286 0 0.004
186 0.01942857142857141 0.139 0.004
187 0.03885714285714285 0.139 0.004
188 0.05828571428571428 0.139 0.004
189 0.07771428571428571 0.139 0.004
190 0.09714285714285714 0.139 0.004
191 0.1165714285714286 0.139 0.004
192 0.136 0.01737500000000003 0.004
193 0.136 0.03475000000000005 0.004
194 0.136 0.0521250000000001 0.004
195 0.136 0.06950000000000013 0.004
196 0.136 0.08687500000000012 0.004
197 0.136 0.1042500000000001 0.004
198 0.136 0.121625 0.004
199 0.07111744900929366 0.07340915741234016 0.0055
200 0.06688739533021841 0.07437463956090912 0.0055
201 0.0634951556604879 0.07166941869558778 0.0055
202 0.06349515566048791 0.0673305813044122 0.0055
203 0.06688739533021844 0.06462536043909088 0.0055
204 0.07111744900929368 0.06559084258765986 0.0055
205 0.07111744900929366 0.07340915741234016 0.0025
206 0.06688739533021841 0.07437463956090912 0.0025
207 0.0634951556604879 0.07166941869558778 0.0025
208 0.06349515566048791 0.0673305813044122 0.0025
209 0.06688739533021844 0.06462536043909088 0.0025
210 0.07111744900929368 0.06559084258765986 0.0025
211 0 0.01737500000000003 -0.0075
212 0 0.03475000000000005 -0.0075
213 0 0.0521250000000001 -0.0075
214 0 0.06950000000000013 -0.0075
215 0 0.08687500000000012 -0.0075
216 0 0.1042500000000001 -0.0075
217 0 0.121625 -0.0075
218 0.01942857142857141 0 -0.0075
219 0.03885714285714285 0 -0.0075
220 0.05828571428571428 0 -0.0075
221 0.07771428571428571 0 -0.0075
222 0.09714285714285714 0 -0.0075
223 0.1165714285714286 0 -0.0075
224 0.01942857142857141 0.139 -0.0075
225 0.03885714285714285 0.139 -0.0075
226 0.05828571428571428 0.139 -0.0075
227 0.07771428571428571 0.139 -0.0075
228 0.09714285714285714 0.139 -0.0075
229 0.1165714285714286 0.139 -0.0075
230 0.136 0.01737500000000003 -0.0075
231 0.136 0.03475000000000005 -0.0075
232 0.136 0.0521250000000001 -0.0075
233 0.136 0.06950000000000013 -0.0075
234 0.136 0.08687500000000012 -0.0075
235 0.136 0.1042500000000001 -0.0075
236 0.136 0.121625 -0.0075
237 0 0.01737500000000003 0.0225
238 0 0.03475000000000005 0.0225
239 0 0.0521250000000001 0.0225
240 0 0.06950000000000013 0.0225
241 0 0.08687500000000012 0.0225
242 0 0.1042500000000001 0.0225
243 0 0.121625 0.0225
244 0.01942857142857141 0 0.0225
245 0.03885714285714285 0 0.0225
246 0.05828571428571428 0 0.0225
247 0.07771428571428571 0 0.0225
248 0.09714285714285714 0 0.0225
249 0.1165714285714286 0 0.0225
250 0.01942857142857141 0.139 0.0225
251 0.03885714285714285 0.139 0.0225
252 0.05828571428571428 0.139 0.0225
253 0.07771428571428571 0.139 0.0225
254 0.09714285714285714 0.139 0.0225
255 0.1165714285714286 0.139 0.0225
256 0.136 0.01737500000000003 0.0225
257 0.136 0.03475000000000005 0.0225
258 0.136 0.0521250000000001 0.0225
259 0.136 0.06950000000000013 0.0225
260 0.136 0.08687500000000012 0.0225
261 0.136 0.1042500000000001 0.0225
262 0.136 0.121625 0.0225
263 0.01664878877220224 0.1113860518214398 0.0015
264 0.01664878877220227 0.02761394817856021 0.0015
265 0.1209528086092454 0.1129375 0.0015
266 0.1209528086092454 0.02606250000000002 0.0015
267 0.105937537333843 0.1236377774584273 0.0015
268 0.105937537333843 0.01536222254157272 0.0015
269 0.03016160738415391 0.1243866955321278 0.0015
270 0.03016160738415393 0.0146133044678722 0.0015
271 0.01106873893853007 0.04344177855389271 0.0015
272 0.01106873893853004 0.09555822144610743 0.0015
273 0.1231531142538318 0.09937354116860429 0.0015
274 0.1231531142538318 0.03962645883139571 0.0015
275 0.1230449846619417 0.126688744778351 0.0015
276 0.1230449846619418 0.01231125522164904 0.0015
277 0.01292395861157229 0.1267234721354083 0.0015
278 0.01292395861157227 0.01227652786459177 0.0015
279 0.08742857142857145 0.1288263917455574 0.0015
280 0.08742857142857145 0.0101736082544426 0.0015
281 0.1266390209249056 0.07844958124388626 0.0015
282 0.1266390209249055 0.06055041875611385 0.0015
283 0.01664878877220224 0.1113860518214398 0
284 0.01664878877220227 0.02761394817856021 0
285 0.1209528086092454 0.1129375000000001 0
286 0.1209528086092454 0.02606250000000004 0
287 0.105937537333843 0.1236377774584273 0
288 0.105937537333843 0.01536222254157273 0
289 0.03016160738415391 0.1243866955321278 0
290 0.03016160738415393 0.0146133044678722 0
291 0.01106873893853007 0.04344177855389271 0
292 0.01106873893853004 0.09555822144610743 0
293 0.1231531142538318 0.09937354116860432 0
294 0.1231531142538318 0.03962645883139572 0
295 0.1230449846619417 0.01231125522164905 0
296 0.1230449846619417 0.126688744778351 0
297 0.01292395861157229 0.1267234721354083 0
298 0.01292395861157227 0.01227652786459177 0
299 0.08742857142857145 0.1288263917455574 0
300 0.08742857142857145 0.0101736082544426 0
301 0.1266390209249055 0.07844958124388626 0
302 0.1266390209249055 0.06055041875611385 0
303 0.01664878877220224 0.1113860518214398 0.0025
304 0.01664878877220227 0.02761394817856021 0.0025
305 0.1209528086092454 0.1129375 0.0025
306 0.1209528086092454 0.02606250000000002 0.0025
307 0.105937537333843 0.1236377774584273 0.0025
308 0.105937537333843 0.01536222254157272 0.0025
309 0.03016160738415391 0.1243866955321278 0.0025
310 0.03016160738415393 0.0146133044678722 0.0025
311 0.01106873893853007 0.04344177855389271 0.0025
312 0.01106873893853004 0.09555822144610743 0.0025
313 0.1231531142538318 0.09937354116860429 0.0025
314 0.1231531142538318 0.03962645883139571 0.0025
315 0.1230449846619417 0.126688744778351 0.0025
316 0.1230449846619418 0.01231125522164904 0.0025
317 0.01292395861157229 0.1267234721354083 0.0025
318 0.01292395861157227 0.01227652786459177 0.0025
319 0.08742857142857145 0.1288263917455574 0.0025
320 0.08742857142857145 0.01017360825444261 0.0025
321 0.1266390209249055 0.07844958124388626 0.0025
322 0.1266390209249056 0.06055041875611386 0.0025
323 0.01664878877220224 0.1113860518214398 0.004
324 0.01664878877220227 0.02761394817856021 0.004
325 0.1209528086092454 0.1129375 0.004
326 0.1209528086092454 0.02606250000000002 0.004
327 0.105937537333843 0.1236377774584273 0.004
328 0.105937537333843 0.01536222254157272 0.004
329 0.03016160738415391 0.1243866955321278 0.004
330 0.03016160738415393 0.0146133044678722 0.004
331 0.01106873893853007 0.04344177855389271 0.004
332 0.01106873893853004 0.09555822144610743 0.004
333 0.1231531142538318 0.09937354116860429 0.004
334 0.1231531142538318 0.03962645883139571 0.004
335 0.1230449846619417 0.126688744778351 0.004
336 0.1230449846619418 0.01231125522164904 0.004
337 0.01292395861157229 0.1267234721354083 0.004
338 0.01292395861157227 0.01227652786459177 0.004
339 0.08742857142857145 0.1288263917455574 0.004
340 0.08742857142857145 0.01017360825444261 0.004
341 0.1266390209249055 0.07844958124388626 0.004
342 0.1266390209249056 0.06055041875611386 0.004
343 0.0725048443395121 0.07166941869558781 0.004084083027897893
344 0.06488255099070633 0.06559084258765986 0.003994511411606171
345 0.0725048443395121 0.0673305813044122 0.003915916972102107
346 0.06911260466978156 0.07437463956090913 0.00399451141160617
347 0.063 0.06949999999999999 0.00399451141160617
348 0.06487789946909714 0.07340544341591786 0.004
349 0.06911260466978159 0.0646253604390909 0.00400548858839383
350 0.068 0.06950000000000001 0.0055
351 0.068 0.06950000000000001 0.0025
352 0 0.1303125 -0.003750000000000003
353 0 0.09556250000000009 -0.00375
354 0 0.008687500000000011 -0.00375
355 0 0.07818750000000012 -0.00375
356 0 0.02606250000000004 -0.00375
357 0 0.06081250000000011 -0.00375
358 0 0.04343750000000007 -0.00375
359 0 0.1129375000000001 -0.00375
360 0.06788445349300601 0.01663580631313546 -0.0075
361 0.01490547225576069 0.07787928511302859 -0.0075
362 0.1194759978106102 0.07678630241235435 -0.0075
363 0.06663650768584811 0.1223287010824897 -0.0075
364 0.01504719139075465 0.04343750000000007 -0.0075
365 0.1209528086092454 0.04343750000000007 -0.0075
366 0.105839905174018 0.1218635126897259 -0.0075
367 0.0299494267824824 0.1233744668776682 -0.0075
368 0.1070480420474626 0.01722608352832225 -0.0075
369 0.02871810433150122 0.01732988837744322 -0.0075
370 0.04857996699608109 0.0166992399632908 -0.0075
371 0.05824987061869076 0.03310341441528813 -0.0075
372 0.07710239406020741 0.03318303080123861 -0.0075
373 0.06751644549205141 0.04938116201087472 -0.0075
374 0.08603773508770358 0.04963480919089201 -0.0075
375 0.07663956852942412 0.06553048781854949 -0.0075
376 0.05808867966505314 0.06541746538635973 -0.0075
377 0.06688100000972419 0.08071252916552242 -0.0075
378 0.08755204880433236 0.08081488112785902 -0.0075
379 0.04890340482218492 0.08137125632796051 -0.0075
380 0.04084610280928332 0.06624006299512611 -0.0075
381 0.05708085041628887 0.09580044006679966 -0.0075
382 0.0416341790954037 0.09596524495143882 -0.0075
383 0.04849590281986096 0.1134430760039585 -0.0075
384 0.09522585061281438 0.03357326629977058 -0.0075
385 0.040242129620373 0.03350720879391052 -0.0075
386 0.08700290527147943 0.1223280839232829 -0.0075
387 0.09662867721441583 0.1068840902517086 -0.0075
388 0.1157206521670399 0.1056497882163154 -0.0075
389 0.1058512405659288 0.09010623359302372 -0.0075
390 0.07941927823990706 0.1081962144171278 -0.0075
391 0.04938299337723356 0.04958323204890797 -0.0075
392 0.08710528499025715 0.01663898690419725 -0.0075
393 0.0948556965953237 0.06396947303737485 -0.0075
394 0.1051509673733095 0.04977418059369512 -0.0075
395 0.120957580899688 0.05989316908726747 -0.0075
396 0.01458581934044905 0.06033470851453188 -0.0075
397 0.01465261745900145 0.09474717508045513 -0.0075
398 0.03058987875209836 0.05065907385958611 -0.0075
399 0.1217146504195394 0.02633874739024707 -0.0075
400 0.0137286319237687 0.02662267464045309 -0.0075
401 0.01474037207213053 0.1129375000000001 -0.0075
402 0.03053873940281874 0.08426807347162257 -0.0075
403 0.1226095781087158 0.09273346484433875 -0.0075
404 0.1031856367548215 0.07482351512616539 -0.0075
405 0.1213800329679901 0.1193247942950045 -0.0075
406 0.02662187903986796 0.104457102551075 -0.0075
407 0.1100184638124742 0.03406995556240702 -0.0075
408 0.02620752033822916 0.06921638728227381 -0.0075
409 0.02566518720369919 0.0343112691342786 -0.0075
410 0.04857142857142856 0.1280676452020133 -0.0075
411 0.08773986094179409 0.09569067489821101 -0.0075
412 0.1234668242076861 0.01218796618371387 -0.0075
413 0.01237506153676826 0.01226551260357927 -0.0075
414 0.01293069068837453 0.1267159443866304 -0.0075
415 0.07398706315958145 0.09443021043771825 -0.0075
416 0.1083316776865939 0.06311973653038273 -0.0075
417 0.06486945211390996 0.1079475100929873 -0.0075
418 0.136 0.1303125 -0.00375
419 0.136 0.09556250000000009 -0.00375
420 0.136 0.07818750000000012 -0.00375
421 0.136 0.04343750000000007 -0.00375
422 0.136 0.008687500000000011 -0.00375
423 0.136 0.02606250000000004 -0.00375
424 0.136 0.06081250000000011 -0.00375
425 0.136 0.1129375000000001 -0.00375
426 0.03638901467594831 0.05725383904400837 0.0015
427 0.1013229743988129 0.07572914348313786 0.0015
428 0.05288938525084051 0.09984620525238611 0.0015
429 0.07671752564626026 0.03497722040418746 0.0015
430 0.05307958149379724 0.03752030302433947 0.0015
431 0.03433740931326242 0.08098343830475026 0.0015
432 0.07727722723542192 0.1021060716146519 0.0015
433 0.09682252205727782 0.05165384989485978 0.0015
434 0.04054004285953336 0.092677839929038 0.0015
435 0.02880651283249327 0.06949999999999996 0.0015
436 0.04189110778139132 0.04484190605457614 0.0015
437 0.06444564623842525 0.1078575858032939 0.0015
438 0.08903179916566004 0.03997989136909251 0.0015
439 0.1052329878663539 0.06257329919292211 0.0015
440 0.09161935288762546 0.1007770779568574 0.0015
441 0.08514949281440473 0.08503782777873702 0.0015
442 0.06650665513366288 0.08935307412491572 0.0015
443 0.07096007336362914 0.07148221118085028 0.0015
444 0.05287207073164787 0.07816284571213186 0.0015
445 0.05477021834719067 0.05714097703349238 0.0015
446 0.0757489668966006 0.05375296795667447 0.0015
447 0.08864903877753484 0.066568410507721 0.0015
448 0.06438368123740813 0.03047370533913269 0.0015
449 0.1007925433918635 0.09032675674790354 0.0015
450 0.06529604958913617 0.04353184564623033 0.0015
451 0.04186156013084919 0.06902516906888576 0.0015
452 0 0.09556250000000011 0.01325
453 0 0.1129375000000001 0.01325
454 0 0.0781875000000001 0.01325
455 0 0.1294079289879217 0.01325000000000001
456 0 0.06081250000000012 0.01325
457 0 0.04343750000000008 0.01325
458 0 0.009592071012078315 0.01325
459 0 0.02606250000000004 0.01325
460 0.04857142857142857 0 0.01325
461 0.02914285714285713 0 0.01325
462 0.06799999999999999 0 0.01325
463 0.08742857142857142 0 0.01325
464 0.1068571428571428 0 0.01325
465 0.009714285714285707 0 0.01325
466 0.1262857142857143 0 0.01325
467 0.06602992579891163 0.01678376603398874 0.0225
468 0.1213020784040434 0.07818365873667432 0.0225
469 0.01503027023817758 0.0777041101707011 0.0225
470 0.06773522903814744 0.1223502998519354 0.0225
471 0.1242039234255844 0.04339387173250201 0.0225
472 0.01505910637910301 0.0445002365289308 0.0225
473 0.1082471268839068 0.1225657603412951 0.0225
474 0.03003846674192102 0.1219212976947098 0.0225
475 0.1070409348212009 0.01468765725794616 0.0225
476 0.03007721772268968 0.0153177536013173 0.0225
477 0.0486354430263585 0.1223563741256011 0.0225
478 0.05796171151778026 0.1058837926677646 0.0225
479 0.07686785849305459 0.1057326860427689 0.0225
480 0.06711953507433069 0.08955837845032973 0.0225
481 0.08574544150521535 0.0892701964395719 0.0225
482 0.0761003754073255 0.07340034046665073 0.0225
483 0.05758690110873813 0.07362904147374878 0.0225
484 0.06655744709685264 0.05845927477999624 0.0225
485 0.08499873950244718 0.05817543011930549 0.0225
486 0.04438264052126402 0.05701376463966449 0.0225
487 0.05622290327780752 0.04347156728830279 0.0225
488 0.03922340029786926 0.07387620140645616 0.0225
489 0.04075583905035907 0.04126694152521276 0.0225
490 0.04759626198092981 0.02608599409968308 0.0225
491 0.09555789775649892 0.1051573730153988 0.0225
492 0.1060765346111738 0.08763431388990675 0.0225
493 0.03915779976544576 0.1059089401193792 0.0225
494 0.02115049397483585 0.1057279881745326 0.0225
495 0.02901980705888333 0.08839612211851949 0.0225
496 0.02471066996309886 0.06128857963548104 0.0225
497 0.0871946598278784 0.01640857061032176 0.0225
498 0.09898801225226384 0.02997671914479842 0.0225
499 0.07889512684857838 0.03263675006300205 0.0225
500 0.1141198140188694 0.1046870159940395 0.0225
501 0.04834485913717457 0.08954207937269965 0.0225
502 0.09420111298255199 0.07262888377133336 0.0225
503 0.1015448270420083 0.05857936812254414 0.0225
504 0.08716323182358404 0.1223275574759828 0.0225
505 0.1192438888550169 0.05933357853522676 0.0225
506 0.1195547263877057 0.02741445534807409 0.0225
507 0.01474037207213054 0.02606250000000004 0.0225
508 0.1241305310376981 0.116688055267067 0.0225
509 0.01304011425437935 0.0925906440927507 0.0225
510 0.1226996854068173 0.09232599772412416 0.0225
511 0.01461718752715633 0.1194722425702245 0.0225
512 0.02899865068111382 0.0329942610691948 0.0225
513 0.1088492125226756 0.07033379249235688 0.0225
514 0.01068108250829778 0.06081250000000012 0.0225
515 0.1087300618362903 0.04389651159082477 0.0225
516 0.04857142857142856 0.01125245004782627 0.0225
517 0.1230693093116254 0.01228405561336966 0.0225
518 0.01293069068837455 0.01228405561336965 0.0225
519 0.0754997374985044 0.04689753150957291 0.0225
520 0.09144275083001538 0.0450270517583413 0.0225
521 0.06474353411952613 0.03174433662631777 0.0225
522 0.02974708180257526 0.04764457081408951 0.0225
523 0.1255219034303544 0.1293880332076066 0.0225
524 0.02699603688950725 0.07531625333278943 0.0225
525 0.1262857142857143 0.139 0.01325
526 0.06799999999999999 0.139 0.01325
527 0.02914285714285713 0.139 0.01325
528 0.04857142857142856 0.139 0.01325
529 0.08742857142857142 0.139 0.01325
530 0.1068571428571428 0.139 0.01325
531 0.009714285714285707 0.139 0.01325
532 0.136 0.1294079289879217 0.01325
533 0.136 0.09556250000000011 0.01325
534 0.136 0.1129375 0.01325000000000002
535 0.136 0.07818750000000012 0.01325
536 0.136 0.06081250000000012 0.01325
537 0.136 0.04343750000000008 0.01325
538 0.136 0.009592071012078313 0.01325
539 0.136 0.02606250000000004 0.01325
540 0.03409981045307468 0.06949999999999996 0.0025
541 0.07727722723542191 0.03689392838534809 0.0025
542 0.07727722723542192 0.1021060716146519 0.0025
543 0.1033185050207915 0.06276357495462612 0.0025
544 0.07597990612519877 0.07308742749156796 0.0025
545 0.07475614438406965 0.06556306256101441 0.0025
546 0.07210240990996214 0.06119113806846366 0.0025
547 0.07386817206138847 0.07802738898565836 0.0025
548 0.07918049694914885 0.07653020939711325 0.0025
549 0.07918868948007587 0.0633100441180896 0.0025
550 0.07655896610328011 0.05564898559048129 0.0025
551 0.06919169434305437 0.05489622922562643 0.0025
552 0.06214695657182735 0.06208215393060511 0.0025
553 0.0406931368735452 0.04684654951905955 0.0025
554 0.08472403450505797 0.05634329706539917 0.0025
555 0.08154065521240464 0.07089386251577925 0.0025
556 0.08674640150692528 0.07663079732654882 0.0025
557 0.05169326700186923 0.101533639623647 0.0025
558 0.06274608087209588 0.07642261095027181 0.0025
559 0.0584626801667582 0.07316712842906577 0.0025
560 0.05753482664078286 0.08000352474290406 0.0025
561 0.06325676315690236 0.08321922103467581 0.0025
562 0.05240320251738502 0.07489957807430483 0.0025
563 0.05398074675197584 0.06774502434031286 0.0025
564 0.07836557353113002 0.08264534911547261 0.0025
565 0.05042604400671695 0.0821491137159297 0.0025
566 0.1004173854736914 0.08981628703801564 0.0025
567 0.07295075923704765 0.04763604877952249 0.0025
568 0.06344609566911351 0.04876622563777322 0.0025
569 0.08707552230501789 0.06534033613322623 0.0025
570 0.04282693917365074 0.07757019685936486 0.0025
571 0.04149357175964197 0.0881253225528467 0.0025
572 0.03145316164278399 0.05534167939192507 0.0025
573 0.04507462450595572 0.06041564638149792 0.0025
574 0.05352917272967782 0.05210113044641145 0.0025
575 0.05426843593814943 0.03996523224335752 0.0025
576 0.0651587477519598 0.03108369974493407 0.0025
577 0.06438368123740815 0.1085262946608673 0.0025
578 0.06531942690611323 0.09437464509043397 0.0025
579 0.06176923417158643 0.05631239607550014 0.0025
580 0.105956705429033 0.07663361186654032 0.0025
581 0.09152112725061157 0.1008783765020178 0.0025
582 0.08623885650417874 0.08903378078985258 0.0025
583 0.0323595030633104 0.08097108137653986 0.0025
584 0.07001048800630494 0.0835376449212632 0.0025
585 0.05645861786900521 0.08959959954446367 0.0025
586 0.09535962754686712 0.06996999295452461 0.0025
587 0.07482289912027357 0.09061953926545441 0.0025
588 0.1009893230062187 0.04885880177892394 0.0025
589 0.09113455160067283 0.03980794807697609 0.0025
590 0.09386392519039485 0.05761744205736002 0.0025
591 0.05577598048101787 0.0604192606999425 0.0025
592 0.06644981439947201 0.05976086153779579 0.0025
593 0.04604871436178608 0.06984116344951272 0.0025
594 0.0821142147993089 0.04752075678278278 0.0025
595 0.06900888948862739 0.04062505009861753 0.0025
596 0.09041507847577132 0.04967670162276872 0.0025
597 0.05951768858568911 0.06896297623068906 0.0025
598 0.06973104982180263 0.07708422481268254 0.0025
599 0.09606991970208792 0.07983994226900788 0.0025
600 0.04008804007909948 0.09930064386106321 0.0025
601 0.06652635543746485 0.0789276682559605 0.0025
602 0.07688109355986542 0.06876491381235018 0.0025
603 0.05845667295457534 0.06505042186698418 0.0025
604 0.1147995509105692 0.09705178132337453 0.0007499999999999999
605 0.1147995509105692 0.04194821867662548 0.0007500000000000001
606 0.1309842695364151 0.1129375000000001 0.00075
607 0.02618444946488325 0.1059776569064923 0.002
608 0.005956123972040333 0.07841540846954842 0.002
609 0.1252054710777901 0.1348962482594503 0.002
610 0.02948244055662273 0.1341288985107093 0.00325
611 0.1203983682081759 0.07862430207314369 0.00325
612 0.06056215455844645 0.07882676318137344 0.01221343224317023
613 0.0780728483472183 0.07435082810311772 0.01121462256498259
614 0.07061102748048093 0.058060341155613 0.01148980062040405
615 0.05649713401677998 0.06949999999999996 0.01137775666166793
616 0.07050000000000001 0.07070393654701883 0.01386497046617846
617 0.06079678622984065 0.06046745562851431 0.0123255801780442
618 0.0782362819596253 0.06457046641728707 0.01220386760774447
619 0.07046168523697896 0.0802853477237693 0.01015516722037965
620 0.07573435071505841 0.06577533300267202 0.007391311951256113
621 0.06258276511149728 0.06270700231001493 0.007604929108469794
622 0.06262746401421672 0.07623694703883778 0.007594443818736469
623 0.08092433516752298 0.05267001740644574 0.01297329802994264
624 0.047993335066142 0.07759126143172762 0.01319558383364081
$EndNodes
$Elements
3791
1 2 2 6 19 1 2 31
2 2 2 6 19 62 2 1
3 2 2 6 19 46 62 1
4 2 2 6 19 2 47 31
5 2 2 6 19 31 48 32
6 2 2 6 19 31 47 48
7 2 2 6 19 48 33 32
8 2 2 6 19 33 49 34
9 2 2 6 19 48 49 33
10 2 2 6 19 50 35 34
11 2 2 6 19 49 50 34
12 2 2 6 19 35 51 36
13 2 2 6 19 50 51 35
14 2 2 6 19 36 52 37
15 2 2 6 19 51 52 36
16 2 2 6 19 37 53 38
17 2 2 6 19 52 53 37
18 2 2 6 19 38 55 39
19 2 2 6 19 53 54 38
20 2 2 6 19 54 55 38
21 2 2 6 19 55 40 39
22 2 2 6 19 40 56 41
23 2 2 6 19 55 56 40
24 2 2 6 19 41 58 42
25 2 2 6 19 56 57 41
26 2 2 6 19 57 58 41
27 2 2 6 19 58 43 42
28 2 2 6 19 43 59 44
29 2 2 6 19 58 59 43
30 2 2 6 19 44 61 45
31 2 2 6 19 59 60 44
32 2 2 6 19 44 60 61
33 2 2 6 19 61 46 45
34 2 2 6 19 61 62 46
35 2 2 6 22 3 4 63
36 2 2 6 22 94 4 3
37 2 2 6 22 78 94 3
38 2 2 6 22 4 79 63
39 2 2 6 22 63 80 64
40 2 2 6 22 63 79 80
41 2 2 6 22 64 81 65
42 2 2 6 22 80 81 64
43 2 2 6 22 65 82 66
44 2 2 6 22 81 82 65
45 2 2 6 22 66 83 67
46 2 2 6 22 82 83 66
47 2 2 6 22 67 83 68
48 2 2 6 22 68 85 69
49 2 2 6 22 83 84 68
50 2 2 6 22 68 84 85
51 2 2 6 22 69 86 70
52 2 2 6 22 85 86 69
53 2 2 6 22 70 87 71
54 2 2 6 22 86 87 70
55 2 2 6 22 71 88 72
56 2 2 6 22 87 88 71
57 2 2 6 22 72 89 73
58 2 2 6 22 88 89 72
59 2 2 6 22 73 90 74
60 2 2 6 22 89 90 73
61 2 2 6 22 74 90 75
62 2 2 6 22 75 92 76
63 2 2 6 22 90 91 75
64 2 2 6 22 91 92 75
65 2 2 6 22 76 92 77
66 2 2 6 22 77 93 78
67 2 2 6 22 92 93 77
68 2 2 6 22 93 94 78
69 2 2 9 25 6 102 5
70 2 2 9 25 95 102 6
71 2 2 9 25 108 7 8
72 2 2 9 25 108 101 7
73 2 2 9 25 95 96 102
74 2 2 9 25 104 96 97
75 2 2 9 25 102 96 103
76 2 2 9 25 103 96 104
77 2 2 9 25 98 104 97
78 2 2 9 25 99 105 98
79 2 2 9 25 98 105 104
80 2 2 9 25 107 99 100
81 2 2 9 25 99 106 105
82 2 2 9 25 106 99 107
83 2 2 9 25 101 107 100
84 2 2 9 25 101 108 107
85 2 2 11 26 109 6 5
86 2 2 11 26 6 109 115
87 2 2 11 26 10 114 9
88 2 2 11 26 114 10 120
89 2 2 11 26 116 109 110
90 2 2 11 26 109 116 115
91 2 2 11 26 111 116 110
92 2 2 11 26 112 117 111
93 2 2 11 26 117 116 111
94 2 2 11 26 113 118 112
95 2 2 11 26 118 117 112
96 2 2 11 26 114 119 113
97 2 2 11 26 119 118 113
98 2 2 11 26 119 114 120
99 2 2 12 28 134 8 7
100 2 2 12 28 121 134 7
101 2 2 12 28 11 12 139
102 2 2 12 28 11 139 126
103 2 2 12 28 122 135 121
104 2 2 12 28 135 134 121
105 2 2 12 28 122 123 136
106 2 2 12 28 136 135 122
107 2 2 12 28 136 123 124
108 2 2 12 28 125 138 124
109 2 2 12 28 137 136 124
110 2 2 12 28 138 137 124
111 2 2 12 28 126 139 125
112 2 2 12 28 139 138 125
113 2 2 6 29 2 47 301
114 2 2 6 29 62 2 302
115 2 2 6 29 143 2 301
116 2 2 6 29 2 143 302
117 2 2 6 29 5 102 298
118 2 2 6 29 109 5 298
119 2 2 6 29 108 8 297
120 2 2 6 29 8 134 297
121 2 2 6 29 9 114 295
122 2 2 6 29 140 9 295
123 2 2 6 29 139 12 296
124 2 2 6 29 12 146 296
125 2 2 6 29 47 48 293
126 2 2 6 29 144 47 293
127 2 2 6 29 47 144 301
128 2 2 6 29 48 49 287
129 2 2 6 29 285 48 287
130 2 2 6 29 48 285 293
131 2 2 6 29 49 50 299
132 2 2 6 29 287 49 299
133 2 2 6 29 51 136 50
134 2 2 6 29 136 137 50
135 2 2 6 29 50 137 299
136 2 2 6 29 51 52 289
137 2 2 6 29 135 136 51
138 2 2 6 29 135 51 289
139 2 2 6 29 52 53 283
140 2 2 6 29 52 283 289
141 2 2 6 29 53 54 292
142 2 2 6 29 283 53 292
143 2 2 6 29 105 54 55
144 2 2 6 29 106 54 105
145 2 2 6 29 54 106 292
146 2 2 6 29 55 56 291
147 2 2 6 29 104 105 55
148 2 2 6 29 104 55 291
149 2 2 6 29 56 57 284
150 2 2 6 29 56 284 291
151 2 2 6 29 57 58 290
152 2 2 6 29 284 57 290
153 2 2 6 29 59 111 58
154 2 2 6 29 111 110 58
155 2 2 6 29 58 110 290
156 2 2 6 29 59 60 300
157 2 2 6 29 112 111 59
158 2 2 6 29 112 59 300
159 2 2 6 29 60 61 288
160 2 2 6 29 60 288 300
161 2 2 6 29 61 62 294
162 2 2 6 29 61 286 288
163 2 2 6 29 286 61 294
164 2 2 6 29 62 142 294
165 2 2 6 29 142 62 302
166 2 2 6 29 102 103 284
167 2 2 6 29 102 284 298
168 2 2 6 29 103 104 291
169 2 2 6 29 284 103 291
170 2 2 6 29 106 107 292
171 2 2 6 29 107 108 283
172 2 2 6 29 107 283 292
173 2 2 6 29 283 108 297
174 2 2 6 29 110 109 290
175 2 2 6 29 290 109 298
176 2 2 6 29 113 112 300
177 2 2 6 29 114 113 288
178 2 2 6 29 288 113 300
179 2 2 6 29 114 288 295
180 2 2 6 29 134 135 289
181 2 2 6 29 134 289 297
182 2 2 6 29 137 138 299
183 2 2 6 29 138 139 287
184 2 2 6 29 138 287 299
185 2 2 6 29 287 139 296
186 2 2 6 29 141 140 286
187 2 2 6 29 286 140 295
188 2 2 6 29 142 141 294
189 2 2 6 29 141 286 294
190 2 2 6 29 143 142 302
191 2 2 6 29 144 143 301
192 2 2 6 29 145 144 293
193 2 2 6 29 146 145 285
194 2 2 6 29 285 145 293
195 2 2 6 29 146 285 296
196 2 2 6 29 289 283 297
197 2 2 6 29 284 290 298
198 2 2 6 29 285 287 296
199 2 2 6 29 288 286 295
200 2 2 10 30 127 10 9
201 2 2 10 30 9 140 127
202 2 2 10 30 146 12 11
203 2 2 10 30 146 11 133
204 2 2 10 30 128 127 141
205 2 2 10 30 127 140 141
206 2 2 10 30 128 141 129
207 2 2 10 30 129 143 130
208 2 2 10 30 141 142 129
209 2 2 10 30 129 142 143
210 2 2 10 30 130 143 131
211 2 2 10 30 131 145 132
212 2 2 10 30 143 144 131
213 2 2 10 30 131 144 145
214 2 2 10 30 132 146 133
215 2 2 10 30 132 145 146
216 2 2 9 36 173 13 17
217 2 2 9 36 13 173 147
218 2 2 9 36 14 179 18
219 2 2 9 36 14 153 179
220 2 2 9 36 147 174 148
221 2 2 9 36 173 174 147
222 2 2 9 36 174 149 148
223 2 2 9 36 175 150 149
224 2 2 9 36 174 175 149
225 2 2 9 36 176 151 150
226 2 2 9 36 175 176 150
227 2 2 9 36 177 152 151
228 2 2 9 36 176 177 151
229 2 2 9 36 153 152 179
230 2 2 9 36 152 177 178
231 2 2 9 36 179 152 178
232 2 2 11 37 161 17 13
233 2 2 11 37 19 166 15
234 2 2 11 37 180 17 161
235 2 2 11 37 166 19 185
236 2 2 11 37 162 180 161
237 2 2 11 37 182 162 163
238 2 2 11 37 181 180 162
239 2 2 11 37 182 181 162
240 2 2 11 37 164 182 163
241 2 2 11 37 165 183 164
242 2 2 11 37 183 182 164
243 2 2 11 37 165 166 185
244 2 2 11 37 183 165 184
245 2 2 11 37 165 185 184
246 2 2 6 38 3 341 63
247 2 2 6 38 78 342 3
248 2 2 6 38 195 341 3
249 2 2 6 38 3 342 195
250 2 2 6 38 17 338 173
251 2 2 6 38 180 338 17
252 2 2 6 38 179 337 18
253 2 2 6 38 18 337 186
254 2 2 6 38 19 336 185
255 2 2 6 38 192 336 19
256 2 2 6 38 191 335 20
257 2 2 6 38 20 335 198
258 2 2 6 38 63 333 64
259 2 2 6 38 196 333 63
260 2 2 6 38 63 341 196
261 2 2 6 38 64 327 65
262 2 2 6 38 325 327 64
263 2 2 6 38 64 333 325
264 2 2 6 38 65 339 66
265 2 2 6 38 327 339 65
266 2 2 6 38 67 66 188
267 2 2 6 38 188 66 189
268 2 2 6 38 66 339 189
269 2 2 6 38 67 329 68
270 2 2 6 38 187 67 188
271 2 2 6 38 187 329 67
272 2 2 6 38 68 323 69
273 2 2 6 38 68 329 323
274 2 2 6 38 69 332 70
275 2 2 6 38 323 332 69
276 2 2 6 38 70 176 71
277 2 2 6 38 177 176 70
278 2 2 6 38 70 332 177
279 2 2 6 38 71 331 72
280 2 2 6 38 176 175 71
281 2 2 6 38 175 331 71
282 2 2 6 38 72 324 73
283 2 2 6 38 72 331 324
284 2 2 6 38 73 330 74
285 2 2 6 38 324 330 73
286 2 2 6 38 74 182 75
287 2 2 6 38 74 181 182
288 2 2 6 38 74 330 181
289 2 2 6 38 75 340 76
290 2 2 6 38 75 182 183
291 2 2 6 38 183 340 75
292 2 2 6 38 76 328 77
293 2 2 6 38 76 340 328
294 2 2 6 38 77 334 78
295 2 2 6 38 77 328 326
296 2 2 6 38 326 334 77
297 2 2 6 38 78 334 194
298 2 2 6 38 194 342 78
299 2 2 6 38 173 324 174
300 2 2 6 38 173 338 324
301 2 2 6 38 174 331 175
302 2 2 6 38 324 331 174
303 2 2 6 38 177 332 178
304 2 2 6 38 178 323 179
305 2 2 6 38 178 332 323
306 2 2 6 38 323 337 179
307 2 2 6 38 181 330 180
308 2 2 6 38 330 338 180
309 2 2 6 38 184 340 183
310 2 2 6 38 185 328 184
311 2 2 6 38 328 340 184
312 2 2 6 38 185 336 328
313 2 2 6 38 186 329 187
314 2 2 6 38 186 337 329
315 2 2 6 38 189 339 190
316 2 2 6 38 190 327 191
317 2 2 6 38 190 339 327
318 2 2 6 38 327 335 191
319 2 2 6 38 193 326 192
320 2 2 6 38 326 336 192
321 2 2 6 38 194 334 193
322 2 2 6 38 193 334 326
323 2 2 6 38 195 342 194
324 2 2 6 38 196 341 195
325 2 2 6 38 197 333 196
326 2 2 6 38 198 325 197
327 2 2 6 38 325 333 197
328 2 2 6 38 198 335 325
329 2 2 6 38 329 337 323
330 2 2 6 38 324 338 330
331 2 2 6 38 325 335 327
332 2 2 6 38 328 336 326
333 2 2 12 39 186 14 18
334 2 2 12 39 186 167 14
335 2 2 12 39 20 16 172
336 2 2 12 39 172 191 20
337 2 2 12 39 168 167 186
338 2 2 12 39 188 169 168
339 2 2 12 39 187 168 186
340 2 2 12 39 188 168 187
341 2 2 12 39 170 169 188
342 2 2 12 39 171 170 189
343 2 2 12 39 189 170 188
344 2 2 12 39 171 191 172
345 2 2 12 39 189 190 171
346 2 2 12 39 171 190 191
347 2 2 10 40 19 15 154
348 2 2 10 40 160 16 20
349 2 2 10 40 19 154 192
350 2 2 10 40 198 160 20
351 2 2 10 40 154 155 193
352 2 2 10 40 192 154 193
353 2 2 10 40 193 155 156
354 2 2 10 40 194 156 157
355 2 2 10 40 193 156 194
356 2 2 10 40 195 157 158
357 2 2 10 40 194 157 195
358 2 2 10 40 158 159 197
359 2 2 10 40 195 158 196
360 2 2 10 40 196 158 197
361 2 2 10 40 197 159 160
362 2 2 10 40 197 160 198
363 2 2 6 41 22 343 21
364 2 2 6 41 21 345 22
365 2 2 6 41 21 343 199
366 2 2 6 41 204 345 21
367 2 2 6 41 205 343 22
368 2 2 6 41 22 345 210
369 2 2 6 41 199 346 200
370 2 2 6 41 199 343 205
371 2 2 6 41 205 346 199
372 2 2 6 41 200 348 201
373 2 2 6 41 200 346 206
374 2 2 6 41 206 348 200
375 2 2 6 41 201 347 202
376 2 2 6 41 207 347 201
377 2 2 6 41 201 348 207
378 2 2 6 41 202 344 203
379 2 2 6 41 208 344 202
380 2 2 6 41 202 347 208
381 2 2 6 41 203 349 204
382 2 2 6 41 203 344 209
383 2 2 6 41 209 349 203
384 2 2 6 41 210 345 204
385 2 2 6 41 204 349 210
386 2 2 6 41 206 346 205
387 2 2 6 41 207 348 206
388 2 2 6 41 208 347 207
389 2 2 6 41 209 344 208
390 2 2 6 41 210 349 209
391 2 2 6 42 199 350 21
392 2 2 6 42 21 350 204
393 2 2 6 42 200 350 199
394 2 2 6 42 201 350 200
395 2 2 6 42 202 350 201
396 2 2 6 42 203 350 202
397 2 2 6 42 204 350 203
398 2 2 9 44 23 5 354
399 2 2 9 44 5 102 354
400 2 2 9 44 8 24 352
401 2 2 9 44 108 8 352
402 2 2 9 44 211 23 354
403 2 2 9 44 24 217 352
404 2 2 9 44 102 103 356
405 2 2 9 44 102 211 354
406 2 2 9 44 211 102 356
407 2 2 9 44 103 104 358
408 2 2 9 44 103 212 356
409 2 2 9 44 212 103 358
410 2 2 9 44 104 105 357
411 2 2 9 44 213 104 357
412 2 2 9 44 104 213 358
413 2 2 9 44 105 106 355
414 2 2 9 44 214 105 355
415 2 2 9 44 105 214 357
416 2 2 9 44 106 107 353
417 2 2 9 44 215 106 353
418 2 2 9 44 106 215 355
419 2 2 9 44 107 108 359
420 2 2 9 44 107 216 353
421 2 2 9 44 216 107 359
422 2 2 9 44 217 108 352
423 2 2 9 44 108 217 359
424 2 2 9 44 212 211 356
425 2 2 9 44 213 212 358
426 2 2 9 44 214 213 357
427 2 2 9 44 215 214 355
428 2 2 9 44 216 215 353
429 2 2 9 44 217 216 359
430 2 2 11 45 218 5 23
431 2 2 11 45 5 218 109
432 2 2 11 45 9 223 25
433 2 2 11 45 9 114 223
434 2 2 11 45 218 110 109
435 2 2 11 45 111 110 220
436 2 2 11 45 110 218 219
437 2 2 11 45 220 110 219
438 2 2 11 45 112 111 220
439 2 2 11 45 113 112 222
440 2 2 11 45 112 220 221
441 2 2 11 45 222 112 221
442 2 2 11 45 114 113 222
443 2 2 11 45 114 222 223
444 2 2 12 46 224 24 8
445 2 2 12 46 134 224 8
446 2 2 12 46 139 12 26
447 2 2 12 46 229 139 26
448 2 2 12 46 135 225 134
449 2 2 12 46 225 224 134
450 2 2 12 46 136 226 135
451 2 2 12 46 226 225 135
452 2 2 12 46 137 227 136
453 2 2 12 46 227 226 136
454 2 2 12 46 138 228 137
455 2 2 12 46 228 227 137
456 2 2 12 46 138 139 229
457 2 2 12 46 229 228 138
458 2 2 7 47 23 211 413
459 2 2 7 47 218 23 413
460 2 2 7 47 217 24 414
461 2 2 7 47 24 224 414
462 2 2 7 47 25 223 412
463 2 2 7 47 230 25 412
464 2 2 7 47 229 26 405
465 2 2 7 47 26 236 405
466 2 2 7 47 211 212 400
467 2 2 7 47 211 400 413
468 2 2 7 47 212 213 364
469 2 2 7 47 212 364 400
470 2 2 7 47 213 214 396
471 2 2 7 47 364 213 396
472 2 2 7 47 214 215 361
473 2 2 7 47 214 361 396
474 2 2 7 47 215 216 397
475 2 2 7 47 361 215 397
476 2 2 7 47 216 217 401
477 2 2 7 47 397 216 401
478 2 2 7 47 401 217 414
479 2 2 7 47 219 218 369
480 2 2 7 47 369 218 413
481 2 2 7 47 220 219 370
482 2 2 7 47 219 369 370
483 2 2 7 47 221 220 360
484 2 2 7 47 360 220 370
485 2 2 7 47 222 221 392
486 2 2 7 47 221 360 392
487 2 2 7 47 223 222 368
488 2 2 7 47 368 222 392
489 2 2 7 47 223 368 412
490 2 2 7 47 224 225 367
491 2 2 7 47 224 367 414
492 2 2 7 47 225 226 410
493 2 2 7 47 367 225 410
494 2 2 7 47 226 227 363
495 2 2 7 47 226 363 410
496 2 2 7 47 227 228 386
497 2 2 7 47 363 227 386
498 2 2 7 47 228 229 366
499 2 2 7 47 228 366 386
500 2 2 7 47 366 229 405
501 2 2 7 47 231 230 399
502 2 2 7 47 399 230 412
503 2 2 7 47 232 231 365
504 2 2 7 47 365 231 399
505 2 2 7 47 233 232 395
506 2 2 7 47 232 365 395
507 2 2 7 47 234 233 362
508 2 2 7 47 362 233 395
509 2 2 7 47 235 234 403
510 2 2 7 47 234 362 403
511 2 2 7 47 236 235 405
512 2 2 7 47 388 235 403
513 2 2 7 47 235 388 405
514 2 2 7 47 360 370 371
515 2 2 7 47 360 371 372
516 2 2 7 47 360 372 392
517 2 2 7 47 396 361 408
518 2 2 7 47 361 397 402
519 2 2 7 47 361 402 408
520 2 2 7 47 362 389 403
521 2 2 7 47 389 362 404
522 2 2 7 47 362 395 416
523 2 2 7 47 404 362 416
524 2 2 7 47 363 383 410
525 2 2 7 47 383 363 417
526 2 2 7 47 363 386 390
527 2 2 7 47 363 390 417
528 2 2 7 47 364 396 398
529 2 2 7 47 364 398 409
530 2 2 7 47 400 364 409
531 2 2 7 47 365 394 395
532 2 2 7 47 394 365 407
533 2 2 7 47 365 399 407
534 2 2 7 47 386 366 387
535 2 2 7 47 387 366 388
536 2 2 7 47 388 366 405
537 2 2 7 47 367 383 406
538 2 2 7 47 383 367 410
539 2 2 7 47 401 367 406
540 2 2 7 47 367 401 414
541 2 2 7 47 384 368 392
542 2 2 7 47 368 384 407
543 2 2 7 47 399 368 407
544 2 2 7 47 368 399 412
545 2 2 7 47 370 369 385
546 2 2 7 47 385 369 409
547 2 2 7 47 369 400 409
548 2 2 7 47 400 369 413
549 2 2 7 47 371 370 385
550 2 2 7 47 372 371 373
551 2 2 7 47 373 371 391
552 2 2 7 47 371 385 391
553 2 2 7 47 372 373 374
554 2 2 7 47 372 374 384
555 2 2 7 47 372 384 392
556 2 2 7 47 374 373 375
557 2 2 7 47 375 373 376
558 2 2 7 47 376 373 391
559 2 2 7 47 374 375 393
560 2 2 7 47 384 374 394
561 2 2 7 47 374 393 394
562 2 2 7 47 375 376 377
563 2 2 7 47 375 377 378
564 2 2 7 47 375 378 393
565 2 2 7 47 377 376 379
566 2 2 7 47 379 376 380
567 2 2 7 47 380 376 391
568 2 2 7 47 378 377 415
569 2 2 7 47 377 379 381
570 2 2 7 47 377 381 415
571 2 2 7 47 378 389 404
572 2 2 7 47 389 378 411
573 2 2 7 47 393 378 404
574 2 2 7 47 411 378 415
575 2 2 7 47 379 380 402
576 2 2 7 47 381 379 382
577 2 2 7 47 382 379 402
578 2 2 7 47 380 391 398
579 2 2 7 47 380 398 408
580 2 2 7 47 402 380 408
581 2 2 7 47 381 382 383
582 2 2 7 47 381 383 417
583 2 2 7 47 415 381 417
584 2 2 7 47 383 382 406
585 2 2 7 47 382 402 406
586 2 2 7 47 384 394 407
587 2 2 7 47 391 385 398
588 2 2 7 47 398 385 409
589 2 2 7 47 386 387 390
590 2 2 7 47 387 388 389
591 2 2 7 47 387 389 411
592 2 2 7 47 390 387 411
593 2 2 7 47 389 388 403
594 2 2 7 47 390 411 415
595 2 2 7 47 390 415 417
596 2 2 7 47 394 393 416
597 2 2 7 47 393 404 416
598 2 2 7 47 395 394 416
599 2 2 7 47 398 396 408
600 2 2 7 47 397 401 406
601 2 2 7 47 402 397 406
602 2 2 10 48 25 422 9
603 2 2 10 48 9 422 140
604 2 2 10 48 12 418 26
605 2 2 10 48 146 418 12
606 2 2 10 48 230 422 25
607 2 2 10 48 26 418 236
608 2 2 10 48 140 423 141
609 2 2 10 48 140 422 230
610 2 2 10 48 230 423 140
611 2 2 10 48 141 421 142
612 2 2 10 48 231 421 141
613 2 2 10 48 141 423 231
614 2 2 10 48 142 424 143
615 2 2 10 48 142 421 232
616 2 2 10 48 232 424 142
617 2 2 10 48 143 420 144
618 2 2 10 48 233 420 143
619 2 2 10 48 143 424 233
620 2 2 10 48 144 419 145
621 2 2 10 48 234 419 144
622 2 2 10 48 144 420 234
623 2 2 10 48 145 425 146
624 2 2 10 48 145 419 235
625 2 2 10 48 235 425 145
626 2 2 10 48 236 418 146
627 2 2 10 48 146 425 236
628 2 2 10 48 231 423 230
629 2 2 10 48 232 421 231
630 2 2 10 48 233 424 232
631 2 2 10 48 234 420 233
632 2 2 10 48 235 419 234
633 2 2 10 48 236 425 235
634 2 2 6 49 31 427 1
635 2 2 6 49 1 439 46
636 2 2 6 49 427 439 1
637 2 2 6 49 32 449 31
638 2 2 6 49 31 449 427
639 2 2 6 49 33 440 32
640 2 2 6 49 440 449 32
641 2 2 6 49 34 432 33
642 2 2 6 49 432 440 33
643 2 2 6 49 35 437 34
644 2 2 6 49 34 437 432
645 2 2 6 49 36 428 35
646 2 2 6 49 428 437 35
647 2 2 6 49 37 434 36
648 2 2 6 49 36 434 428
649 2 2 6 49 38 431 37
650 2 2 6 49 431 434 37
651 2 2 6 49 39 435 38
652 2 2 6 49 38 435 431
653 2 2 6 49 40 426 39
654 2 2 6 49 426 435 39
655 2 2 6 49 41 436 40
656 2 2 6 49 40 436 426
657 2 2 6 49 42 430 41
658 2 2 6 49 430 436 41
659 2 2 6 49 43 448 42
660 2 2 6 49 42 448 430
661 2 2 6 49 44 429 43
662 2 2 6 49 429 448 43
663 2 2 6 49 45 438 44
664 2 2 6 49 44 438 429
665 2 2 6 49 46 433 45
666 2 2 6 49 433 438 45
667 2 2 6 49 46 439 433
668 2 2 6 49 426 451 435
669 2 2 6 49 436 445 426
670 2 2 6 49 445 451 426
671 2 2 6 49 427 447 439
672 2 2 6 49 441 447 427
673 2 2 6 49 427 449 441
674 2 2 6 49 434 444 428
675 2 2 6 49 428 442 437
676 2 2 6 49 428 444 442
677 2 2 6 49 438 446 429
678 2 2 6 49 446 450 429
679 2 2 6 49 429 450 448
680 2 2 6 49 430 445 436
681 2 2 6 49 430 450 445
682 2 2 6 49 448 450 430
683 2 2 6 49 431 444 434
684 2 2 6 49 435 451 431
685 2 2 6 49 431 451 444
686 2 2 6 49 437 442 432
687 2 2 6 49 432 441 440
688 2 2 6 49 432 442 441
689 2 2 6 49 433 446 438
690 2 2 6 49 439 447 433
691 2 2 6 49 433 447 446
692 2 2 6 49 441 449 440
693 2 2 6 49 442 443 441
694 2 2 6 49 443 447 441
695 2 2 6 49 442 444 443
696 2 2 6 49 444 445 443
697 2 2 6 49 445 446 443
698 2 2 6 49 446 447 443
699 2 2 6 49 444 451 445
700 2 2 6 49 445 450 446
701 2 2 9 50 17 27 458
702 2 2 9 50 173 17 458
703 2 2 9 50 28 18 455
704 2 2 9 50 18 179 455
705 2 2 9 50 27 237 458
706 2 2 9 50 243 28 455
707 2 2 9 50 174 173 459
708 2 2 9 50 173 458 459
709 2 2 9 50 175 174 457
710 2 2 9 50 457 174 459
711 2 2 9 50 176 175 456
712 2 2 9 50 456 175 457
713 2 2 9 50 177 176 454
714 2 2 9 50 454 176 456
715 2 2 9 50 178 177 452
716 2 2 9 50 452 177 454
717 2 2 9 50 179 178 453
718 2 2 9 50 178 452 453
719 2 2 9 50 179 453 455
720 2 2 9 50 237 238 459
721 2 2 9 50 458 237 459
722 2 2 9 50 238 239 457
723 2 2 9 50 238 457 459
724 2 2 9 50 239 240 456
725 2 2 9 50 239 456 457
726 2 2 9 50 240 241 454
727 2 2 9 50 240 454 456
728 2 2 9 50 241 242 452
729 2 2 9 50 241 452 454
730 2 2 9 50 242 243 453
731 2 2 9 50 452 242 453
732 2 2 9 50 453 243 455
733 2 2 11 51 27 17 465
734 2 2 11 51 17 180 465
735 2 2 11 51 19 29 466
736 2 2 11 51 185 19 466
737 2 2 11 51 244 27 465
738 2 2 11 51 29 249 466
739 2 2 11 51 180 181 461
740 2 2 11 51 244 180 461
741 2 2 11 51 180 244 465
742 2 2 11 51 181 182 460
743 2 2 11 51 245 181 460
744 2 2 11 51 181 245 461
745 2 2 11 51 182 183 462
746 2 2 11 51 182 246 460
747 2 2 11 51 246 182 462
748 2 2 11 51 183 184 463
749 2 2 11 51 183 247 462
750 2 2 11 51 247 183 463
751 2 2 11 51 184 185 464
752 2 2 11 51 184 248 463
753 2 2 11 51 248 184 464
754 2 2 11 51 185 249 464
755 2 2 11 51 249 185 466
756 2 2 11 51 245 244 461
757 2 2 11 51 246 245 460
758 2 2 11 51 247 246 462
759 2 2 11 51 248 247 463
760 2 2 11 51 249 248 464
761 2 2 8 52 27 518 237
762 2 2 8 52 244 518 27
763 2 2 8 52 243 511 28
764 2 2 8 52 28 511 250
765 2 2 8 52 29 517 249
766 2 2 8 52 256 517 29
767 2 2 8 52 255 523 30
768 2 2 8 52 30 523 262
769 2 2 8 52 237 507 238
770 2 2 8 52 237 518 507
771 2 2 8 52 238 472 239
772 2 2 8 52 238 507 472
773 2 2 8 52 239 514 240
774 2 2 8 52 472 514 239
775 2 2 8 52 240 469 241
776 2 2 8 52 240 514 469
777 2 2 8 52 241 509 242
778 2 2 8 52 469 509 241
779 2 2 8 52 242 511 243
780 2 2 8 52 242 509 494
781 2 2 8 52 494 511 242
782 2 2 8 52 245 476 244
783 2 2 8 52 476 518 244
784 2 2 8 52 246 516 245
785 2 2 8 52 245 516 476
786 2 2 8 52 247 467 246
787 2 2 8 52 467 516 246
788 2 2 8 52 248 497 247
789 2 2 8 52 247 497 467
790 2 2 8 52 249 475 248
791 2 2 8 52 475 497 248
792 2 2 8 52 249 517 475
793 2 2 8 52 250 474 251
794 2 2 8 52 250 511 474
795 2 2 8 52 251 477 252
796 2 2 8 52 474 477 251
797 2 2 8 52 252 470 253
798 2 2 8 52 252 477 470
799 2 2 8 52 253 504 254
800 2 2 8 52 470 504 253
801 2 2 8 52 254 473 255
802 2 2 8 52 254 504 473
803 2 2 8 52 473 523 255
804 2 2 8 52 257 506 256
805 2 2 8 52 506 517 256
806 2 2 8 52 258 471 257
807 2 2 8 52 471 506 257
808 2 2 8 52 259 505 258
809 2 2 8 52 258 505 471
810 2 2 8 52 260 468 259
811 2 2 8 52 468 505 259
812 2 2 8 52 261 510 260
813 2 2 8 52 260 510 468
814 2 2 8 52 262 508 261
815 2 2 8 52 261 508 500
816 2 2 8 52 500 510 261
817 2 2 8 52 262 523 508
818 2 2 8 52 490 516 467
819 2 2 8 52 467 521 490
820 2 2 8 52 497 499 467
821 2 2 8 52 499 521 467
822 2 2 8 52 468 510 492
823 2 2 8 52 492 513 468
824 2 2 8 52 468 513 505
825 2 2 8 52 495 509 469
826 2 2 8 52 469 524 495
827 2 2 8 52 469 514 496
828 2 2 8 52 496 524 469
829 2 2 8 52 477 478 470
830 2 2 8 52 478 479 470
831 2 2 8 52 479 504 470
832 2 2 8 52 505 515 471
833 2 2 8 52 471 515 506
834 2 2 8 52 496 514 472
835 2 2 8 52 472 522 496
836 2 2 8 52 507 512 472
837 2 2 8 52 512 522 472
838 2 2 8 52 491 500 473
839 2 2 8 52 473 504 491
840 2 2 8 52 500 508 473
841 2 2 8 52 508 523 473
842 2 2 8 52 474 493 477
843 2 2 8 52 474 494 493
844 2 2 8 52 474 511 494
845 2 2 8 52 475 498 497
846 2 2 8 52 475 506 498
847 2 2 8 52 475 517 506
848 2 2 8 52 490 512 476
849 2 2 8 52 476 516 490
850 2 2 8 52 476 512 507
851 2 2 8 52 507 518 476
852 2 2 8 52 477 493 478
853 2 2 8 52 478 480 479
854 2 2 8 52 478 501 480
855 2 2 8 52 493 501 478
856 2 2 8 52 480 481 479
857 2 2 8 52 481 491 479
858 2 2 8 52 491 504 479
859 2 2 8 52 480 482 481
860 2 2 8 52 480 483 482
861 2 2 8 52 480 501 483
862 2 2 8 52 482 502 481
863 2 2 8 52 481 492 491
864 2 2 8 52 481 502 492
865 2 2 8 52 483 484 482
866 2 2 8 52 484 485 482
867 2 2 8 52 485 502 482
868 2 2 8 52 483 486 484
869 2 2 8 52 483 488 486
870 2 2 8 52 483 501 488
871 2 2 8 52 484 519 485
872 2 2 8 52 486 487 484
873 2 2 8 52 487 519 484
874 2 2 8 52 485 503 502
875 2 2 8 52 485 520 503
876 2 2 8 52 519 520 485
877 2 2 8 52 486 489 487
878 2 2 8 52 488 496 486
879 2 2 8 52 486 522 489
880 2 2 8 52 496 522 486
881 2 2 8 52 489 490 487
882 2 2 8 52 490 521 487
883 2 2 8 52 487 521 519
884 2 2 8 52 488 501 495
885 2 2 8 52 495 524 488
886 2 2 8 52 488 524 496
887 2 2 8 52 489 512 490
888 2 2 8 52 489 522 512
889 2 2 8 52 492 500 491
890 2 2 8 52 492 510 500
891 2 2 8 52 502 513 492
892 2 2 8 52 494 495 493
893 2 2 8 52 495 501 493
894 2 2 8 52 494 509 495
895 2 2 8 52 498 499 497
896 2 2 8 52 498 520 499
897 2 2 8 52 506 515 498
898 2 2 8 52 515 520 498
899 2 2 8 52 499 520 519
900 2 2 8 52 519 521 499
901 2 2 8 52 503 513 502
902 2 2 8 52 505 513 503
903 2 2 8 52 503 515 505
904 2 2 8 52 503 520 515
905 2 2 12 53 28 531 18
906 2 2 12 53 18 531 186
907 2 2 12 53 20 525 30
908 2 2 12 53 191 525 20
909 2 2 12 53 250 531 28
910 2 2 12 53 30 525 255
911 2 2 12 53 186 527 187
912 2 2 12 53 250 527 186
913 2 2 12 53 186 531 250
914 2 2 12 53 187 528 188
915 2 2 12 53 187 527 251
916 2 2 12 53 251 528 187
917 2 2 12 53 188 526 189
918 2 2 12 53 252 526 188
919 2 2 12 53 188 528 252
920 2 2 12 53 189 529 190
921 2 2 12 53 189 526 253
922 2 2 12 53 253 529 189
923 2 2 12 53 190 530 191
924 2 2 12 53 190 529 254
925 2 2 12 53 254 530 190
926 2 2 12 53 255 525 191
927 2 2 12 53 191 530 255
928 2 2 12 53 251 527 250
929 2 2 12 53 252 528 251
930 2 2 12 53 253 526 252
931 2 2 12 53 254 529 253
932 2 2 12 53 255 530 254
933 2 2 10 54 19 538 29
934 2 2 10 54 192 538 19
935 2 2 10 54 30 532 20
936 2 2 10 54 20 532 198
937 2 2 10 54 29 538 256
938 2 2 10 54 262 532 30
939 2 2 10 54 193 539 192
940 2 2 10 54 192 539 538
941 2 2 10 54 194 537 193
942 2 2 10 54 537 539 193
943 2 2 10 54 195 536 194
944 2 2 10 54 536 537 194
945 2 2 10 54 196 535 195
946 2 2 10 54 535 536 195
947 2 2 10 54 197 533 196
948 2 2 10 54 533 535 196
949 2 2 10 54 198 534 197
950 2 2 10 54 197 534 533
951 2 2 10 54 532 534 198
952 2 2 10 54 256 539 257
953 2 2 10 54 538 539 256
954 2 2 10 54 257 537 258
955 2 2 10 54 257 539 537
956 2 2 10 54 258 536 259
957 2 2 10 54 258 537 536
958 2 2 10 54 259 535 260
959 2 2 10 54 259 536 535
960 2 2 10 54 260 533 261
961 2 2 10 54 260 535 533
962 2 2 10 54 261 534 262
963 2 2 10 54 533 534 261
964 2 2 10 54 262 534 532
965 2 2 6 55 79 4 580
966 2 2 6 55 4 94 543
967 2 2 6 55 4 543 580
968 2 2 6 55 22 205 544
969 2 2 6 55 210 22 545
970 2 2 6 55 22 544 602
971 2 2 6 55 545 22 602
972 2 2 6 55 80 79 566
973 2 2 6 55 566 79 580
974 2 2 6 55 81 80 581
975 2 2 6 55 80 566 581
976 2 2 6 55 82 81 542
977 2 2 6 55 542 81 581
978 2 2 6 55 83 82 577
979 2 2 6 55 82 542 577
980 2 2 6 55 84 83 557
981 2 2 6 55 557 83 577
982 2 2 6 55 85 84 600
983 2 2 6 55 84 557 600
984 2 2 6 55 86 85 583
985 2 2 6 55 85 571 583
986 2 2 6 55 571 85 600
987 2 2 6 55 87 86 540
988 2 2 6 55 540 86 583
989 2 2 6 55 88 87 572
990 2 2 6 55 87 540 572
991 2 2 6 55 89 88 553
992 2 2 6 55 553 88 572
993 2 2 6 55 90 89 575
994 2 2 6 55 89 553 575
995 2 2 6 55 91 90 576
996 2 2 6 55 90 575 576
997 2 2 6 55 92 91 541
998 2 2 6 55 541 91 576
999 2 2 6 55 93 92 589
1000 2 2 6 55 92 541 589
1001 2 2 6 55 94 93 588
1002 2 2 6 55 588 93 589
1003 2 2 6 55 543 94 588
1004 2 2 6 55 205 206 598
1005 2 2 6 55 544 205 547
1006 2 2 6 55 547 205 598
1007 2 2 6 55 206 207 558
1008 2 2 6 55 206 558 601
1009 2 2 6 55 598 206 601
1010 2 2 6 55 207 208 597
1011 2 2 6 55 558 207 559
1012 2 2 6 55 559 207 597
1013 2 2 6 55 208 209 552
1014 2 2 6 55 208 552 603
1015 2 2 6 55 597 208 603
1016 2 2 6 55 209 210 546
1017 2 2 6 55 209 546 592
1018 2 2 6 55 552 209 592
1019 2 2 6 55 210 545 546
1020 2 2 6 55 570 540 583
1021 2 2 6 55 540 570 593
1022 2 2 6 55 572 540 573
1023 2 2 6 55 573 540 593
1024 2 2 6 55 541 567 594
1025 2 2 6 55 567 541 595
1026 2 2 6 55 541 576 595
1027 2 2 6 55 589 541 594
1028 2 2 6 55 577 542 578
1029 2 2 6 55 578 542 587
1030 2 2 6 55 542 581 582
1031 2 2 6 55 542 582 587
1032 2 2 6 55 580 543 586
1033 2 2 6 55 586 543 590
1034 2 2 6 55 543 588 590
1035 2 2 6 55 544 547 548
1036 2 2 6 55 544 548 555
1037 2 2 6 55 544 555 602
1038 2 2 6 55 546 545 549
1039 2 2 6 55 549 545 602
1040 2 2 6 55 546 549 550
1041 2 2 6 55 546 550 551
1042 2 2 6 55 546 551 592
1043 2 2 6 55 548 547 564
1044 2 2 6 55 564 547 584
1045 2 2 6 55 584 547 598
1046 2 2 6 55 555 548 556
1047 2 2 6 55 556 548 564
1048 2 2 6 55 550 549 554
1049 2 2 6 55 554 549 569
1050 2 2 6 55 549 555 569
1051 2 2 6 55 555 549 602
1052 2 2 6 55 551 550 567
1053 2 2 6 55 550 554 594
1054 2 2 6 55 567 550 594
1055 2 2 6 55 551 567 568
1056 2 2 6 55 551 568 579
1057 2 2 6 55 551 579 592
1058 2 2 6 55 552 579 591
1059 2 2 6 55 579 552 592
1060 2 2 6 55 552 591 603
1061 2 2 6 55 553 572 573
1062 2 2 6 55 553 573 574
1063 2 2 6 55 553 574 575
1064 2 2 6 55 554 569 590
1065 2 2 6 55 554 590 596
1066 2 2 6 55 594 554 596
1067 2 2 6 55 555 556 569
1068 2 2 6 55 556 564 582
1069 2 2 6 55 569 556 586
1070 2 2 6 55 556 582 599
1071 2 2 6 55 586 556 599
1072 2 2 6 55 571 557 585
1073 2 2 6 55 557 571 600
1074 2 2 6 55 557 577 578
1075 2 2 6 55 557 578 585
1076 2 2 6 55 558 559 560
1077 2 2 6 55 558 560 561
1078 2 2 6 55 558 561 601
1079 2 2 6 55 560 559 562
1080 2 2 6 55 562 559 563
1081 2 2 6 55 563 559 597
1082 2 2 6 55 561 560 585
1083 2 2 6 55 560 562 565
1084 2 2 6 55 560 565 585
1085 2 2 6 55 561 578 584
1086 2 2 6 55 578 561 585
1087 2 2 6 55 561 584 601
1088 2 2 6 55 562 563 593
1089 2 2 6 55 565 562 570
1090 2 2 6 55 570 562 593
1091 2 2 6 55 573 563 591
1092 2 2 6 55 563 573 593
1093 2 2 6 55 591 563 603
1094 2 2 6 55 563 597 603
1095 2 2 6 55 582 564 587
1096 2 2 6 55 564 584 587
1097 2 2 6 55 565 570 571
1098 2 2 6 55 565 571 585
1099 2 2 6 55 566 580 599
1100 2 2 6 55 581 566 582
1101 2 2 6 55 582 566 599
1102 2 2 6 55 568 567 595
1103 2 2 6 55 574 568 575
1104 2 2 6 55 568 574 579
1105 2 2 6 55 575 568 595
1106 2 2 6 55 569 586 590
1107 2 2 6 55 571 570 583
1108 2 2 6 55 574 573 591
1109 2 2 6 55 579 574 591
1110 2 2 6 55 576 575 595
1111 2 2 6 55 584 578 587
1112 2 2 6 55 580 586 599
1113 2 2 6 55 584 598 601
1114 2 2 6 55 588 589 596
1115 2 2 6 55 590 588 596
1116 2 2 6 55 589 594 596
1117 2 2 9 56 147 6 13
1118 2 2 9 56 95 6 147
1119 2 2 9 56 153 14 7
1120 2 2 9 56 153 7 101
1121 2 2 9 56 95 148 96
1122 2 2 9 56 148 95 147
1123 2 2 9 56 148 97 96
1124 2 2 9 56 149 98 97
1125 2 2 9 56 148 149 97
1126 2 2 9 56 150 99 98
1127 2 2 9 56 149 150 98
1128 2 2 9 56 152 100 99
1129 2 2 9 56 99 150 151
1130 2 2 9 56 152 99 151
1131 2 2 9 56 100 153 101
1132 2 2 9 56 152 153 100
1133 2 2 10 57 15 10 127
1134 2 2 10 57 133 11 16
1135 2 2 10 57 15 127 154
1136 2 2 10 57 160 133 16
1137 2 2 10 57 154 127 128
1138 2 2 10 57 156 128 129
1139 2 2 10 57 128 155 154
1140 2 2 10 57 156 155 128
1141 2 2 10 57 156 129 130
1142 2 2 10 57 157 130 131
1143 2 2 10 57 156 130 157
1144 2 2 10 57 131 132 159
1145 2 2 10 57 157 131 158
1146 2 2 10 57 158 131 159
1147 2 2 10 57 159 132 133
1148 2 2 10 57 159 133 160
1149 2 2 11 58 115 13 6
1150 2 2 11 58 15 120 10
1151 2 2 11 58 13 115 161
1152 2 2 11 58 15 166 120
1153 2 2 11 58 162 115 116
1154 2 2 11 58 161 115 162
1155 2 2 11 58 117 162 116
1156 2 2 11 58 118 163 117
1157 2 2 11 58 117 163 162
1158 2 2 11 58 119 164 118
1159 2 2 11 58 118 164 163
1160 2 2 11 58 166 119 120
1161 2 2 11 58 119 165 164
1162 2 2 11 58 165 119 166
1163 2 2 12 59 121 7 14
1164 2 2 12 59 16 11 172
1165 2 2 12 59 11 126 172
1166 2 2 12 59 14 167 121
1167 2 2 12 59 168 122 121
1168 2 2 12 59 167 168 121
1169 2 2 12 59 123 122 168
1170 2 2 12 59 124 123 169
1171 2 2 12 59 123 168 169
1172 2 2 12 59 125 124 170
1173 2 2 12 59 124 169 170
1174 2 2 12 59 126 125 171
1175 2 2 12 59 125 170 171
1176 2 2 12 59 126 171 172
1177 4 2 1 1 274 294 45 605
1178 4 2 1 1 61 46 45 605
1179 4 2 1 1 61 45 294 605
1180 4 2 1 1 46 61 62 605
1181 4 2 1 1 32 293 273 604
1182 4 2 1 1 48 32 31 604
1183 4 2 1 1 293 32 48 604
1184 4 2 1 1 47 48 31 604
1185 4 2 1 1 132 133 146 606
1186 4 2 1 1 132 146 145 606
1187 4 2 1 1 265 132 145 606
1188 4 2 1 1 146 133 285 606
1189 4 2 1 1 145 285 265 606
1190 4 2 1 1 265 285 133 606
1191 4 2 1 1 301 131 47 281
1192 4 2 1 1 62 282 129 302
1193 4 2 1 1 141 127 266 140
1194 4 2 1 1 127 141 266 128
1195 4 2 1 1 105 38 55 54
1196 4 2 1 1 38 105 55 98
1197 4 2 1 1 38 55 39 98
1198 4 2 1 1 61 288 44 60
1199 4 2 1 1 140 141 286 266
1200 4 2 1 1 118 59 112 117
1201 4 2 1 1 136 124 34 137
1202 4 2 1 1 100 283 107 101
1203 4 2 1 1 97 98 55 104
1204 4 2 1 1 106 105 38 99
1205 4 2 1 1 61 45 288 286
1206 4 2 1 1 283 52 37 53
1207 4 2 1 1 45 288 44 61
1208 4 2 1 1 288 45 44 268
1209 4 2 1 1 54 106 105 38
1210 4 2 1 1 105 104 55 98
1211 4 2 1 1 98 97 55 39
1212 4 2 1 1 99 38 98 105
1213 4 2 1 1 47 2 301 281
1214 4 2 1 1 264 95 96 102
1215 4 2 1 1 101 283 107 108
1216 4 2 1 1 131 301 47 144
1217 4 2 1 1 281 131 47 31
1218 4 2 1 1 282 62 129 46
1219 4 2 1 1 62 302 129 142
1220 4 2 1 1 36 283 37 263
1221 4 2 1 1 36 283 52 37
1222 4 2 1 1 284 56 41 57
1223 4 2 1 1 114 119 120 268
1224 4 2 1 1 125 139 126 267
1225 4 2 1 1 118 59 117 43
1226 4 2 1 1 124 136 34 123
1227 4 2 1 1 278 109 6 298
1228 4 2 1 1 100 283 101 263
1229 4 2 1 1 57 270 58 41
1230 4 2 1 1 51 36 289 52
1231 4 2 1 1 292 106 38 272
1232 4 2 1 1 97 291 55 271
1233 4 2 1 1 117 59 112 111
1234 4 2 1 1 136 34 50 137
1235 4 2 1 1 290 116 58 270
1236 4 2 1 1 134 277 7 297
1237 4 2 1 1 116 111 58 117
1238 4 2 1 1 136 35 123 122
1239 4 2 1 1 109 278 6 115
1240 4 2 1 1 271 55 40 291
1241 4 2 1 1 290 116 110 58
1242 4 2 1 1 51 135 289 35
1243 4 2 1 1 116 58 270 42
1244 4 2 1 1 295 266 268 276
1245 4 2 1 1 296 267 285 275
1246 4 2 1 1 38 99 272 106
1247 4 2 1 1 291 97 55 104
1248 4 2 1 1 46 62 129 274
1249 4 2 1 1 47 131 273 31
1250 4 2 1 1 275 267 285 265
1251 4 2 1 1 55 56 40 291
1252 4 2 1 1 38 54 106 292
1253 4 2 1 1 39 55 271 97
1254 4 2 1 1 294 274 45 266
1255 4 2 1 1 276 9 114 295
1256 4 2 1 1 297 101 283 277
1257 4 2 1 1 130 302 129 282
1258 4 2 1 1 139 11 296 12
1259 4 2 1 1 114 10 276 120
1260 4 2 1 1 277 134 7 121
1261 4 2 1 1 298 6 5 109
1262 4 2 1 1 42 117 116 58
1263 4 2 1 1 136 35 135 51
1264 4 2 1 1 111 116 58 110
1265 4 2 1 1 35 136 135 122
1266 4 2 1 1 266 45 294 286
1267 4 2 1 1 296 11 146 12
1268 4 2 1 1 31 2 281 1
1269 4 2 1 1 113 300 280 288
1270 4 2 1 1 36 35 289 269
1271 4 2 1 1 57 270 290 58
1272 4 2 1 1 44 280 288 268
1273 4 2 1 1 295 268 114 276
1274 4 2 1 1 267 296 285 287
1275 4 2 1 1 101 297 7 277
1276 4 2 1 1 6 298 102 278
1277 4 2 1 1 54 38 53 292
1278 4 2 1 1 55 271 40 39
1279 4 2 1 1 35 34 136 123
1280 4 2 1 1 35 50 136 34
1281 4 2 1 1 59 117 58 111
1282 4 2 1 1 59 117 43 58
1283 4 2 1 1 271 264 96 291
1284 4 2 1 1 283 292 272 107
1285 4 2 1 1 10 114 276 9
1286 4 2 1 1 297 7 134 8
1287 4 2 1 1 100 283 272 107
1288 4 2 1 1 51 36 35 289
1289 4 2 1 1 41 270 58 42
1290 4 2 1 1 45 61 294 286
1291 4 2 1 1 101 297 283 108
1292 4 2 1 1 102 278 264 95
1293 4 2 1 1 127 10 276 9
1294 4 2 1 1 138 279 299 287
1295 4 2 1 1 47 2 281 31
1296 4 2 1 1 282 1 62 46
1297 4 2 1 1 268 114 276 120
1298 4 2 1 1 50 35 136 51
1299 4 2 1 1 42 43 117 58
1300 4 2 1 1 101 297 108 7
1301 4 2 1 1 102 6 278 95
1302 4 2 1 1 101 283 277 263
1303 4 2 1 1 268 295 114 288
1304 4 2 1 1 287 296 139 267
1305 4 2 1 1 118 113 280 119
1306 4 2 1 1 269 283 36 263
1307 4 2 1 1 270 57 284 41
1308 4 2 1 1 284 41 264 270
1309 4 2 1 1 36 283 289 52
1310 4 2 1 1 130 302 2 143
1311 4 2 1 1 130 302 143 129
1312 4 2 1 1 289 277 297 283
1313 4 2 1 1 266 286 140 295
1314 4 2 1 1 283 100 272 263
1315 4 2 1 1 285 265 133 275
1316 4 2 1 1 102 5 298 6
1317 4 2 1 1 7 297 108 8
1318 4 2 1 1 138 124 279 125
1319 4 2 1 1 294 141 266 286
1320 4 2 1 1 281 1 2 130
1321 4 2 1 1 271 40 264 291
1322 4 2 1 1 279 299 137 138
1323 4 2 1 1 97 291 271 96
1324 4 2 1 1 107 106 292 272
1325 4 2 1 1 104 291 96 103
1326 4 2 1 1 272 107 99 100
1327 4 2 1 1 138 124 137 279
1328 4 2 1 1 283 269 277 263
1329 4 2 1 1 137 34 299 279
1330 4 2 1 1 34 137 124 279
1331 4 2 1 1 301 131 143 144
1332 4 2 1 1 302 143 129 142
1333 4 2 1 1 57 270 284 290
1334 4 2 1 1 283 269 36 289
1335 4 2 1 1 277 134 289 297
1336 4 2 1 1 97 291 96 104
1337 4 2 1 1 107 272 99 106
1338 4 2 1 1 283 272 37 263
1339 4 2 1 1 121 289 277 134
1340 4 2 1 1 289 121 135 134
1341 4 2 1 1 118 280 59 43
1342 4 2 1 1 289 277 283 269
1343 4 2 1 1 44 59 280 43
1344 4 2 1 1 299 50 49 34
1345 4 2 1 1 137 34 50 299
1346 4 2 1 1 289 121 277 269
1347 4 2 1 1 290 116 109 110
1348 4 2 1 1 293 47 273 604
1349 4 2 1 1 274 62 294 605
1350 4 2 1 1 273 47 31 604
1351 4 2 1 1 46 62 274 605
1352 4 2 1 1 31 32 273 604
1353 4 2 1 1 133 132 265 606
1354 4 2 1 1 48 47 293 604
1355 4 2 1 1 45 46 274 605
1356 4 2 1 1 145 146 285 606
1357 4 2 1 1 62 61 294 605
1358 4 2 1 1 266 45 288 268
1359 4 2 1 1 288 45 266 286
1360 4 2 1 1 288 295 266 268
1361 4 2 1 1 266 295 288 286
1362 4 2 1 1 103 291 264 284
1363 4 2 1 1 264 291 103 96
1364 4 2 1 1 264 102 103 284
1365 4 2 1 1 103 102 264 96
1366 4 2 1 1 33 48 267 32
1367 4 2 1 1 285 48 267 287
1368 4 2 1 1 41 40 284 264
1369 4 2 1 1 41 284 40 56
1370 4 2 1 1 291 284 40 264
1371 4 2 1 1 291 40 284 56
1372 4 2 1 1 130 302 1 2
1373 4 2 1 1 130 1 302 282
1374 4 2 1 1 62 1 302 2
1375 4 2 1 1 62 302 1 282
1376 4 2 1 1 141 294 129 142
1377 4 2 1 1 62 129 294 142
1378 4 2 1 1 62 294 129 274
1379 4 2 1 1 293 145 131 144
1380 4 2 1 1 131 47 293 144
1381 4 2 1 1 293 47 131 273
1382 4 2 1 1 114 119 288 113
1383 4 2 1 1 114 288 119 268
1384 4 2 1 1 280 288 119 113
1385 4 2 1 1 280 119 288 268
1386 4 2 1 1 275 267 139 296
1387 4 2 1 1 139 267 275 126
1388 4 2 1 1 139 11 275 296
1389 4 2 1 1 275 11 139 126
1390 4 2 1 1 125 139 287 138
1391 4 2 1 1 287 139 125 267
1392 4 2 1 1 287 279 125 138
1393 4 2 1 1 125 279 287 267
1394 4 2 1 1 285 133 296 275
1395 4 2 1 1 285 296 133 146
1396 4 2 1 1 11 296 133 275
1397 4 2 1 1 11 133 296 146
1398 4 2 1 1 121 269 135 122
1399 4 2 1 1 121 135 269 289
1400 4 2 1 1 35 135 269 122
1401 4 2 1 1 35 269 135 289
1402 4 2 1 1 272 283 53 292
1403 4 2 1 1 53 283 272 37
1404 4 2 1 1 53 38 272 292
1405 4 2 1 1 272 38 53 37
1406 4 2 1 1 129 128 294 141
1407 4 2 1 1 129 294 128 274
1408 4 2 1 1 266 294 128 141
1409 4 2 1 1 266 128 294 274
1410 4 2 1 1 9 140 276 127
1411 4 2 1 1 9 276 140 295
1412 4 2 1 1 266 276 140 127
1413 4 2 1 1 266 140 276 295
1414 4 2 1 1 32 293 265 273
1415 4 2 1 1 145 293 265 285
1416 4 2 1 1 131 281 143 130
1417 4 2 1 1 131 143 281 301
1418 4 2 1 1 2 143 281 130
1419 4 2 1 1 2 281 143 301
1420 4 2 1 1 288 60 280 44
1421 4 2 1 1 288 280 60 300
1422 4 2 1 1 59 280 60 44
1423 4 2 1 1 59 60 280 300
1424 4 2 1 1 34 49 279 33
1425 4 2 1 1 34 279 49 299
1426 4 2 1 1 287 49 279 299
1427 4 2 1 1 267 48 49 287
1428 4 2 1 1 49 48 267 33
1429 4 2 1 1 49 279 267 287
1430 4 2 1 1 267 279 49 33
1431 4 2 1 1 267 48 265 32
1432 4 2 1 1 267 265 48 285
1433 4 2 1 1 293 265 48 32
1434 4 2 1 1 293 48 265 285
1435 4 2 1 1 131 132 293 273
1436 4 2 1 1 131 293 132 145
1437 4 2 1 1 265 293 132 273
1438 4 2 1 1 265 132 293 145
1439 4 2 1 1 59 300 118 112
1440 4 2 1 1 59 118 300 280
1441 4 2 1 1 113 118 300 112
1442 4 2 1 1 113 300 118 280
1443 4 2 1 1 116 109 270 290
1444 4 2 1 1 116 270 109 115
1445 4 2 1 1 278 109 270 115
1446 4 2 1 1 298 284 270 290
1447 4 2 1 1 298 109 270 278
1448 4 2 1 1 270 109 298 290
1449 4 2 1 1 270 298 264 284
1450 4 2 1 1 270 264 298 278
1451 4 2 1 1 102 264 298 284
1452 4 2 1 1 102 298 264 278
1453 4 2 2 2 450 574 575 568
1454 4 2 2 2 37 38 431 583
1455 4 2 2 2 541 91 576 429
1456 4 2 2 2 89 575 430 436
1457 4 2 2 2 546 446 549 550
1458 4 2 2 2 92 91 541 429
1459 4 2 2 2 36 428 557 600
1460 4 2 2 2 589 541 594 438
1461 4 2 2 2 434 565 585 571
1462 4 2 2 2 351 207 206 443
1463 4 2 2 2 574 430 575 436
1464 4 2 2 2 556 582 599 441
1465 4 2 2 2 594 429 438 541
1466 4 2 2 2 557 578 585 428
1467 4 2 2 2 549 447 555 569
1468 4 2 2 2 444 560 585 565
1469 4 2 2 2 598 443 547 205
1470 4 2 2 2 567 429 541 595
1471 4 2 2 2 4 543 580 439
1472 4 2 2 2 563 573 445 591
1473 4 2 2 2 443 602 544 22
1474 4 2 2 2 568 445 574 579
1475 4 2 2 2 569 556 586 447
1476 4 2 2 2 593 444 570 562
1477 4 2 2 2 574 591 445 573
1478 4 2 2 2 585 442 578 561
1479 4 2 2 2 431 570 571 583
1480 4 2 2 2 562 560 444 565
1481 4 2 2 2 16 172 11 609
1482 4 2 2 2 11 172 126 609
1483 4 2 2 2 445 591 574 579
1484 4 2 2 2 92 541 589 438
1485 4 2 2 2 574 575 553 436
1486 4 2 2 2 544 547 443 205
1487 4 2 2 2 315 16 275 609
1488 4 2 2 2 568 450 567 595
1489 4 2 2 2 275 16 11 609
1490 4 2 2 2 554 447 569 590
1491 4 2 2 2 543 590 433 588
1492 4 2 2 2 552 445 579 591
1493 4 2 2 2 567 594 446 550
1494 4 2 2 2 567 446 551 550
1495 4 2 2 2 38 151 99 608
1496 4 2 2 2 89 88 553 436
1497 4 2 2 2 447 586 569 590
1498 4 2 2 2 86 151 38 608
1499 4 2 2 2 438 433 596 589
1500 4 2 2 2 439 590 433 543
1501 4 2 2 2 80 79 566 449
1502 4 2 2 2 438 589 596 594
1503 4 2 2 2 131 321 79 281
1504 4 2 2 2 555 556 569 447
1505 4 2 2 2 595 448 429 576
1506 4 2 2 2 155 266 128 154
1507 4 2 2 2 132 133 265 159
1508 4 2 2 2 133 159 160 265
1509 4 2 2 2 36 37 85 607
1510 4 2 2 2 154 266 128 127
1511 4 2 2 2 124 169 34 170
1512 4 2 2 2 163 118 91 164
1513 4 2 2 2 99 151 150 608
1514 4 2 2 2 81 32 33 307
1515 4 2 2 2 44 308 45 92
1516 4 2 2 2 155 266 154 306
1517 4 2 2 2 160 159 305 265
1518 4 2 2 2 95 148 304 96
1519 4 2 2 2 150 98 99 608
1520 4 2 2 2 97 87 98 149
1521 4 2 2 2 305 32 80 307
1522 4 2 2 2 308 45 93 306
1523 4 2 2 2 431 451 570 540
1524 4 2 2 2 307 32 33 267
1525 4 2 2 2 308 44 45 268
1526 4 2 2 2 81 80 32 307
1527 4 2 2 2 45 93 92 308
1528 4 2 2 2 84 36 85 607
1529 4 2 2 2 87 97 98 39
1530 4 2 2 2 98 149 87 150
1531 4 2 2 2 171 307 126 172
1532 4 2 2 2 166 119 165 308
1533 4 2 2 2 598 206 443 205
1534 4 2 2 2 321 1 79 281
1535 4 2 2 2 1 282 322 94
1536 4 2 2 2 148 95 304 147
1537 4 2 2 2 263 100 153 101
1538 4 2 2 2 321 131 79 158
1539 4 2 2 2 281 79 131 31
1540 4 2 2 2 282 46 129 94
1541 4 2 2 2 88 41 89 304
1542 4 2 2 2 35 437 34 577
1543 4 2 2 2 82 432 81 542
1544 4 2 2 2 318 115 13 278
1545 4 2 2 2 118 163 91 117
1546 4 2 2 2 118 43 117 91
1547 4 2 2 2 82 34 169 170
1548 4 2 2 2 169 124 34 123
1549 4 2 2 2 82 33 81 432
1550 4 2 2 2 96 304 95 264
1551 4 2 2 2 35 84 309 36
1552 4 2 2 2 272 151 38 312
1553 4 2 2 2 311 97 87 271
1554 4 2 2 2 41 88 436 40
1555 4 2 2 2 432 542 581 81
1556 4 2 2 2 595 541 576 429
1557 4 2 2 2 16 160 275 133
1558 4 2 2 2 90 116 310 270
1559 4 2 2 2 168 269 35 309
1560 4 2 2 2 92 541 438 429
1561 4 2 2 2 117 90 162 163
1562 4 2 2 2 120 166 15 316
1563 4 2 2 2 115 318 13 161
1564 4 2 2 2 13 278 115 6
1565 4 2 2 2 121 14 317 167
1566 4 2 2 2 16 160 315 275
1567 4 2 2 2 168 269 122 35
1568 4 2 2 2 90 116 270 42
1569 4 2 2 2 116 90 310 162
1570 4 2 2 2 35 168 309 83
1571 4 2 2 2 38 37 85 583
1572 4 2 2 2 266 316 268 276
1573 4 2 2 2 151 272 38 99
1574 4 2 2 2 97 311 87 149
1575 4 2 2 2 92 45 589 93
1576 4 2 2 2 1 79 580 4
1577 4 2 2 2 129 94 314 156
1578 4 2 2 2 131 79 158 313
1579 4 2 2 2 88 41 436 89
1580 4 2 2 2 128 156 314 155
1581 4 2 2 2 268 316 120 276
1582 4 2 2 2 151 86 38 312
1583 4 2 2 2 271 87 39 97
1584 4 2 2 2 265 32 273 313
1585 4 2 2 2 45 274 314 266
1586 4 2 2 2 281 321 1 130
1587 4 2 2 2 282 130 1 322
1588 4 2 2 2 319 81 33 307
1589 4 2 2 2 426 573 451 540
1590 4 2 2 2 147 318 278 304
1591 4 2 2 2 130 131 281 321
1592 4 2 2 2 90 117 116 42
1593 4 2 2 2 117 90 116 162
1594 4 2 2 2 35 123 122 168
1595 4 2 2 2 570 431 540 583
1596 4 2 2 2 305 313 32 265
1597 4 2 2 2 306 45 314 266
1598 4 2 2 2 129 128 314 274
1599 4 2 2 2 583 85 38 86
1600 4 2 2 2 275 16 133 11
1601 4 2 2 2 4 1 94 439
1602 4 2 2 2 119 320 308 280
1603 4 2 2 2 1 321 79 4
1604 4 2 2 2 4 1 322 94
1605 4 2 2 2 36 35 269 309
1606 4 2 2 2 90 270 310 89
1607 4 2 2 2 280 44 308 268
1608 4 2 2 2 320 119 308 165
1609 4 2 2 2 13 278 147 318
1610 4 2 2 2 86 85 38 312
1611 4 2 2 2 1 79 31 580
1612 4 2 2 2 34 169 83 82
1613 4 2 2 2 90 117 91 163
1614 4 2 2 2 308 119 280 268
1615 4 2 2 2 126 307 315 172
1616 4 2 2 2 84 35 309 83
1617 4 2 2 2 304 148 311 96
1618 4 2 2 2 581 582 440 566
1619 4 2 2 2 82 33 432 34
1620 4 2 2 2 313 305 32 80
1621 4 2 2 2 45 314 93 306
1622 4 2 2 2 580 79 449 566
1623 4 2 2 2 277 153 101 263
1624 4 2 2 2 95 304 147 278
1625 4 2 2 2 432 581 582 440
1626 4 2 2 2 94 1 46 439
1627 4 2 2 2 79 281 1 31
1628 4 2 2 2 282 1 46 94
1629 4 2 2 2 437 34 577 432
1630 4 2 2 2 280 320 118 119
1631 4 2 2 2 13 278 6 147
1632 4 2 2 2 156 128 314 129
1633 4 2 2 2 131 313 158 159
1634 4 2 2 2 6 278 95 147
1635 4 2 2 2 277 153 7 101
1636 4 2 2 2 95 304 278 264
1637 4 2 2 2 542 432 577 82
1638 4 2 2 2 160 133 265 275
1639 4 2 2 2 164 119 320 165
1640 4 2 2 2 164 119 118 320
1641 4 2 2 2 124 170 279 125
1642 4 2 2 2 270 41 304 89
1643 4 2 2 2 264 41 304 270
1644 4 2 2 2 4 157 130 321
1645 4 2 2 2 4 157 322 130
1646 4 2 2 2 130 131 321 157
1647 4 2 2 2 157 156 322 130
1648 4 2 2 2 314 128 155 266
1649 4 2 2 2 318 278 304 270
1650 4 2 2 2 275 265 160 315
1651 4 2 2 2 600 84 36 85
1652 4 2 2 2 581 542 432 582
1653 4 2 2 2 430 450 575 448
1654 4 2 2 2 154 266 316 306
1655 4 2 2 2 265 305 160 315
1656 4 2 2 2 314 128 266 274
1657 4 2 2 2 429 44 438 92
1658 4 2 2 2 1 4 580 439
1659 4 2 2 2 436 553 40 88
1660 4 2 2 2 266 155 314 306
1661 4 2 2 2 159 265 313 305
1662 4 2 2 2 4 1 321 130
1663 4 2 2 2 4 1 130 322
1664 4 2 2 2 279 170 34 319
1665 4 2 2 2 587 432 542 582
1666 4 2 2 2 164 118 91 320
1667 4 2 2 2 170 279 34 124
1668 4 2 2 2 572 40 553 88
1669 4 2 2 2 82 33 319 81
1670 4 2 2 2 35 84 36 557
1671 4 2 2 2 97 96 271 311
1672 4 2 2 2 151 272 152 312
1673 4 2 2 2 318 270 115 278
1674 4 2 2 2 311 148 97 96
1675 4 2 2 2 100 99 272 152
1676 4 2 2 2 317 121 269 277
1677 4 2 2 2 33 34 319 279
1678 4 2 2 2 264 304 278 270
1679 4 2 2 2 430 41 89 436
1680 4 2 2 2 310 270 304 89
1681 4 2 2 2 131 321 157 158
1682 4 2 2 2 148 311 97 149
1683 4 2 2 2 151 272 99 152
1684 4 2 2 2 93 45 589 588
1685 4 2 2 2 115 310 318 161
1686 4 2 2 2 115 162 310 161
1687 4 2 2 2 79 31 580 449
1688 4 2 2 2 432 34 577 82
1689 4 2 2 2 170 82 34 319
1690 4 2 2 2 270 304 318 310
1691 4 2 2 2 35 84 557 83
1692 4 2 2 2 33 82 319 34
1693 4 2 2 2 600 36 84 557
1694 4 2 2 2 440 32 80 449
1695 4 2 2 2 270 310 115 116
1696 4 2 2 2 270 318 115 310
1697 4 2 2 2 162 115 310 116
1698 4 2 2 2 269 121 168 122
1699 4 2 2 2 205 22 351 443
1700 4 2 2 2 83 35 577 557
1701 4 2 2 2 34 83 577 82
1702 4 2 2 2 596 589 433 588
1703 4 2 2 2 556 548 564 441
1704 4 2 2 2 315 275 126 609
1705 4 2 2 2 83 34 577 35
1706 4 2 2 2 315 126 172 609
1707 4 2 2 2 564 441 587 582
1708 4 2 2 2 42 90 448 430
1709 4 2 2 2 594 446 550 554
1710 4 2 2 2 446 551 550 546
1711 4 2 2 2 570 562 444 565
1712 4 2 2 2 22 351 443 210
1713 4 2 2 2 444 560 562 559
1714 4 2 2 2 206 205 351 443
1715 4 2 2 2 22 205 544 443
1716 4 2 2 2 549 446 554 550
1717 4 2 2 2 435 451 540 426
1718 4 2 2 2 573 540 593 451
1719 4 2 2 2 434 565 444 585
1720 4 2 2 2 571 444 565 570
1721 4 2 2 2 434 565 571 444
1722 4 2 2 2 547 442 443 584
1723 4 2 2 2 443 549 545 446
1724 4 2 2 2 429 594 446 567
1725 4 2 2 2 561 578 584 442
1726 4 2 2 2 90 89 575 430
1727 4 2 2 2 556 564 582 441
1728 4 2 2 2 433 439 447 590
1729 4 2 2 2 594 429 541 567
1730 4 2 2 2 443 592 552 445
1731 4 2 2 2 603 563 445 591
1732 4 2 2 2 451 563 444 593
1733 4 2 2 2 209 443 546 592
1734 4 2 2 2 558 444 559 560
1735 4 2 2 2 450 579 446 445
1736 4 2 2 2 574 430 436 445
1737 4 2 2 2 89 553 575 436
1738 4 2 2 2 426 445 451 573
1739 4 2 2 2 39 40 426 572
1740 4 2 2 2 443 592 446 546
1741 4 2 2 2 571 85 600 434
1742 4 2 2 2 87 86 540 435
1743 4 2 2 2 428 35 36 557
1744 4 2 2 2 450 579 445 568
1745 4 2 2 2 443 209 546 210
1746 4 2 2 2 593 444 451 570
1747 4 2 2 2 553 572 573 426
1748 4 2 2 2 561 444 558 560
1749 4 2 2 2 594 429 446 438
1750 4 2 2 2 451 563 445 444
1751 4 2 2 2 38 99 98 608
1752 4 2 2 2 428 36 434 600
1753 4 2 2 2 444 428 434 585
1754 4 2 2 2 597 443 445 444
1755 4 2 2 2 450 551 567 446
1756 4 2 2 2 444 563 597 559
1757 4 2 2 2 592 443 446 445
1758 4 2 2 2 563 445 597 603
1759 4 2 2 2 563 444 597 445
1760 4 2 2 2 447 548 443 555
1761 4 2 2 2 445 552 603 591
1762 4 2 2 2 597 443 207 208
1763 4 2 2 2 552 443 208 209
1764 4 2 2 2 444 585 561 442
1765 4 2 2 2 443 601 558 206
1766 4 2 2 2 585 444 561 560
1767 4 2 2 2 596 446 438 594
1768 4 2 2 2 434 431 444 571
1769 4 2 2 2 444 431 451 570
1770 4 2 2 2 444 563 559 562
1771 4 2 2 2 431 444 571 570
1772 4 2 2 2 431 435 451 540
1773 4 2 2 2 574 430 450 575
1774 4 2 2 2 11 126 275 609
1775 4 2 2 2 567 429 450 446
1776 4 2 2 2 575 568 595 450
1777 4 2 2 2 573 572 540 426
1778 4 2 2 2 45 46 433 588
1779 4 2 2 2 547 442 584 564
1780 4 2 2 2 447 548 556 441
1781 4 2 2 2 561 444 442 558
1782 4 2 2 2 549 447 554 446
1783 4 2 2 2 447 427 556 586
1784 4 2 2 2 554 433 447 590
1785 4 2 2 2 548 443 555 544
1786 4 2 2 2 548 447 556 555
1787 4 2 2 2 580 586 599 427
1788 4 2 2 2 592 445 579 552
1789 4 2 2 2 441 427 449 599
1790 4 2 2 2 443 601 206 598
1791 4 2 2 2 441 442 564 587
1792 4 2 2 2 446 596 438 433
1793 4 2 2 2 584 578 587 442
1794 4 2 2 2 584 443 601 442
1795 4 2 2 2 601 442 561 584
1796 4 2 2 2 437 428 442 578
1797 4 2 2 2 443 584 601 598
1798 4 2 2 2 443 598 547 584
1799 4 2 2 2 556 427 441 599
1800 4 2 2 2 427 1 31 580
1801 4 2 2 2 556 427 599 586
1802 4 2 2 2 564 442 584 587
1803 4 2 2 2 433 554 596 590
1804 4 2 2 2 440 432 441 582
1805 4 2 2 2 441 432 587 582
1806 4 2 2 2 549 443 545 602
1807 4 2 2 2 446 546 549 545
1808 4 2 2 2 586 439 590 447
1809 4 2 2 2 4 94 543 439
1810 4 2 2 2 427 1 580 439
1811 4 2 2 2 439 586 590 543
1812 4 2 2 2 590 588 596 433
1813 4 2 2 2 448 429 450 595
1814 4 2 2 2 427 441 447 556
1815 4 2 2 2 551 450 568 579
1816 4 2 2 2 429 567 450 595
1817 4 2 2 2 447 549 554 569
1818 4 2 2 2 579 446 592 551
1819 4 2 2 2 551 450 579 446
1820 4 2 2 2 596 446 594 554
1821 4 2 2 2 450 574 568 445
1822 4 2 2 2 592 446 546 551
1823 4 2 2 2 446 433 447 554
1824 4 2 2 2 443 549 447 602
1825 4 2 2 2 586 439 447 427
1826 4 2 2 2 545 443 210 22
1827 4 2 2 2 545 446 546 443
1828 4 2 2 2 209 443 208 351
1829 4 2 2 2 592 443 552 209
1830 4 2 2 2 86 150 151 608
1831 4 2 2 2 84 85 303 607
1832 4 2 2 2 172 16 315 609
1833 4 2 2 2 545 602 443 22
1834 4 2 2 2 546 443 210 545
1835 4 2 2 2 592 445 446 579
1836 4 2 2 2 442 443 441 564
1837 4 2 2 2 441 432 442 587
1838 4 2 2 2 555 443 602 544
1839 4 2 2 2 558 601 442 561
1840 4 2 2 2 601 558 442 443
1841 4 2 2 2 547 442 564 443
1842 4 2 2 2 563 444 593 562
1843 4 2 2 2 563 451 573 593
1844 4 2 2 2 207 443 558 206
1845 4 2 2 2 443 548 547 544
1846 4 2 2 2 31 427 580 449
1847 4 2 2 2 443 209 210 351
1848 4 2 2 2 207 208 443 351
1849 4 2 2 2 451 563 573 445
1850 4 2 2 2 447 548 441 443
1851 4 2 2 2 442 428 585 578
1852 4 2 2 2 444 442 558 443
1853 4 2 2 2 430 574 450 445
1854 4 2 2 2 433 554 446 596
1855 4 2 2 2 551 450 567 568
1856 4 2 2 2 593 540 570 451
1857 4 2 2 2 442 428 444 585
1858 4 2 2 2 443 549 446 447
1859 4 2 2 2 447 549 555 602
1860 4 2 2 2 555 443 447 602
1861 4 2 2 2 37 36 263 607
1862 4 2 2 2 433 589 45 588
1863 4 2 2 2 433 45 589 438
1864 4 2 2 2 426 553 40 436
1865 4 2 2 2 426 40 553 572
1866 4 2 2 2 431 38 540 583
1867 4 2 2 2 431 540 38 435
1868 4 2 2 2 86 540 38 583
1869 4 2 2 2 86 38 540 435
1870 4 2 2 2 438 45 92 44
1871 4 2 2 2 438 92 45 589
1872 4 2 2 2 574 553 445 436
1873 4 2 2 2 574 445 553 573
1874 4 2 2 2 426 445 553 436
1875 4 2 2 2 426 553 445 573
1876 4 2 2 2 586 580 439 427
1877 4 2 2 2 586 439 580 543
1878 4 2 2 2 85 571 37 434
1879 4 2 2 2 85 37 571 583
1880 4 2 2 2 431 37 571 434
1881 4 2 2 2 431 571 37 583
1882 4 2 2 2 35 428 577 557
1883 4 2 2 2 35 577 428 437
1884 4 2 2 2 578 577 428 557
1885 4 2 2 2 578 428 577 437
1886 4 2 2 2 94 543 46 588
1887 4 2 2 2 94 46 543 439
1888 4 2 2 2 433 46 543 588
1889 4 2 2 2 433 543 46 439
1890 4 2 2 2 36 607 303 263
1891 4 2 2 2 303 607 36 84
1892 4 2 2 2 36 309 303 84
1893 4 2 2 2 595 575 448 576
1894 4 2 2 2 595 448 575 450
1895 4 2 2 2 599 441 566 449
1896 4 2 2 2 599 566 441 582
1897 4 2 2 2 440 566 441 449
1898 4 2 2 2 440 441 566 582
1899 4 2 2 2 557 600 434 571
1900 4 2 2 2 434 600 557 428
1901 4 2 2 2 434 585 557 571
1902 4 2 2 2 557 585 434 428
1903 4 2 2 2 448 90 575 430
1904 4 2 2 2 448 575 90 576
1905 4 2 2 2 130 322 129 156
1906 4 2 2 2 130 129 322 282
1907 4 2 2 2 94 129 322 156
1908 4 2 2 2 94 322 129 282
1909 4 2 2 2 32 265 307 305
1910 4 2 2 2 32 307 265 267
1911 4 2 2 2 315 307 265 305
1912 4 2 2 2 316 266 308 306
1913 4 2 2 2 316 308 266 268
1914 4 2 2 2 45 308 266 306
1915 4 2 2 2 45 266 308 268
1916 4 2 2 2 87 435 38 86
1917 4 2 2 2 38 435 87 39
1918 4 2 2 2 87 98 38 39
1919 4 2 2 2 272 152 263 100
1920 4 2 2 2 153 263 152 100
1921 4 2 2 2 153 152 263 303
1922 4 2 2 2 126 267 171 125
1923 4 2 2 2 126 171 267 307
1924 4 2 2 2 316 166 268 120
1925 4 2 2 2 316 268 166 308
1926 4 2 2 2 119 268 166 120
1927 4 2 2 2 119 166 268 308
1928 4 2 2 2 32 440 81 33
1929 4 2 2 2 432 81 440 33
1930 4 2 2 2 432 440 81 581
1931 4 2 2 2 566 80 440 581
1932 4 2 2 2 566 440 80 449
1933 4 2 2 2 127 15 276 10
1934 4 2 2 2 120 15 276 316
1935 4 2 2 2 120 276 15 10
1936 4 2 2 2 153 277 14 317
1937 4 2 2 2 153 14 277 7
1938 4 2 2 2 121 14 277 317
1939 4 2 2 2 121 277 14 7
1940 4 2 2 2 430 41 90 89
1941 4 2 2 2 430 90 41 42
1942 4 2 2 2 270 90 41 89
1943 4 2 2 2 270 41 90 42
1944 4 2 2 2 15 154 276 316
1945 4 2 2 2 15 276 154 127
1946 4 2 2 2 266 276 154 316
1947 4 2 2 2 266 154 276 127
1948 4 2 2 2 34 169 35 83
1949 4 2 2 2 34 35 169 123
1950 4 2 2 2 168 35 169 83
1951 4 2 2 2 168 169 35 123
1952 4 2 2 2 38 272 85 37
1953 4 2 2 2 38 85 272 312
1954 4 2 2 2 265 275 307 315
1955 4 2 2 2 265 307 275 267
1956 4 2 2 2 126 307 275 315
1957 4 2 2 2 126 275 307 267
1958 4 2 2 2 40 271 87 39
1959 4 2 2 2 87 572 40 39
1960 4 2 2 2 40 572 87 88
1961 4 2 2 2 265 132 313 273
1962 4 2 2 2 265 313 132 159
1963 4 2 2 2 131 313 132 273
1964 4 2 2 2 131 132 313 159
1965 4 2 2 2 80 81 440 581
1966 4 2 2 2 440 81 80 32
1967 4 2 2 2 33 319 267 279
1968 4 2 2 2 33 267 319 307
1969 4 2 2 2 171 319 267 307
1970 4 2 2 2 90 91 448 576
1971 4 2 2 2 429 91 448 43
1972 4 2 2 2 429 448 91 576
1973 4 2 2 2 429 43 92 91
1974 4 2 2 2 429 92 43 44
1975 4 2 2 2 91 448 42 90
1976 4 2 2 2 42 448 91 43
1977 4 2 2 2 42 117 91 90
1978 4 2 2 2 91 117 42 43
1979 4 2 2 2 96 304 271 311
1980 4 2 2 2 96 271 304 264
1981 4 2 2 2 45 588 94 46
1982 4 2 2 2 94 588 45 93
1983 4 2 2 2 45 314 94 93
1984 4 2 2 2 449 32 79 31
1985 4 2 2 2 449 79 32 80
1986 4 2 2 2 313 32 79 80
1987 4 2 2 2 36 85 434 600
1988 4 2 2 2 434 85 36 37
1989 4 2 2 2 267 319 125 279
1990 4 2 2 2 267 125 319 171
1991 4 2 2 2 170 125 319 279
1992 4 2 2 2 170 319 125 171
1993 4 2 2 2 599 449 580 427
1994 4 2 2 2 580 449 599 566
1995 4 2 2 2 271 40 304 264
1996 4 2 2 2 41 304 40 264
1997 4 2 2 2 41 40 304 88
1998 4 2 2 2 280 308 92 320
1999 4 2 2 2 92 308 280 44
2000 4 2 2 2 280 43 92 44
2001 4 2 2 2 303 36 269 309
2002 4 2 2 2 269 36 303 263
2003 4 2 2 2 269 317 303 309
2004 4 2 2 2 426 39 540 435
2005 4 2 2 2 426 540 39 572
2006 4 2 2 2 87 540 39 435
2007 4 2 2 2 87 39 540 572
2008 4 2 2 2 317 121 309 269
2009 4 2 2 2 317 309 121 167
2010 4 2 2 2 168 309 121 269
2011 4 2 2 2 168 121 309 167
2012 4 2 2 2 85 272 263 37
2013 4 2 2 2 85 607 263 303
2014 4 2 2 2 263 607 85 37
2015 4 2 2 2 118 91 280 43
2016 4 2 2 2 118 280 91 320
2017 4 2 2 2 92 280 91 43
2018 4 2 2 2 92 91 280 320
2019 4 2 2 2 542 587 442 432
2020 4 2 2 2 542 442 587 578
2021 4 2 2 2 437 542 442 432
2022 4 2 2 2 437 442 542 578
2023 4 2 2 2 577 542 437 432
2024 4 2 2 2 577 437 542 578
2025 4 2 2 2 552 603 443 445
2026 4 2 2 2 552 443 603 208
2027 4 2 2 2 597 443 603 445
2028 4 2 2 2 597 603 443 208
2029 4 2 2 2 564 548 443 441
2030 4 2 2 2 564 443 548 547
2031 4 2 2 2 558 559 443 207
2032 4 2 2 2 558 443 559 444
2033 4 2 2 2 597 443 559 207
2034 4 2 2 2 597 559 443 444
2035 4 2 2 2 608 38 150 98
2036 4 2 2 2 608 150 38 86
2037 4 2 2 2 87 150 38 98
2038 4 2 2 2 87 38 150 86
2039 4 2 2 2 45 274 94 314
2040 4 2 2 2 45 94 274 46
2041 4 2 2 2 129 94 274 314
2042 4 2 2 2 129 274 94 46
2043 4 2 2 2 32 273 79 31
2044 4 2 2 2 32 79 273 313
2045 4 2 2 2 131 79 273 31
2046 4 2 2 2 131 273 79 313
2047 4 2 2 2 311 304 40 88
2048 4 2 2 2 40 304 311 271
2049 4 2 2 2 40 87 311 88
2050 4 2 2 2 311 87 40 271
2051 4 2 2 2 269 277 303 317
2052 4 2 2 2 269 303 277 263
2053 4 2 2 2 153 303 277 317
2054 4 2 2 2 153 277 303 263
2055 4 2 2 2 85 312 263 272
2056 4 2 2 2 85 263 312 303
2057 4 2 2 2 152 263 312 272
2058 4 2 2 2 152 312 263 303
2059 4 2 3 3 4 63 3 611
2060 4 2 3 3 63 4 79 611
2061 4 2 3 3 186 167 168 610
2062 4 2 3 3 194 322 94 342
2063 4 2 3 3 79 321 341 611
2064 4 2 3 3 160 197 198 325
2065 4 2 3 3 159 160 325 197
2066 4 2 3 3 164 75 182 183
2067 4 2 3 3 189 66 188 170
2068 4 2 3 3 308 326 306 77
2069 4 2 3 3 70 87 176 86
2070 4 2 3 3 87 70 176 71
2071 4 2 3 3 87 86 150 176
2072 4 2 3 3 92 77 76 308
2073 4 2 3 3 187 186 168 610
2074 4 2 3 3 81 64 307 65
2075 4 2 3 3 159 160 305 325
2076 4 2 3 3 148 324 174 147
2077 4 2 3 3 179 178 152 323
2078 4 2 3 3 175 150 87 149
2079 4 2 3 3 151 176 86 177
2080 4 2 3 3 80 64 305 307
2081 4 2 3 3 308 93 77 306
2082 4 2 3 3 308 326 77 328
2083 4 2 3 3 77 76 308 328
2084 4 2 3 3 64 65 327 307
2085 4 2 3 3 64 81 307 80
2086 4 2 3 3 92 93 77 308
2087 4 2 3 3 177 176 86 70
2088 4 2 3 3 150 175 87 176
2089 4 2 3 3 87 176 175 71
2090 4 2 3 3 86 150 176 151
2091 4 2 3 3 171 190 327 191
2092 4 2 3 3 165 185 166 308
2093 4 2 3 3 327 172 171 191
2094 4 2 3 3 172 327 171 307
2095 4 2 3 3 322 3 94 342
2096 4 2 3 3 174 147 324 173
2097 4 2 3 3 153 152 323 179
2098 4 2 3 3 196 341 63 79
2099 4 2 3 3 322 194 94 156
2100 4 2 3 3 342 194 78 94
2101 4 2 3 3 78 314 194 334
2102 4 2 3 3 333 158 79 313
2103 4 2 3 3 166 336 19 316
2104 4 2 3 3 148 324 147 304
2105 4 2 3 3 303 153 152 323
2106 4 2 3 3 68 309 83 84
2107 4 2 3 3 341 63 79 611
2108 4 2 3 3 19 154 316 192
2109 4 2 3 3 186 14 337 18
2110 4 2 3 3 166 19 15 316
2111 4 2 3 3 90 182 162 163
2112 4 2 3 3 168 188 83 169
2113 4 2 3 3 161 17 318 13
2114 4 2 3 3 336 166 19 185
2115 4 2 3 3 335 191 20 172
2116 4 2 3 3 192 19 336 316
2117 4 2 3 3 83 168 309 67
2118 4 2 3 3 316 326 308 336
2119 4 2 3 3 327 335 325 315
2120 4 2 3 3 175 87 311 149
2121 4 2 3 3 314 78 194 94
2122 4 2 3 3 314 94 194 156
2123 4 2 3 3 333 158 196 79
2124 4 2 3 3 79 196 333 63
2125 4 2 3 3 193 314 156 155
2126 4 2 3 3 197 158 333 159
2127 4 2 3 3 336 166 308 316
2128 4 2 3 3 172 335 327 315
2129 4 2 3 3 326 316 308 306
2130 4 2 3 3 86 332 177 70
2131 4 2 3 3 333 313 80 305
2132 4 2 3 3 314 334 77 326
2133 4 2 3 3 92 76 340 308
2134 4 2 3 3 65 81 319 307
2135 4 2 3 3 317 153 323 337
2136 4 2 3 3 318 173 338 324
2137 4 2 3 3 333 79 80 313
2138 4 2 3 3 77 314 78 334
2139 4 2 3 3 188 168 67 187
2140 4 2 3 3 188 168 83 67
2141 4 2 3 3 325 333 64 305
2142 4 2 3 3 77 306 314 326
2143 4 2 3 3 159 158 333 313
2144 4 2 3 3 194 314 193 334
2145 4 2 3 3 339 65 319 327
2146 4 2 3 3 320 92 340 308
2147 4 2 3 3 154 19 316 15
2148 4 2 3 3 3 322 94 4
2149 4 2 3 3 339 171 327 319
2150 4 2 3 3 165 320 340 308
2151 4 2 3 3 68 67 309 329
2152 4 2 3 3 308 76 340 328
2153 4 2 3 3 171 339 327 190
2154 4 2 3 3 327 65 319 307
2155 4 2 3 3 336 326 308 328
2156 4 2 3 3 337 153 14 317
2157 4 2 3 3 17 318 173 338
2158 4 2 3 3 69 86 70 332
2159 4 2 3 3 327 319 171 307
2160 4 2 3 3 166 308 185 336
2161 4 2 3 3 335 172 327 191
2162 4 2 3 3 324 311 174 331
2163 4 2 3 3 148 324 311 174
2164 4 2 3 3 152 323 178 332
2165 4 2 3 3 330 73 74 90
2166 4 2 3 3 67 68 309 83
2167 4 2 3 3 80 64 333 305
2168 4 2 3 3 306 77 314 93
2169 4 2 3 3 328 185 308 336
2170 4 2 3 3 172 315 327 307
2171 4 2 3 3 179 323 153 337
2172 4 2 3 3 318 173 324 147
2173 4 2 3 3 63 64 333 80
2174 4 2 3 3 314 77 78 93
2175 4 2 3 3 3 94 342 78
2176 4 2 3 3 333 79 63 80
2177 4 2 3 3 93 78 314 94
2178 4 2 3 3 182 74 75 90
2179 4 2 3 3 188 66 67 83
2180 4 2 3 3 340 164 320 165
2181 4 2 3 3 170 319 171 339
2182 4 2 3 3 14 179 337 18
2183 4 2 3 3 318 17 173 13
2184 4 2 3 3 13 173 318 147
2185 4 2 3 3 194 314 156 193
2186 4 2 3 3 158 197 333 196
2187 4 2 3 3 179 14 337 153
2188 4 2 3 3 318 147 324 304
2189 4 2 3 3 317 153 303 323
2190 4 2 3 3 183 340 184 165
2191 4 2 3 3 190 189 171 339
2192 4 2 3 3 340 164 165 183
2193 4 2 3 3 171 189 170 339
2194 4 2 3 3 326 192 336 316
2195 4 2 3 3 338 318 324 310
2196 4 2 3 3 337 309 323 317
2197 4 2 3 3 325 333 159 197
2198 4 2 3 3 324 148 311 304
2199 4 2 3 3 160 305 325 315
2200 4 2 3 3 333 305 159 313
2201 4 2 3 3 193 334 314 326
2202 4 2 3 3 305 333 159 325
2203 4 2 3 3 4 157 321 3
2204 4 2 3 3 157 4 322 3
2205 4 2 3 3 319 170 66 339
2206 4 2 3 3 75 164 340 183
2207 4 2 3 3 170 189 66 339
2208 4 2 3 3 92 75 340 76
2209 4 2 3 3 65 82 319 81
2210 4 2 3 3 175 311 331 174
2211 4 2 3 3 311 174 149 148
2212 4 2 3 3 152 177 332 178
2213 4 2 3 3 319 66 65 339
2214 4 2 3 3 304 324 318 310
2215 4 2 3 3 309 317 303 323
2216 4 2 3 3 157 194 322 156
2217 4 2 3 3 68 309 323 329
2218 4 2 3 3 175 311 174 149
2219 4 2 3 3 180 162 161 310
2220 4 2 3 3 66 82 170 319
2221 4 2 3 3 324 330 338 310
2222 4 2 3 3 309 337 323 329
2223 4 2 3 3 82 65 319 66
2224 4 2 3 3 330 180 338 310
2225 4 2 3 3 3 341 321 611
2226 4 2 3 3 321 4 3 611
2227 4 2 3 3 168 167 309 610
2228 4 2 3 3 329 186 187 610
2229 4 2 3 3 3 63 341 611
2230 4 2 3 3 321 79 4 611
2231 4 2 3 3 186 610 309 167
2232 4 2 3 3 309 610 186 329
2233 4 2 3 3 186 337 309 329
2234 4 2 3 3 193 314 306 326
2235 4 2 3 3 306 314 193 155
2236 4 2 3 3 193 154 306 155
2237 4 2 3 3 316 192 306 326
2238 4 2 3 3 316 306 192 154
2239 4 2 3 3 193 306 192 326
2240 4 2 3 3 193 192 306 154
2241 4 2 3 3 64 325 307 327
2242 4 2 3 3 64 307 325 305
2243 4 2 3 3 315 307 325 327
2244 4 2 3 3 315 325 307 305
2245 4 2 3 3 185 165 328 308
2246 4 2 3 3 185 328 165 184
2247 4 2 3 3 340 328 165 308
2248 4 2 3 3 340 165 328 184
2249 4 2 3 3 85 303 68 84
2250 4 2 3 3 309 303 68 323
2251 4 2 3 3 309 68 303 84
2252 4 2 3 3 72 324 89 73
2253 4 2 3 3 310 324 89 304
2254 4 2 3 3 317 14 186 167
2255 4 2 3 3 186 14 317 337
2256 4 2 3 3 186 309 317 167
2257 4 2 3 3 317 309 186 337
2258 4 2 3 3 160 315 20 16
2259 4 2 3 3 172 20 315 16
2260 4 2 3 3 172 315 20 335
2261 4 2 3 3 90 91 182 163
2262 4 2 3 3 90 182 91 75
2263 4 2 3 3 164 182 91 163
2264 4 2 3 3 164 91 182 75
2265 4 2 3 3 170 188 82 66
2266 4 2 3 3 170 82 188 169
2267 4 2 3 3 83 82 188 66
2268 4 2 3 3 83 188 82 169
2269 4 2 3 3 17 338 161 318
2270 4 2 3 3 17 161 338 180
2271 4 2 3 3 310 161 338 318
2272 4 2 3 3 310 338 161 180
2273 4 2 3 3 324 89 330 310
2274 4 2 3 3 324 330 89 73
2275 4 2 3 3 90 330 89 310
2276 4 2 3 3 90 89 330 73
2277 4 2 3 3 152 312 177 151
2278 4 2 3 3 152 177 312 332
2279 4 2 3 3 86 177 312 151
2280 4 2 3 3 86 312 177 332
2281 4 2 3 3 325 198 315 335
2282 4 2 3 3 325 315 198 160
2283 4 2 3 3 20 315 198 335
2284 4 2 3 3 20 198 315 160
2285 4 2 3 3 610 329 168 187
2286 4 2 3 3 610 168 329 309
2287 4 2 3 3 67 168 329 187
2288 4 2 3 3 67 329 168 309
2289 4 2 3 3 182 181 90 162
2290 4 2 3 3 182 90 181 74
2291 4 2 3 3 330 181 90 74
2292 4 2 3 3 158 195 321 157
2293 4 2 3 3 3 195 321 341
2294 4 2 3 3 3 321 195 157
2295 4 2 3 3 194 342 157 322
2296 4 2 3 3 194 157 342 195
2297 4 2 3 3 3 157 342 322
2298 4 2 3 3 3 342 157 195
2299 4 2 3 3 152 323 312 303
2300 4 2 3 3 152 312 323 332
2301 4 2 3 3 92 320 75 91
2302 4 2 3 3 92 75 320 340
2303 4 2 3 3 164 75 320 91
2304 4 2 3 3 164 320 75 340
2305 4 2 3 3 88 89 324 304
2306 4 2 3 3 324 89 88 72
2307 4 2 3 3 324 311 88 304
2308 4 2 3 3 323 312 69 332
2309 4 2 3 3 86 312 69 85
2310 4 2 3 3 86 69 312 332
2311 4 2 3 3 79 196 321 158
2312 4 2 3 3 79 321 196 341
2313 4 2 3 3 195 321 196 158
2314 4 2 3 3 195 196 321 341
2315 4 2 3 3 90 310 181 330
2316 4 2 3 3 90 181 310 162
2317 4 2 3 3 180 181 310 330
2318 4 2 3 3 180 310 181 162
2319 4 2 3 3 69 312 303 85
2320 4 2 3 3 303 312 69 323
2321 4 2 3 3 303 68 69 85
2322 4 2 3 3 69 68 303 323
2323 4 2 3 3 71 331 88 72
2324 4 2 3 3 324 88 331 72
2325 4 2 3 3 324 331 88 311
2326 4 2 3 3 88 87 331 71
2327 4 2 3 3 88 331 87 311
2328 4 2 3 3 175 331 87 71
2329 4 2 3 3 175 87 331 311
2330 4 2 4 4 347 350 202 351
2331 4 2 4 4 202 350 344 351
2332 4 2 4 4 349 351 350 210
2333 4 2 4 4 351 200 350 346
2334 4 2 4 4 204 349 350 210
2335 4 2 4 4 200 351 206 346
2336 4 2 4 4 351 199 346 350
2337 4 2 4 4 201 350 347 351
2338 4 2 4 4 348 200 350 351
2339 4 2 4 4 351 348 200 206
2340 4 2 4 4 350 201 348 351
2341 4 2 4 4 345 350 351 210
2342 4 2 4 4 343 351 350 199
2343 4 2 4 4 350 345 204 210
2344 4 2 4 4 343 351 21 350
2345 4 2 4 4 351 22 21 345
2346 4 2 4 4 351 21 350 345
2347 4 2 4 4 351 343 21 22
2348 4 2 4 4 351 347 201 207
2349 4 2 4 4 201 348 351 207
2350 4 2 4 4 351 199 205 346
2351 4 2 4 4 343 351 199 205
2352 4 2 4 4 347 202 208 351
2353 4 2 4 4 344 208 202 351
2354 4 2 4 4 350 21 343 199
2355 4 2 4 4 345 351 22 210
2356 4 2 4 4 349 350 203 204
2357 4 2 4 4 350 201 200 348
2358 4 2 4 4 201 350 202 347
2359 4 2 4 4 346 200 350 199
2360 4 2 4 4 203 202 350 344
2361 4 2 4 4 345 21 350 204
2362 4 2 4 4 348 351 207 206
2363 4 2 4 4 350 209 203 344
2364 4 2 4 4 350 203 209 349
2365 4 2 4 4 351 350 209 349
2366 4 2 4 4 344 350 209 351
2367 4 2 4 4 205 206 351 346
2368 4 2 4 4 343 351 205 22
2369 4 2 4 4 351 208 347 207
2370 4 2 4 4 209 351 349 210
2371 4 2 4 4 209 208 344 351
2372 4 2 5 5 365 231 232 421
2373 4 2 5 5 364 212 358 213
2374 4 2 5 5 214 361 215 355
2375 4 2 5 5 231 423 399 230
2376 4 2 5 5 141 140 286 423
2377 4 2 5 5 146 145 285 425
2378 4 2 5 5 401 217 216 359
2379 4 2 5 5 400 211 356 212
2380 4 2 5 5 357 396 213 214
2381 4 2 5 5 395 232 233 424
2382 4 2 5 5 215 397 216 353
2383 4 2 5 5 234 420 362 233
2384 4 2 5 5 104 105 55 357
2385 4 2 5 5 106 54 105 355
2386 4 2 5 5 102 103 284 356
2387 4 2 5 5 107 108 283 359
2388 4 2 5 5 217 414 24 352
2389 4 2 5 5 12 146 296 418
2390 4 2 5 5 25 422 230 412
2391 4 2 5 5 23 413 211 354
2392 4 2 5 5 236 418 26 405
2393 4 2 5 5 143 142 302 424
2394 4 2 5 5 144 143 301 420
2395 4 2 5 5 142 141 294 421
2396 4 2 5 5 145 144 293 419
2397 4 2 5 5 140 9 295 422
2398 4 2 5 5 419 403 235 234
2399 4 2 5 5 5 102 298 354
2400 4 2 5 5 108 8 297 352
2401 4 2 5 5 103 104 291 358
2402 4 2 5 5 106 107 292 353
2403 4 2 5 5 405 236 425 235
2404 4 2 5 5 420 362 301 234
2405 4 2 5 5 135 136 51 410
2406 4 2 5 5 414 8 352 297
2407 4 2 5 5 383 406 52 367
2408 4 2 5 5 354 5 413 298
2409 4 2 5 5 9 295 422 412
2410 4 2 5 5 51 135 410 289
2411 4 2 5 5 414 8 24 352
2412 4 2 5 5 448 360 371 372
2413 4 2 5 5 301 362 420 233
2414 4 2 5 5 413 23 5 354
2415 4 2 5 5 399 423 140 230
2416 4 2 5 5 422 25 9 412
2417 4 2 5 5 382 406 52 383
2418 4 2 5 5 56 57 284 409
2419 4 2 5 5 355 361 54 105
2420 4 2 5 5 58 110 290 370
2421 4 2 5 5 361 215 355 106
2422 4 2 5 5 446 376 375 373
2423 4 2 5 5 232 395 365 302
2424 4 2 5 5 140 286 423 399
2425 4 2 5 5 405 425 285 235
2426 4 2 5 5 141 231 423 399
2427 4 2 5 5 355 54 361 106
2428 4 2 5 5 359 216 401 107
2429 4 2 5 5 443 444 376 445
2430 4 2 5 5 361 396 55 105
2431 4 2 5 5 142 365 421 294
2432 4 2 5 5 396 357 55 105
2433 4 2 5 5 424 233 395 302
2434 4 2 5 5 232 365 421 142
2435 4 2 5 5 423 286 141 399
2436 4 2 5 5 112 220 360 221
2437 4 2 5 5 436 391 385 398
2438 4 2 5 5 450 372 448 371
2439 4 2 5 5 384 60 392 368
2440 4 2 5 5 55 54 361 105
2441 4 2 5 5 365 232 302 142
2442 4 2 5 5 450 372 371 373
2443 4 2 5 5 222 392 221 300
2444 4 2 5 5 373 374 429 372
2445 4 2 5 5 102 400 356 284
2446 4 2 5 5 445 446 373 376
2447 4 2 5 5 371 373 391 450
2448 4 2 5 5 26 12 296 418
2449 4 2 5 5 357 55 104 396
2450 4 2 5 5 214 361 355 105
2451 4 2 5 5 376 443 446 375
2452 4 2 5 5 359 401 217 108
2453 4 2 5 5 361 214 396 105
2454 4 2 5 5 359 401 108 283
2455 4 2 5 5 387 388 48 389
2456 4 2 5 5 357 396 214 105
2457 4 2 5 5 443 376 446 445
2458 4 2 5 5 368 61 286 407
2459 4 2 5 5 356 211 400 102
2460 4 2 5 5 397 215 361 292
2461 4 2 5 5 425 145 285 235
2462 4 2 5 5 222 392 300 288
2463 4 2 5 5 106 361 215 292
2464 4 2 5 5 302 62 365 142
2465 4 2 5 5 47 144 301 403
2466 4 2 5 5 228 386 299 227
2467 4 2 5 5 424 395 232 302
2468 4 2 5 5 387 449 440 411
2469 4 2 5 5 292 401 216 107
2470 4 2 5 5 222 392 288 368
2471 4 2 5 5 111 110 58 370
2472 4 2 5 5 374 373 429 446
2473 4 2 5 5 369 57 370 385
2474 4 2 5 5 283 359 401 107
2475 4 2 5 5 298 5 413 109
2476 4 2 5 5 427 2 31 1
2477 4 2 5 5 396 104 357 213
2478 4 2 5 5 400 356 103 212
2479 4 2 5 5 57 58 290 370
2480 4 2 5 5 222 114 288 113
2481 4 2 5 5 216 397 401 292
2482 4 2 5 5 294 365 231 399
2483 4 2 5 5 288 60 61 368
2484 4 2 5 5 60 372 384 392
2485 4 2 5 5 435 55 408 426
2486 4 2 5 5 430 391 450 371
2487 4 2 5 5 403 301 362 234
2488 4 2 5 5 421 365 231 294
2489 4 2 5 5 212 358 291 364
2490 4 2 5 5 364 358 291 213
2491 4 2 5 5 427 362 2 404
2492 4 2 5 5 396 364 291 213
2493 4 2 5 5 212 291 400 364
2494 4 2 5 5 427 362 47 2
2495 4 2 5 5 384 61 60 368
2496 4 2 5 5 360 59 111 112
2497 4 2 5 5 395 233 2 302
2498 4 2 5 5 400 356 284 103
2499 4 2 5 5 368 288 222 223
2500 4 2 5 5 287 285 48 366
2501 4 2 5 5 287 48 49 387
2502 4 2 5 5 427 362 404 47
2503 4 2 5 5 229 366 287 228
2504 4 2 5 5 378 447 375 393
2505 4 2 5 5 449 378 411 389
2506 4 2 5 5 419 144 293 403
2507 4 2 5 5 447 374 375 393
2508 4 2 5 5 394 395 62 365
2509 4 2 5 5 379 402 380 431
2510 4 2 5 5 414 134 8 297
2511 4 2 5 5 426 380 391 398
2512 4 2 5 5 112 220 111 360
2513 4 2 5 5 375 446 373 374
2514 4 2 5 5 286 288 61 368
2515 4 2 5 5 291 400 103 212
2516 4 2 5 5 114 222 288 223
2517 4 2 5 5 138 229 287 228
2518 4 2 5 5 229 138 287 139
2519 4 2 5 5 403 388 293 235
2520 4 2 5 5 52 53 283 406
2521 4 2 5 5 9 114 295 412
2522 4 2 5 5 144 47 293 403
2523 4 2 5 5 136 50 363 137
2524 4 2 5 5 51 136 50 363
2525 4 2 5 5 54 361 106 292
2526 4 2 5 5 388 48 285 366
2527 4 2 5 5 2 427 31 47
2528 4 2 5 5 372 374 438 384
2529 4 2 5 5 432 441 442 415
2530 4 2 5 5 411 387 449 389
2531 4 2 5 5 53 397 406 402
2532 4 2 5 5 363 226 136 227
2533 4 2 5 5 137 363 136 227
2534 4 2 5 5 59 111 58 360
2535 4 2 5 5 365 395 62 302
2536 4 2 5 5 443 441 447 378
2537 4 2 5 5 385 371 391 430
2538 4 2 5 5 443 378 447 375
2539 4 2 5 5 2 439 404 416
2540 4 2 5 5 394 433 374 384
2541 4 2 5 5 366 287 296 229
2542 4 2 5 5 381 437 415 417
2543 4 2 5 5 433 446 447 374
2544 4 2 5 5 385 56 436 398
2545 4 2 5 5 443 378 375 377
2546 4 2 5 5 372 59 360 392
2547 4 2 5 5 385 409 56 398
2548 4 2 5 5 140 399 230 412
2549 4 2 5 5 370 58 360 371
2550 4 2 5 5 397 216 353 292
2551 4 2 5 5 434 379 428 444
2552 4 2 5 5 142 62 365 294
2553 4 2 5 5 220 110 370 219
2554 4 2 5 5 441 377 415 378
2555 4 2 5 5 5 218 23 413
2556 4 2 5 5 377 441 442 443
2557 4 2 5 5 396 291 104 213
2558 4 2 5 5 433 438 446 374
2559 4 2 5 5 427 2 439 404
2560 4 2 5 5 5 218 413 109
2561 4 2 5 5 223 9 25 412
2562 4 2 5 5 8 224 414 24
2563 4 2 5 5 292 283 401 107
2564 4 2 5 5 368 384 61 407
2565 4 2 5 5 398 364 55 396
2566 4 2 5 5 379 451 431 380
2567 4 2 5 5 372 450 448 429
2568 4 2 5 5 380 435 431 408
2569 4 2 5 5 2 362 233 395
2570 4 2 5 5 409 369 57 284
2571 4 2 5 5 376 391 373 445
2572 4 2 5 5 445 450 373 446
2573 4 2 5 5 444 381 428 442
2574 4 2 5 5 441 377 442 415
2575 4 2 5 5 362 301 2 233
2576 4 2 5 5 392 59 360 221
2577 4 2 5 5 384 438 433 374
2578 4 2 5 5 366 388 48 387
2579 4 2 5 5 55 56 364 398
2580 4 2 5 5 368 399 286 412
2581 4 2 5 5 301 143 2 233
2582 4 2 5 5 233 143 2 302
2583 4 2 5 5 48 287 366 387
2584 4 2 5 5 223 368 288 412
2585 4 2 5 5 441 443 377 378
2586 4 2 5 5 366 287 49 387
2587 4 2 5 5 222 300 113 288
2588 4 2 5 5 444 381 379 428
2589 4 2 5 5 290 369 370 219
2590 4 2 5 5 386 366 49 387
2591 4 2 5 5 47 362 389 403
2592 4 2 5 5 446 429 450 373
2593 4 2 5 5 293 419 403 235
2594 4 2 5 5 386 363 50 227
2595 4 2 5 5 286 399 368 407
2596 4 2 5 5 40 41 56 436
2597 4 2 5 5 449 440 48 387
2598 4 2 5 5 437 381 415 442
2599 4 2 5 5 427 393 378 404
2600 4 2 5 5 434 381 379 382
2601 4 2 5 5 55 291 104 396
2602 4 2 5 5 114 9 223 412
2603 4 2 5 5 217 297 401 414
2604 4 2 5 5 444 445 451 376
2605 4 2 5 5 447 446 375 374
2606 4 2 5 5 134 414 8 224
2607 4 2 5 5 434 381 428 379
2608 4 2 5 5 291 55 56 364
2609 4 2 5 5 221 392 59 300
2610 4 2 5 5 393 394 433 374
2611 4 2 5 5 50 363 386 390
2612 4 2 5 5 55 426 398 408
2613 4 2 5 5 435 380 431 451
2614 4 2 5 5 141 294 231 399
2615 4 2 5 5 360 220 58 370
2616 4 2 5 5 285 293 388 235
2617 4 2 5 5 218 369 290 219
2618 4 2 5 5 413 369 400 284
2619 4 2 5 5 2 395 439 416
2620 4 2 5 5 285 388 405 235
2621 4 2 5 5 444 381 377 379
2622 4 2 5 5 299 138 287 228
2623 4 2 5 5 450 372 373 429
2624 4 2 5 5 103 284 400 291
2625 4 2 5 5 434 52 53 37
2626 4 2 5 5 446 429 374 438
2627 4 2 5 5 54 361 397 402
2628 4 2 5 5 446 443 447 375
2629 4 2 5 5 441 427 447 378
2630 4 2 5 5 57 369 409 385
2631 4 2 5 5 286 61 294 407
2632 4 2 5 5 287 139 296 229
2633 4 2 5 5 365 62 394 407
2634 4 2 5 5 215 397 353 292
2635 4 2 5 5 300 392 60 288
2636 4 2 5 5 449 378 427 441
2637 4 2 5 5 432 441 411 440
2638 4 2 5 5 381 444 377 442
2639 4 2 5 5 408 398 55 396
2640 4 2 5 5 287 49 299 386
2641 4 2 5 5 361 54 397 292
2642 4 2 5 5 405 366 296 229
2643 4 2 5 5 391 430 450 445
2644 4 2 5 5 387 48 449 389
2645 4 2 5 5 402 408 380 431
2646 4 2 5 5 376 377 443 375
2647 4 2 5 5 415 437 442 432
2648 4 2 5 5 426 380 398 408
2649 4 2 5 5 360 448 59 372
2650 4 2 5 5 220 110 111 370
2651 4 2 5 5 364 56 409 398
2652 4 2 5 5 288 392 60 368
2653 4 2 5 5 393 427 378 447
2654 4 2 5 5 390 386 49 387
2655 4 2 5 5 433 61 384 394
2656 4 2 5 5 294 141 286 399
2657 4 2 5 5 450 445 373 391
2658 4 2 5 5 413 400 211 102
2659 4 2 5 5 297 217 401 108
2660 4 2 5 5 444 376 451 380
2661 4 2 5 5 397 53 54 402
2662 4 2 5 5 444 377 376 379
2663 4 2 5 5 380 445 391 376
2664 4 2 5 5 404 47 362 389
2665 4 2 5 5 409 56 57 385
2666 4 2 5 5 386 50 299 227
2667 4 2 5 5 48 285 293 388
2668 4 2 5 5 397 54 53 292
2669 4 2 5 5 383 410 367 289
2670 4 2 5 5 296 12 26 139
2671 4 2 5 5 444 380 379 376
2672 4 2 5 5 2 427 439 1
2673 4 2 5 5 62 2 302 395
2674 4 2 5 5 430 445 391 436
2675 4 2 5 5 404 47 389 427
2676 4 2 5 5 62 395 416 439
2677 4 2 5 5 60 59 429 372
2678 4 2 5 5 112 222 221 300
2679 4 2 5 5 426 436 398 391
2680 4 2 5 5 2 47 301 362
2681 4 2 5 5 62 2 395 439
2682 4 2 5 5 300 112 222 113
2683 4 2 5 5 440 441 411 449
2684 4 2 5 5 62 2 439 1
2685 4 2 5 5 402 406 53 382
2686 4 2 5 5 401 297 108 283
2687 4 2 5 5 406 434 53 382
2688 4 2 5 5 374 429 372 438
2689 4 2 5 5 434 52 37 36
2690 4 2 5 5 62 61 394 407
2691 4 2 5 5 434 379 402 382
2692 4 2 5 5 396 55 408 361
2693 4 2 5 5 2 404 362 416
2694 4 2 5 5 435 55 426 39
2695 4 2 5 5 363 226 410 136
2696 4 2 5 5 394 61 384 407
2697 4 2 5 5 378 449 411 441
2698 4 2 5 5 445 380 391 426
2699 4 2 5 5 431 434 444 379
2700 4 2 5 5 435 55 54 408
2701 4 2 5 5 44 59 429 60
2702 4 2 5 5 442 443 444 377
2703 4 2 5 5 49 287 366 386
2704 4 2 5 5 433 447 393 374
2705 4 2 5 5 399 294 365 407
2706 4 2 5 5 134 225 289 224
2707 4 2 5 5 60 59 372 392
2708 4 2 5 5 379 434 402 431
2709 4 2 5 5 145 293 285 235
2710 4 2 5 5 425 285 146 405
2711 4 2 5 5 47 48 293 388
2712 4 2 5 5 291 55 364 396
2713 4 2 5 5 26 296 139 229
2714 4 2 5 5 430 391 385 436
2715 4 2 5 5 112 221 59 300
2716 4 2 5 5 379 451 380 444
2717 4 2 5 5 385 58 370 371
2718 4 2 5 5 58 111 220 360
2719 4 2 5 5 55 54 408 361
2720 4 2 5 5 367 52 383 289
2721 4 2 5 5 134 414 289 297
2722 4 2 5 5 358 291 103 212
2723 4 2 5 5 138 299 137 228
2724 4 2 5 5 228 299 137 227
2725 4 2 5 5 143 233 424 302
2726 4 2 5 5 420 143 301 233
2727 4 2 5 5 436 426 445 391
2728 4 2 5 5 216 353 292 107
2729 4 2 5 5 47 427 449 389
2730 4 2 5 5 217 414 352 297
2731 4 2 5 5 283 401 397 292
2732 4 2 5 5 439 416 394 393
2733 4 2 5 5 225 224 367 289
2734 4 2 5 5 445 426 451 380
2735 4 2 5 5 406 434 52 53
2736 4 2 5 5 415 437 432 417
2737 4 2 5 5 406 434 382 52
2738 4 2 5 5 294 231 421 141
2739 4 2 5 5 55 38 435 54
2740 4 2 5 5 38 55 435 39
2741 4 2 5 5 369 409 400 284
2742 4 2 5 5 1 62 46 439
2743 4 2 5 5 395 2 362 416
2744 4 2 5 5 58 448 360 371
2745 4 2 5 5 230 422 140 412
2746 4 2 5 5 435 380 426 408
2747 4 2 5 5 441 432 411 415
2748 4 2 5 5 389 388 47 403
2749 4 2 5 5 293 47 388 403
2750 4 2 5 5 413 218 369 290
2751 4 2 5 5 291 284 400 364
2752 4 2 5 5 371 385 58 430
2753 4 2 5 5 445 380 451 376
2754 4 2 5 5 382 53 402 434
2755 4 2 5 5 422 295 140 412
2756 4 2 5 5 50 137 299 227
2757 4 2 5 5 31 427 449 47
2758 4 2 5 5 369 57 284 290
2759 4 2 5 5 444 443 376 377
2760 4 2 5 5 59 360 221 112
2761 4 2 5 5 388 47 48 389
2762 4 2 5 5 236 425 146 405
2763 4 2 5 5 379 451 444 431
2764 4 2 5 5 49 440 390 387
2765 4 2 5 5 383 382 381 428
2766 4 2 5 5 431 53 37 434
2767 4 2 5 5 137 50 363 227
2768 4 2 5 5 290 369 57 370
2769 4 2 5 5 32 48 31 449
2770 4 2 5 5 410 51 363 136
2771 4 2 5 5 370 110 290 219
2772 4 2 5 5 284 56 409 364
2773 4 2 5 5 399 286 294 407
2774 4 2 5 5 56 284 291 364
2775 4 2 5 5 434 52 428 382
2776 4 2 5 5 393 427 447 439
2777 4 2 5 5 104 291 358 213
2778 4 2 5 5 434 381 382 428
2779 4 2 5 5 106 215 353 292
2780 4 2 5 5 381 437 428 442
2781 4 2 5 5 403 144 301 234
2782 4 2 5 5 283 397 53 292
2783 4 2 5 5 363 383 51 410
2784 4 2 5 5 442 377 381 415
2785 4 2 5 5 387 440 390 411
2786 4 2 5 5 297 352 217 108
2787 4 2 5 5 409 400 284 364
2788 4 2 5 5 218 290 109 110
2789 4 2 5 5 220 111 58 370
2790 4 2 5 5 48 47 31 449
2791 4 2 5 5 416 395 62 394
2792 4 2 5 5 449 48 47 389
2793 4 2 5 5 417 383 381 428
2794 4 2 5 5 439 433 447 393
2795 4 2 5 5 415 411 441 378
2796 4 2 5 5 224 414 289 134
2797 4 2 5 5 110 218 290 219
2798 4 2 5 5 403 419 144 234
2799 4 2 5 5 289 406 52 283
2800 4 2 5 5 367 410 225 289
2801 4 2 5 5 414 367 224 289
2802 4 2 5 5 383 437 428 417
2803 4 2 5 5 431 53 434 402
2804 4 2 5 5 433 439 394 393
2805 4 2 5 5 225 134 289 135
2806 4 2 5 5 59 44 429 43
2807 4 2 5 5 367 406 52 289
2808 4 2 5 5 52 434 428 36
2809 4 2 5 5 354 413 211 102
2810 4 2 5 5 362 47 301 403
2811 4 2 5 5 226 225 410 135
2812 4 2 5 5 413 354 298 102
2813 4 2 5 5 428 52 383 382
2814 4 2 5 5 287 296 285 405
2815 4 2 5 5 390 432 417 415
2816 4 2 5 5 393 427 439 404
2817 4 2 5 5 59 60 300 392
2818 4 2 5 5 417 383 51 363
2819 4 2 5 5 429 448 372 59
2820 4 2 5 5 419 293 145 235
2821 4 2 5 5 432 437 50 390
2822 4 2 5 5 50 299 49 386
2823 4 2 5 5 285 388 366 405
2824 4 2 5 5 363 50 417 390
2825 4 2 5 5 370 57 58 385
2826 4 2 5 5 49 50 386 390
2827 4 2 5 5 302 232 424 142
2828 4 2 5 5 296 287 366 405
2829 4 2 5 5 437 417 50 390
2830 4 2 5 5 439 404 416 393
2831 4 2 5 5 417 437 432 390
2832 4 2 5 5 390 440 432 411
2833 4 2 5 5 135 410 226 136
2834 4 2 5 5 54 408 361 402
2835 4 2 5 5 38 431 435 54
2836 4 2 5 5 397 406 401 283
2837 4 2 5 5 435 380 451 426
2838 4 2 5 5 289 410 225 135
2839 4 2 5 5 394 62 416 439
2840 4 2 5 5 406 397 53 283
2841 4 2 5 5 366 287 285 405
2842 4 2 5 5 420 301 144 234
2843 4 2 5 5 430 450 448 371
2844 4 2 5 5 448 59 58 360
2845 4 2 5 5 296 146 285 405
2846 4 2 5 5 41 58 430 42
2847 4 2 5 5 383 437 417 51
2848 4 2 5 5 440 48 32 449
2849 4 2 5 5 58 448 371 430
2850 4 2 5 5 437 51 363 417
2851 4 2 5 5 50 34 437 432
2852 4 2 5 5 411 432 390 415
2853 4 2 5 5 381 437 417 428
2854 4 2 5 5 43 59 58 448
2855 4 2 5 5 437 51 50 363
2856 4 2 5 5 429 43 448 59
2857 4 2 5 5 363 417 50 437
2858 4 2 5 5 58 42 43 448
2859 4 2 5 5 437 35 34 50
2860 4 2 5 5 448 58 42 430
2861 4 2 5 5 437 35 50 51
2862 4 2 5 5 405 26 296 418
2863 4 2 5 5 296 26 405 229
2864 4 2 5 5 418 405 146 296
2865 4 2 5 5 146 405 418 236
2866 4 2 5 5 412 288 286 368
2867 4 2 5 5 412 286 288 295
2868 4 2 5 5 413 284 102 298
2869 4 2 5 5 102 284 413 400
2870 4 2 5 5 62 407 294 61
2871 4 2 5 5 294 407 62 365
2872 4 2 5 5 287 386 228 366
2873 4 2 5 5 228 386 287 299
2874 4 2 5 5 383 289 51 410
2875 4 2 5 5 51 289 383 52
2876 4 2 5 5 53 38 431 37
2877 4 2 5 5 40 426 55 39
2878 4 2 5 5 413 290 284 298
2879 4 2 5 5 284 290 413 369
2880 4 2 5 5 53 54 431 38
2881 4 2 5 5 53 431 54 402
2882 4 2 5 5 34 432 49 33
2883 4 2 5 5 440 432 49 390
2884 4 2 5 5 440 49 432 33
2885 4 2 5 5 389 427 378 404
2886 4 2 5 5 389 378 427 449
2887 4 2 5 5 46 433 61 45
2888 4 2 5 5 439 62 433 394
2889 4 2 5 5 439 433 62 46
2890 4 2 5 5 61 433 62 394
2891 4 2 5 5 61 62 433 46
2892 4 2 5 5 55 56 426 40
2893 4 2 5 5 55 426 56 398
2894 4 2 5 5 436 426 56 40
2895 4 2 5 5 436 56 426 398
2896 4 2 5 5 372 429 384 438
2897 4 2 5 5 372 384 429 60
2898 4 2 5 5 33 440 48 32
2899 4 2 5 5 431 408 54 402
2900 4 2 5 5 431 54 408 435
2901 4 2 5 5 433 61 438 384
2902 4 2 5 5 433 438 61 45
2903 4 2 5 5 44 61 438 45
2904 4 2 5 5 49 50 432 34
2905 4 2 5 5 432 50 49 390
2906 4 2 5 5 401 283 289 297
2907 4 2 5 5 401 414 289 367
2908 4 2 5 5 289 414 401 297
2909 4 2 5 5 109 413 290 218
2910 4 2 5 5 109 290 413 298
2911 4 2 5 5 49 440 48 33
2912 4 2 5 5 49 48 440 387
2913 4 2 5 5 412 286 140 399
2914 4 2 5 5 412 140 286 295
2915 4 2 5 5 412 114 288 223
2916 4 2 5 5 412 288 114 295
2917 4 2 5 5 36 428 51 35
2918 4 2 5 5 437 428 51 383
2919 4 2 5 5 437 51 428 35
2920 4 2 5 5 429 60 438 44
2921 4 2 5 5 429 438 60 384
2922 4 2 5 5 61 438 60 44
2923 4 2 5 5 61 60 438 384
2924 4 2 5 5 52 428 51 36
2925 4 2 5 5 52 51 428 383
2926 4 2 5 5 56 57 436 41
2927 4 2 5 5 436 57 56 385
2928 4 2 5 5 57 430 436 41
2929 4 2 5 5 436 430 57 385
2930 4 2 5 5 57 58 430 41
2931 4 2 5 5 430 58 57 385
2932 4 2 5 5 289 401 406 283
2933 4 2 5 5 406 401 289 367
2934 4 2 5 6 569 586 502 590
2935 4 2 5 6 202 350 201 616
2936 4 2 5 6 350 202 203 616
2937 4 2 5 6 569 554 590 623
2938 4 2 5 6 588 590 596 520
2939 4 2 5 6 555 569 556 613
2940 4 2 5 6 520 590 596 623
2941 4 2 5 6 564 556 582 613
2942 4 2 5 6 556 569 502 613
2943 4 2 5 6 554 569 618 623
2944 4 2 5 6 481 587 564 619
2945 4 2 5 6 569 502 485 590
2946 4 2 5 6 556 586 502 569
2947 4 2 5 6 200 201 350 616
2948 4 2 5 6 203 204 350 616
2949 4 2 5 6 567 519 568 595
2950 4 2 5 6 541 589 594 623
2951 4 2 5 6 203 616 202 621
2952 4 2 5 6 502 613 569 618
2953 4 2 5 6 567 568 519 614
2954 4 2 5 6 555 569 613 618
2955 4 2 5 6 481 564 613 619
2956 4 2 5 6 578 480 587 542
2957 4 2 5 6 556 582 481 599
2958 4 2 5 6 588 590 520 503
2959 4 2 5 6 587 481 564 582
2960 4 2 5 6 478 578 577 479
2961 4 2 5 6 586 580 599 502
2962 4 2 5 6 574 591 573 617
2963 4 2 5 6 596 594 589 623
2964 4 2 5 6 582 581 481 566
2965 4 2 5 6 202 201 615 616
2966 4 2 5 6 481 599 582 566
2967 4 2 5 6 596 590 554 623
2968 4 2 5 6 586 580 513 543
2969 4 2 5 6 599 502 481 556
2970 4 2 5 6 485 569 590 623
2971 4 2 5 6 502 481 556 613
2972 4 2 5 6 596 520 589 588
2973 4 2 5 6 578 557 585 478
2974 4 2 5 6 556 481 582 613
2975 4 2 5 6 478 585 578 480
2976 4 2 5 6 564 582 481 613
2977 4 2 5 6 536 537 471 342
2978 4 2 5 6 479 578 577 542
2979 4 2 5 6 599 586 502 556
2980 4 2 5 6 520 485 590 623
2981 4 2 5 6 519 487 568 595
2982 4 2 5 6 502 569 485 618
2983 4 2 5 6 599 481 492 566
2984 4 2 5 6 593 486 573 615
2985 4 2 5 6 586 580 502 513
2986 4 2 5 6 487 614 568 617
2987 4 2 5 6 593 486 615 624
2988 4 2 5 6 581 491 481 566
2989 4 2 5 6 481 587 542 582
2990 4 2 5 6 487 519 568 614
2991 4 2 5 6 502 503 485 590
2992 4 2 5 6 184 248 464 328
2993 4 2 5 6 480 587 481 619
2994 4 2 5 6 502 492 580 599
2995 4 2 5 6 561 578 612 619
2996 4 2 5 6 573 572 486 540
2997 4 2 5 6 21 343 199 613
2998 4 2 5 6 190 530 254 327
2999 4 2 5 6 556 564 548 613
3000 4 2 5 6 589 520 77 588
3001 4 2 5 6 485 618 569 623
3002 4 2 5 6 526 188 470 252
3003 4 2 5 6 492 580 599 566
3004 4 2 5 6 536 471 505 342
3005 4 2 5 6 485 503 520 590
3006 4 2 5 6 475 464 248 328
3007 4 2 5 6 581 481 542 582
3008 4 2 5 6 557 585 478 501
3009 4 2 5 6 589 499 520 623
3010 4 2 5 6 573 591 615 617
3011 4 2 5 6 577 557 578 478
3012 4 2 5 6 578 478 480 479
3013 4 2 5 6 513 502 586 543
3014 4 2 5 6 537 471 342 78
3015 4 2 5 6 568 574 487 617
3016 4 2 5 6 585 478 501 480
3017 4 2 5 6 475 517 464 336
3018 4 2 5 6 590 543 503 588
3019 4 2 5 6 596 589 520 623
3020 4 2 5 6 200 201 616 622
3021 4 2 5 6 340 248 463 184
3022 4 2 5 6 204 203 349 614
3023 4 2 5 6 189 529 253 339
3024 4 2 5 6 542 65 479 581
3025 4 2 5 6 541 499 589 623
3026 4 2 5 6 544 199 343 613
3027 4 2 5 6 567 551 568 614
3028 4 2 5 6 469 454 176 514
3029 4 2 5 6 21 544 343 613
3030 4 2 5 6 542 479 481 581
3031 4 2 5 6 478 577 470 479
3032 4 2 5 6 190 254 529 339
3033 4 2 5 6 329 528 251 477
3034 4 2 5 6 565 585 501 624
3035 4 2 5 6 350 199 200 616
3036 4 2 5 6 350 204 21 616
3037 4 2 5 6 561 578 585 612
3038 4 2 5 6 456 331 514 457
3039 4 2 5 6 492 502 481 599
3040 4 2 5 6 578 587 480 619
3041 4 2 5 6 513 492 468 580
3042 4 2 5 6 514 454 176 456
3043 4 2 5 6 508 534 333 325
3044 4 2 5 6 530 473 254 327
3045 4 2 5 6 533 535 510 341
3046 4 2 5 6 537 536 471 258
3047 4 2 5 6 203 614 204 616
3048 4 2 5 6 64 491 581 566
3049 4 2 5 6 67 528 477 252
3050 4 2 5 6 247 463 183 340
3051 4 2 5 6 495 571 600 501
3052 4 2 5 6 463 497 248 340
3053 4 2 5 6 529 504 253 339
3054 4 2 5 6 480 578 479 542
3055 4 2 5 6 543 505 513 503
3056 4 2 5 6 540 70 71 524
3057 4 2 5 6 513 468 3 580
3058 4 2 5 6 572 71 72 522
3059 4 2 5 6 572 486 540 496
3060 4 2 5 6 201 347 202 615
3061 4 2 5 6 529 254 504 339
3062 4 2 5 6 554 549 550 618
3063 4 2 5 6 70 71 524 469
3064 4 2 5 6 576 575 521 595
3065 4 2 5 6 469 71 524 496
3066 4 2 5 6 593 488 486 624
3067 4 2 5 6 202 616 615 621
3068 4 2 5 6 464 517 249 336
3069 4 2 5 6 180 338 518 461
3070 4 2 5 6 520 515 77 588
3071 4 2 5 6 524 71 540 496
3072 4 2 5 6 567 541 594 623
3073 4 2 5 6 541 576 521 595
3074 4 2 5 6 493 600 557 501
3075 4 2 5 6 328 475 464 336
3076 4 2 5 6 585 571 565 501
3077 4 2 5 6 530 255 473 335
3078 4 2 5 6 507 238 472 457
3079 4 2 5 6 472 331 507 457
3080 4 2 5 6 544 21 602 613
3081 4 2 5 6 514 239 456 457
3082 4 2 5 6 514 240 454 456
3083 4 2 5 6 66 526 253 189
3084 4 2 5 6 501 493 600 495
3085 4 2 5 6 471 505 342 78
3086 4 2 5 6 568 575 595 487
3087 4 2 5 6 65 491 479 581
3088 4 2 5 6 3 536 505 342
3089 4 2 5 6 66 526 470 253
3090 4 2 5 6 560 562 559 622
3091 4 2 5 6 505 543 513 3
3092 4 2 5 6 475 517 336 326
3093 4 2 5 6 78 543 588 503
3094 4 2 5 6 453 452 332 242
3095 4 2 5 6 568 579 574 617
3096 4 2 5 6 498 499 520 589
3097 4 2 5 6 463 247 497 340
3098 4 2 5 6 487 574 553 486
3099 4 2 5 6 69 600 493 495
3100 4 2 5 6 515 520 503 588
3101 4 2 5 6 533 510 63 341
3102 4 2 5 6 575 574 553 487
3103 4 2 5 6 573 591 563 615
3104 4 2 5 6 584 587 578 619
3105 4 2 5 6 589 498 499 76
3106 4 2 5 6 492 513 502 580
3107 4 2 5 6 554 569 549 618
3108 4 2 5 6 501 585 480 612
3109 4 2 5 6 571 495 583 624
3110 4 2 5 6 514 331 472 457
3111 4 2 5 6 492 481 491 566
3112 4 2 5 6 491 64 65 327
3113 4 2 5 6 521 487 519 595
3114 4 2 5 6 518 338 330 461
3115 4 2 5 6 462 75 247 183
3116 4 2 5 6 454 176 70 469
3117 4 2 5 6 534 261 508 333
3118 4 2 5 6 340 475 248 328
3119 4 2 5 6 331 174 459 457
3120 4 2 5 6 332 178 452 453
3121 4 2 5 6 514 176 71 456
3122 4 2 5 6 202 347 597 615
3123 4 2 5 6 339 254 504 327
3124 4 2 5 6 565 612 585 624
3125 4 2 5 6 479 491 481 581
3126 4 2 5 6 71 331 514 456
3127 4 2 5 6 519 567 541 595
3128 4 2 5 6 593 570 540 624
3129 4 2 5 6 568 551 579 614
3130 4 2 5 6 71 572 496 522
3131 4 2 5 6 327 530 473 335
3132 4 2 5 6 518 244 180 461
3133 4 2 5 6 507 331 324 459
3134 4 2 5 6 246 182 460 516
3135 4 2 5 6 185 464 249 336
3136 4 2 5 6 191 255 530 335
3137 4 2 5 6 184 340 248 328
3138 4 2 5 6 453 332 323 494
3139 4 2 5 6 505 471 536 258
3140 4 2 5 6 249 517 466 336
3141 4 2 5 6 338 180 518 465
3142 4 2 5 6 63 468 492 580
3143 4 2 5 6 505 543 78 503
3144 4 2 5 6 72 553 522 489
3145 4 2 5 6 77 475 498 328
3146 4 2 5 6 572 553 573 486
3147 4 2 5 6 3 468 535 341
3148 4 2 5 6 454 469 240 514
3149 4 2 5 6 339 190 254 327
3150 4 2 5 6 578 561 584 619
3151 4 2 5 6 488 583 495 624
3152 4 2 5 6 553 572 522 486
3153 4 2 5 6 533 535 341 196
3154 4 2 5 6 342 536 537 194
3155 4 2 5 6 494 453 332 242
3156 4 2 5 6 3 535 195 341
3157 4 2 5 6 195 536 3 342
3158 4 2 5 6 528 329 67 477
3159 4 2 5 6 527 186 337 250
3160 4 2 5 6 580 3 513 543
3161 4 2 5 6 571 565 501 624
3162 4 2 5 6 553 72 73 489
3163 4 2 5 6 578 480 585 612
3164 4 2 5 6 472 239 514 457
3165 4 2 5 6 522 71 72 472
3166 4 2 5 6 78 515 503 588
3167 4 2 5 6 468 63 3 580
3168 4 2 5 6 547 199 544 613
3169 4 2 5 6 541 589 499 76
3170 4 2 5 6 69 571 600 495
3171 4 2 5 6 585 557 571 501
3172 4 2 5 6 506 475 498 77
3173 4 2 5 6 247 467 75 462
3174 4 2 5 6 336 328 475 326
3175 4 2 5 6 201 615 616 622
3176 4 2 5 6 475 248 497 340
3177 4 2 5 6 523 255 525 335
3178 4 2 5 6 490 575 73 489
3179 4 2 5 6 493 557 478 501
3180 4 2 5 6 593 573 563 615
3181 4 2 5 6 491 64 492 566
3182 4 2 5 6 574 573 486 617
3183 4 2 5 6 593 540 488 624
3184 4 2 5 6 468 510 535 341
3185 4 2 5 6 456 175 331 457
3186 4 2 5 6 571 600 501 557
3187 4 2 5 6 573 553 574 486
3188 4 2 5 6 473 491 65 327
3189 4 2 5 6 572 496 522 486
3190 4 2 5 6 77 498 520 589
3191 4 2 5 6 519 541 567 623
3192 4 2 5 6 502 513 503 543
3193 4 2 5 6 540 488 524 496
3194 4 2 5 6 259 536 3 535
3195 4 2 5 6 21 199 350 616
3196 4 2 5 6 505 536 3 259
3197 4 2 5 6 531 455 511 243
3198 4 2 5 6 455 531 28 243
3199 4 2 5 6 501 495 571 624
3200 4 2 5 6 515 471 506 334
3201 4 2 5 6 482 616 612 619
3202 4 2 5 6 528 67 188 252
3203 4 2 5 6 327 473 64 325
3204 4 2 5 6 474 329 527 251
3205 4 2 5 6 535 536 3 195
3206 4 2 5 6 575 553 73 489
3207 4 2 5 6 203 614 616 621
3208 4 2 5 6 454 70 509 469
3209 4 2 5 6 181 460 516 245
3210 4 2 5 6 579 551 592 614
3211 4 2 5 6 489 487 553 486
3212 4 2 5 6 505 543 3 78
3213 4 2 5 6 64 491 473 327
3214 4 2 5 6 517 475 506 326
3215 4 2 5 6 512 72 522 489
3216 4 2 5 6 518 180 244 465
3217 4 2 5 6 330 476 461 245
3218 4 2 5 6 340 497 475 328
3219 4 2 5 6 185 249 466 336
3220 4 2 5 6 191 525 255 335
3221 4 2 5 6 514 331 71 472
3222 4 2 5 6 63 533 341 196
3223 4 2 5 6 537 342 194 78
3224 4 2 5 6 471 537 334 78
3225 4 2 5 6 204 349 546 614
3226 4 2 5 6 487 521 575 595
3227 4 2 5 6 470 577 66 479
3228 4 2 5 6 553 575 487 489
3229 4 2 5 6 568 574 575 487
3230 4 2 5 6 473 504 254 327
3231 4 2 5 6 575 490 487 489
3232 4 2 5 6 572 72 553 522
3233 4 2 5 6 537 257 471 334
3234 4 2 5 6 333 500 508 325
3235 4 2 5 6 486 487 574 617
3236 4 2 5 6 480 612 578 619
3237 4 2 5 6 512 73 72 489
3238 4 2 5 6 70 540 583 524
3239 4 2 5 6 177 452 454 509
3240 4 2 5 6 517 539 336 326
3241 4 2 5 6 518 330 476 461
3242 4 2 5 6 567 614 519 623
3243 4 2 5 6 334 506 515 77
3244 4 2 5 6 583 570 571 624
3245 4 2 5 6 524 488 583 495
3246 4 2 5 6 468 259 3 535
3247 4 2 5 6 522 496 71 472
3248 4 2 5 6 531 337 186 250
3249 4 2 5 6 552 208 202 344
3250 4 2 5 6 335 508 473 325
3251 4 2 5 6 600 68 69 493
3252 4 2 5 6 481 613 482 619
3253 4 2 5 6 74 575 521 576
3254 4 2 5 6 521 519 499 595
3255 4 2 5 6 471 257 506 334
3256 4 2 5 6 470 67 477 252
3257 4 2 5 6 524 583 70 495
3258 4 2 5 6 540 488 496 486
3259 4 2 5 6 518 507 338 459
3260 4 2 5 6 495 69 70 509
3261 4 2 5 6 332 70 69 509
3262 4 2 5 6 338 518 459 458
3263 4 2 5 6 3 505 259 468
3264 4 2 5 6 564 547 548 613
3265 4 2 5 6 517 539 538 336
3266 4 2 5 6 71 469 514 496
3267 4 2 5 6 67 557 478 493
3268 4 2 5 6 597 603 202 615
3269 4 2 5 6 464 517 475 249
3270 4 2 5 6 464 185 328 336
3271 4 2 5 6 530 327 191 335
3272 4 2 5 6 257 537 539 334
3273 4 2 5 6 452 177 332 509
3274 4 2 5 6 573 615 486 617
3275 4 2 5 6 331 174 324 459
3276 4 2 5 6 178 332 323 453
3277 4 2 5 6 488 583 540 524
3278 4 2 5 6 549 546 550 620
3279 4 2 5 6 585 612 501 624
3280 4 2 5 6 549 618 555 620
3281 4 2 5 6 516 73 330 490
3282 4 2 5 6 339 504 65 327
3283 4 2 5 6 541 521 499 595
3284 4 2 5 6 76 475 497 328
3285 4 2 5 6 539 506 257 334
3286 4 2 5 6 330 476 516 490
3287 4 2 5 6 575 490 521 487
3288 4 2 5 6 497 340 76 328
3289 4 2 5 6 472 331 324 507
3290 4 2 5 6 500 64 473 325
3291 4 2 5 6 509 452 454 241
3292 4 2 5 6 331 71 175 456
3293 4 2 5 6 251 474 329 477
3294 4 2 5 6 544 205 343 199
3295 4 2 5 6 518 476 244 461
3296 4 2 5 6 499 576 521 541
3297 4 2 5 6 535 510 260 533
3298 4 2 5 6 76 498 475 328
3299 4 2 5 6 472 324 72 512
3300 4 2 5 6 473 65 504 327
3301 4 2 5 6 533 63 510 333
3302 4 2 5 6 523 473 255 335
3303 4 2 5 6 64 63 492 566
3304 4 2 5 6 508 532 534 335
3305 4 2 5 6 500 508 261 333
3306 4 2 5 6 189 253 66 339
3307 4 2 5 6 77 334 506 326
3308 4 2 5 6 580 492 63 566
3309 4 2 5 6 470 67 577 478
3310 4 2 5 6 71 540 496 572
3311 4 2 5 6 602 613 21 620
3312 4 2 5 6 324 472 507 512
3313 4 2 5 6 528 187 329 251
3314 4 2 5 6 504 491 65 473
3315 4 2 5 6 565 560 585 612
3316 4 2 5 6 66 253 504 339
3317 4 2 5 6 510 468 63 341
3318 4 2 5 6 203 209 592 344
3319 4 2 5 6 482 613 502 618
3320 4 2 5 6 541 499 519 595
3321 4 2 5 6 331 324 72 472
3322 4 2 5 6 489 553 522 486
3323 4 2 5 6 475 497 498 76
3324 4 2 5 6 544 602 555 613
3325 4 2 5 6 494 68 323 474
3326 4 2 5 6 74 73 516 490
3327 4 2 5 6 331 72 71 472
3328 4 2 5 6 579 614 592 621
3329 4 2 5 6 253 470 66 504
3330 4 2 5 6 510 261 533 333
3331 4 2 5 6 479 66 65 542
3332 4 2 5 6 21 616 204 620
3333 4 2 5 6 603 615 591 621
3334 4 2 5 6 479 577 66 542
3335 4 2 5 6 557 67 68 493
3336 4 2 5 6 183 75 247 340
3337 4 2 5 6 515 498 520 77
3338 4 2 5 6 557 68 600 493
3339 4 2 5 6 592 552 203 344
3340 4 2 5 6 571 69 583 495
3341 4 2 5 6 473 523 508 335
3342 4 2 5 6 70 495 509 469
3343 4 2 5 6 602 549 555 620
3344 4 2 5 6 521 75 576 499
3345 4 2 5 6 559 562 615 622
3346 4 2 5 6 346 200 199 619
3347 4 2 5 6 476 330 73 490
3348 4 2 5 6 468 3 63 341
3349 4 2 5 6 459 518 237 458
3350 4 2 5 6 532 534 335 198
3351 4 2 5 6 539 538 336 192
3352 4 2 5 6 499 541 519 623
3353 4 2 5 6 473 327 335 325
3354 4 2 5 6 549 550 618 620
3355 4 2 5 6 499 519 520 623
3356 4 2 5 6 539 517 506 326
3357 4 2 5 6 247 75 497 340
3358 4 2 5 6 493 494 69 495
3359 4 2 5 6 479 65 66 504
3360 4 2 5 6 511 337 531 250
3361 4 2 5 6 477 474 68 493
3362 4 2 5 6 460 182 74 516
3363 4 2 5 6 589 77 498 76
3364 4 2 5 6 507 324 338 459
3365 4 2 5 6 478 477 67 493
3366 4 2 5 6 494 69 68 493
3367 4 2 5 6 495 70 524 469
3368 4 2 5 6 197 533 534 333
3369 4 2 5 6 334 537 539 193
3370 4 2 5 6 484 614 487 617
3371 4 2 5 6 496 514 71 472
3372 4 2 5 6 541 75 499 576
3373 4 2 5 6 76 77 498 328
3374 4 2 5 6 334 539 506 326
3375 4 2 5 6 568 614 579 617
3376 4 2 5 6 69 70 583 495
3377 4 2 5 6 505 515 503 78
3378 4 2 5 6 467 74 75 462
3379 4 2 5 6 546 209 349 210
3380 4 2 5 6 476 330 516 245
3381 4 2 5 6 488 495 501 624
3382 4 2 5 6 470 188 67 252
3383 4 2 5 6 551 567 550 614
3384 4 2 5 6 555 549 569 618
3385 4 2 5 6 527 329 187 251
3386 4 2 5 6 461 181 330 245
3387 4 2 5 6 334 515 471 78
3388 4 2 5 6 479 491 65 504
3389 4 2 5 6 204 616 614 620
3390 4 2 5 6 502 482 481 613
3391 4 2 5 6 473 491 64 500
3392 4 2 5 6 473 508 500 325
3393 4 2 5 6 261 510 500 333
3394 4 2 5 6 534 508 335 325
3395 4 2 5 6 63 533 196 333
3396 4 2 5 6 194 334 537 78
3397 4 2 5 6 187 329 67 528
3398 4 2 5 6 541 75 76 499
3399 4 2 5 6 500 510 63 333
3400 4 2 5 6 74 575 490 521
3401 4 2 5 6 63 64 492 500
3402 4 2 5 6 207 201 348 558
3403 4 2 5 6 74 73 330 516
3404 4 2 5 6 602 555 613 620
3405 4 2 5 6 565 562 560 624
3406 4 2 5 6 474 68 329 477
3407 4 2 5 6 261 534 533 333
3408 4 2 5 6 467 75 497 247
3409 4 2 5 6 455 337 531 511
3410 4 2 5 6 491 65 64 581
3411 4 2 5 6 515 506 498 77
3412 4 2 5 6 69 68 323 494
3413 4 2 5 6 342 505 3 78
3414 4 2 5 6 538 539 517 256
3415 4 2 5 6 532 508 523 335
3416 4 2 5 6 548 547 544 613
3417 4 2 5 6 474 494 68 493
3418 4 2 5 6 63 64 500 333
3419 4 2 5 6 484 519 487 614
3420 4 2 5 6 492 510 63 500
3421 4 2 5 6 453 337 179 455
3422 4 2 5 6 173 338 459 458
3423 4 2 5 6 515 78 77 588
3424 4 2 5 6 78 334 515 77
3425 4 2 5 6 494 332 69 509
3426 4 2 5 6 497 75 499 76
3427 4 2 5 6 557 577 67 478
3428 4 2 5 6 476 73 512 490
3429 4 2 5 6 482 612 480 619
3430 4 2 5 6 338 180 330 461
3431 4 2 5 6 329 186 337 527
3432 4 2 5 6 481 482 480 619
3433 4 2 5 6 324 73 72 512
3434 4 2 5 6 468 3 505 513
3435 4 2 5 6 576 74 467 521
3436 4 2 5 6 556 548 555 613
3437 4 2 5 6 477 68 67 493
3438 4 2 5 6 546 614 550 620
3439 4 2 5 6 499 498 497 76
3440 4 2 5 6 329 323 68 474
3441 4 2 5 6 262 508 532 534
3442 4 2 5 6 241 454 509 469
3443 4 2 5 6 467 75 576 521
3444 4 2 5 6 207 347 201 559
3445 4 2 5 6 591 603 563 615
3446 4 2 5 6 324 330 73 512
3447 4 2 5 6 66 470 479 504
3448 4 2 5 6 490 73 512 489
3449 4 2 5 6 343 21 22 602
3450 4 2 5 6 554 618 550 623
3451 4 2 5 6 346 598 200 619
3452 4 2 5 6 346 199 598 619
3453 4 2 5 6 471 515 505 78
3454 4 2 5 6 528 251 477 252
3455 4 2 5 6 252 470 526 253
3456 4 2 5 6 510 260 468 535
3457 4 2 5 6 182 75 74 462
3458 4 2 5 6 491 492 64 500
3459 4 2 5 6 72 522 472 512
3460 4 2 5 6 208 552 209 344
3461 4 2 5 6 511 28 531 243
3462 4 2 5 6 250 474 527 251
3463 4 2 5 6 199 200 616 619
3464 4 2 5 6 495 494 69 509
3465 4 2 5 6 483 612 482 616
3466 4 2 5 6 68 67 329 477
3467 4 2 5 6 470 477 67 478
3468 4 2 5 6 596 554 594 623
3469 4 2 5 6 516 330 181 245
3470 4 2 5 6 325 335 534 198
3471 4 2 5 6 192 336 539 326
3472 4 2 5 6 512 330 73 476
3473 4 2 5 6 531 28 511 250
3474 4 2 5 6 462 182 75 183
3475 4 2 5 6 526 66 188 189
3476 4 2 5 6 344 592 552 209
3477 4 2 5 6 453 337 455 511
3478 4 2 5 6 237 507 518 459
3479 4 2 5 6 332 69 323 494
3480 4 2 5 6 465 518 338 458
3481 4 2 5 6 538 466 517 336
3482 4 2 5 6 499 467 75 497
3483 4 2 5 6 482 502 485 618
3484 4 2 5 6 510 63 468 492
3485 4 2 5 6 22 205 343 544
3486 4 2 5 6 577 66 67 470
3487 4 2 5 6 486 615 483 617
3488 4 2 5 6 253 254 504 529
3489 4 2 5 6 74 575 73 490
3490 4 2 5 6 247 246 467 462
3491 4 2 5 6 202 615 603 621
3492 4 2 5 6 333 64 500 325
3493 4 2 5 6 21 613 199 616
3494 4 2 5 6 521 467 75 499
3495 4 2 5 6 555 618 613 620
3496 4 2 5 6 534 197 333 325
3497 4 2 5 6 539 334 193 326
3498 4 2 5 6 200 348 558 206
3499 4 2 5 6 614 618 485 623
3500 4 2 5 6 592 614 203 621
3501 4 2 5 6 548 544 555 613
3502 4 2 5 6 547 613 564 619
3503 4 2 5 6 550 614 567 623
3504 4 2 5 6 564 587 584 619
3505 4 2 5 6 343 544 21 602
3506 4 2 5 6 208 597 347 207
3507 4 2 5 6 254 255 473 530
3508 4 2 5 6 545 345 22 210
3509 4 2 5 6 204 614 546 620
3510 4 2 5 6 552 208 603 202
3511 4 2 5 6 200 616 619 622
3512 4 2 5 6 185 184 464 328
3513 4 2 5 6 327 190 530 191
3514 4 2 5 6 591 574 579 617
3515 4 2 5 6 247 497 248 463
3516 4 2 5 6 323 453 494 511
3517 4 2 5 6 558 348 207 206
3518 4 2 5 6 545 546 549 620
3519 4 2 5 6 340 75 497 76
3520 4 2 5 6 22 544 343 602
3521 4 2 5 6 207 597 347 559
3522 4 2 5 6 188 187 67 528
3523 4 2 5 6 74 181 182 460
3524 4 2 5 6 504 65 66 339
3525 4 2 5 6 461 476 244 245
3526 4 2 5 6 523 262 508 532
3527 4 2 5 6 490 467 74 521
3528 4 2 5 6 323 494 474 511
3529 4 2 5 6 547 199 613 619
3530 4 2 5 6 511 455 453 243
3531 4 2 5 6 453 323 337 511
3532 4 2 5 6 523 525 532 335
3533 4 2 5 6 545 204 546 620
3534 4 2 5 6 565 560 612 624
3535 4 2 5 6 560 612 562 622
3536 4 2 5 6 337 179 323 453
3537 4 2 5 6 173 338 324 459
3538 4 2 5 6 475 248 464 249
3539 4 2 5 6 506 517 539 256
3540 4 2 5 6 576 74 75 467
3541 4 2 5 6 560 561 585 612
3542 4 2 5 6 593 563 562 615
3543 4 2 5 6 205 544 547 199
3544 4 2 5 6 594 550 567 623
3545 4 2 5 6 208 597 603 202
3546 4 2 5 6 614 618 550 620
3547 4 2 5 6 486 483 484 617
3548 4 2 5 6 562 612 560 624
3549 4 2 5 6 200 598 601 619
3550 4 2 5 6 562 593 615 624
3551 4 2 5 6 208 597 202 347
3552 4 2 5 6 480 482 483 612
3553 4 2 5 6 616 617 615 621
3554 4 2 5 6 329 337 323 511
3555 4 2 5 6 592 551 546 614
3556 4 2 5 6 518 244 27 465
3557 4 2 5 6 466 29 517 249
3558 4 2 5 6 486 484 487 617
3559 4 2 5 6 615 616 483 617
3560 4 2 5 6 571 570 565 624
3561 4 2 5 6 18 337 186 531
3562 4 2 5 6 559 615 201 622
3563 4 2 5 6 185 466 19 336
3564 4 2 5 6 191 20 525 335
3565 4 2 5 6 453 494 511 242
3566 4 2 5 6 180 338 17 465
3567 4 2 5 6 516 467 74 490
3568 4 2 5 6 480 483 501 612
3569 4 2 5 6 71 176 175 456
3570 4 2 5 6 176 70 177 454
3571 4 2 5 6 200 206 598 346
3572 4 2 5 6 259 505 536 258
3573 4 2 5 6 598 199 547 619
3574 4 2 5 6 21 613 616 620
3575 4 2 5 6 482 484 616 618
3576 4 2 5 6 474 329 323 511
3577 4 2 5 6 192 193 326 539
3578 4 2 5 6 197 198 325 534
3579 4 2 5 6 482 485 484 618
3580 4 2 5 6 601 619 561 622
3581 4 2 5 6 550 594 554 623
3582 4 2 5 6 612 616 615 622
3583 4 2 5 6 483 488 501 624
3584 4 2 5 6 483 482 484 616
3585 4 2 5 6 174 173 324 459
3586 4 2 5 6 179 178 323 453
3587 4 2 5 6 469 241 454 240
3588 4 2 5 6 200 619 601 622
3589 4 2 5 6 29 538 466 517
3590 4 2 5 6 465 27 518 458
3591 4 2 5 6 466 538 19 336
3592 4 2 5 6 532 525 20 335
3593 4 2 5 6 18 337 531 455
3594 4 2 5 6 465 338 17 458
3595 4 2 5 6 346 205 598 199
3596 4 2 5 6 539 506 256 257
3597 4 2 5 6 485 614 484 618
3598 4 2 5 6 239 472 238 457
3599 4 2 5 6 550 546 551 614
3600 4 2 5 6 507 237 238 459
3601 4 2 5 6 614 617 616 621
3602 4 2 5 6 562 570 593 624
3603 4 2 5 6 202 552 344 621
3604 4 2 5 6 558 207 201 559
3605 4 2 5 6 460 246 516 245
3606 4 2 5 6 345 22 21 602
3607 4 2 5 6 483 501 612 624
3608 4 2 5 6 602 21 345 620
3609 4 2 5 6 614 616 484 618
3610 4 2 5 6 203 344 552 621
3611 4 2 5 6 523 255 30 525
3612 4 2 5 6 545 204 345 210
3613 4 2 5 6 565 570 562 624
3614 4 2 5 6 540 70 86 87
3615 4 2 5 6 70 540 71 87
3616 4 2 5 6 484 614 485 623
3617 4 2 5 6 597 563 603 615
3618 4 2 5 6 463 183 340 184
3619 4 2 5 6 190 529 189 339
3620 4 2 5 6 94 543 3 4
3621 4 2 5 6 552 591 579 621
3622 4 2 5 6 88 89 553 72
3623 4 2 5 6 75 541 76 92
3624 4 2 5 6 602 345 545 620
3625 4 2 5 6 81 542 65 82
3626 4 2 5 6 259 468 260 535
3627 4 2 5 6 552 579 592 621
3628 4 2 5 6 612 615 562 622
3629 4 2 5 6 550 618 614 623
3630 4 2 5 6 27 237 518 458
3631 4 2 5 6 198 20 335 532
3632 4 2 5 6 19 192 336 538
3633 4 2 5 6 552 603 591 621
3634 4 2 5 6 579 617 614 621
3635 4 2 5 6 546 349 204 210
3636 4 2 5 6 525 20 30 532
3637 4 2 5 6 17 27 465 458
3638 4 2 5 6 538 19 29 466
3639 4 2 5 6 206 558 200 601
3640 4 2 5 6 482 613 616 619
3641 4 2 5 6 204 545 546 210
3642 4 2 5 6 581 542 65 81
3643 4 2 5 6 484 483 616 617
3644 4 2 5 6 541 92 589 76
3645 4 2 5 6 76 589 77 92
3646 4 2 5 6 584 547 564 619
3647 4 2 5 6 552 202 603 621
3648 4 2 5 6 78 543 3 94
3649 4 2 5 6 243 453 511 242
3650 4 2 5 6 616 618 614 620
3651 4 2 5 6 597 559 563 615
3652 4 2 5 6 553 575 73 89
3653 4 2 5 6 553 89 73 72
3654 4 2 5 6 581 65 64 81
3655 4 2 5 6 204 545 345 620
3656 4 2 5 6 205 598 206 346
3657 4 2 5 6 86 69 583 85
3658 4 2 5 6 589 93 77 92
3659 4 2 5 6 4 63 580 3
3660 4 2 5 6 205 547 598 199
3661 4 2 5 6 71 88 572 72
3662 4 2 5 6 517 29 538 256
3663 4 2 5 6 201 348 558 622
3664 4 2 5 6 199 616 613 619
3665 4 2 5 6 615 617 591 621
3666 4 2 5 6 560 559 558 622
3667 4 2 5 6 18 179 337 455
3668 4 2 5 6 562 615 612 624
3669 4 2 5 6 193 194 334 537
3670 4 2 5 6 196 197 333 533
3671 4 2 5 6 173 17 338 458
3672 4 2 5 6 69 571 85 600
3673 4 2 5 6 64 80 581 81
3674 4 2 5 6 559 562 563 615
3675 4 2 5 6 69 571 583 85
3676 4 2 5 6 552 592 203 621
3677 4 2 5 6 90 73 575 89
3678 4 2 5 6 204 345 21 620
3679 4 2 5 6 509 242 452 241
3680 4 2 5 6 510 261 260 533
3681 4 2 5 6 69 86 583 70
3682 4 2 5 6 471 257 537 258
3683 4 2 5 6 4 543 3 580
3684 4 2 5 6 484 519 614 623
3685 4 2 5 6 87 540 71 572
3686 4 2 5 6 601 584 561 619
3687 4 2 5 6 88 71 572 87
3688 4 2 5 6 591 617 579 621
3689 4 2 5 6 483 615 612 616
3690 4 2 5 6 602 345 22 545
3691 4 2 5 6 4 63 79 580
3692 4 2 5 6 80 566 63 64
3693 4 2 5 6 484 485 519 623
3694 4 2 5 6 75 541 92 91
3695 4 2 5 6 542 66 65 82
3696 4 2 5 6 601 561 558 622
3697 4 2 5 6 240 514 239 456
3698 4 2 5 6 93 77 78 588
3699 4 2 5 6 612 619 616 622
3700 4 2 5 6 68 85 600 69
3701 4 2 5 6 558 559 201 622
3702 4 2 5 6 181 330 180 461
3703 4 2 5 6 186 329 187 527
3704 4 2 5 6 566 80 63 79
3705 4 2 5 6 601 558 200 622
3706 4 2 5 6 200 558 348 622
3707 4 2 5 6 94 93 78 588
3708 4 2 5 6 200 206 601 598
3709 4 2 5 6 202 344 203 621
3710 4 2 5 6 508 262 261 534
3711 4 2 5 6 485 520 519 623
3712 4 2 5 6 28 18 531 455
3713 4 2 5 6 201 200 348 622
3714 4 2 5 6 614 484 616 617
3715 4 2 5 6 195 196 341 535
3716 4 2 5 6 194 195 342 536
3717 4 2 5 6 85 68 600 84
3718 4 2 5 6 561 619 612 622
3719 4 2 5 6 602 545 549 620
3720 4 2 5 6 482 616 613 618
3721 4 2 5 6 262 523 30 532
3722 4 2 5 6 525 30 523 532
3723 4 2 5 6 540 70 583 86
3724 4 2 5 6 73 90 575 74
3725 4 2 5 6 543 78 588 94
3726 4 2 5 6 174 331 175 457
3727 4 2 5 6 178 177 332 452
3728 4 2 5 6 561 560 558 622
3729 4 2 5 6 572 553 72 88
3730 4 2 5 6 80 566 64 581
3731 4 2 5 6 84 83 68 557
3732 4 2 5 6 561 612 560 622
3733 4 2 5 6 79 580 63 566
3734 4 2 5 6 601 598 584 619
3735 4 2 5 6 584 598 547 619
3736 4 2 5 6 613 618 616 620
3737 4 2 5 6 589 77 93 588
3738 4 2 5 6 542 577 66 82
3739 4 2 5 6 541 75 576 91
3740 4 2 5 6 83 67 68 557
3741 4 2 5 6 600 84 68 557
3742 4 2 5 6 575 90 576 74
3743 4 2 5 6 483 612 615 624
3744 4 2 5 6 90 91 576 75
3745 4 2 5 6 577 67 83 557
3746 4 2 5 6 66 577 83 82
3747 4 2 5 6 90 576 74 75
3748 4 2 5 6 577 67 66 83
3749 4 2 5 6 480 542 481 587
3750 4 2 5 6 481 542 480 479
3751 4 2 5 6 486 593 540 488
3752 4 2 5 6 486 540 593 573
3753 4 2 5 6 502 543 590 586
3754 4 2 5 6 590 543 502 503
3755 4 2 5 6 457 507 459 331
3756 4 2 5 6 457 459 507 238
3757 4 2 5 6 469 71 176 70
3758 4 2 5 6 176 71 469 514
3759 4 2 5 6 614 349 592 203
3760 4 2 5 6 614 592 349 546
3761 4 2 5 6 209 592 349 203
3762 4 2 5 6 209 349 592 546
3763 4 2 5 6 188 470 66 526
3764 4 2 5 6 66 470 188 67
3765 4 2 5 6 509 177 70 454
3766 4 2 5 6 509 70 177 332
3767 4 2 5 6 332 242 509 494
3768 4 2 5 6 509 242 332 452
3769 4 2 5 6 624 540 583 570
3770 4 2 5 6 624 583 540 488
3771 4 2 5 6 516 181 74 460
3772 4 2 5 6 516 74 181 330
3773 4 2 5 6 326 475 77 328
3774 4 2 5 6 326 77 475 506
3775 4 2 5 6 246 462 516 467
3776 4 2 5 6 246 516 462 182
3777 4 2 5 6 74 516 462 467
3778 4 2 5 6 74 462 516 182
3779 4 2 5 6 559 347 615 597
3780 4 2 5 6 559 615 347 201
3781 4 2 5 6 624 486 483 488
3782 4 2 5 6 624 483 486 615
3783 4 2 5 6 518 330 507 476
3784 4 2 5 6 518 507 330 338
3785 4 2 5 6 324 330 507 338
3786 4 2 5 6 511 250 527 337
3787 4 2 5 6 527 250 511 474
3788 4 2 5 6 527 329 511 337
3789 4 2 5 6 511 329 527 474
3790 4 2 5 6 330 507 512 324
3791 4 2 5 6 330 512 507 476
$EndElements
